customerID;gender;SeniorCitizen;Partner;PhoneService;MultipleLines;InternetService;OnlineSecurity;OnlineBackup;DeviceProtection;Contract;PaperlessBilling;PaymentMethod;MonthlyCharges;TotalCharges;num_orders;avg_order_value;cancel_rating;avg_rating;voucher_usage_rate;loyalty_tier;age;city_zone;inactive_days;Churn_food
7590-VHVEG;Female;0;1;0;No phone service;DSL;0;1;0;Month-to-month;1;Electronic check;2985;2985;3;239869;0,05;3,6;0,34;Bronze;31;Urban;59;1
5575-GNVDE;Male;0;0;1;0;DSL;1;0;1;One year;0;Mailed check;5695;18895;197;217521;0,14;4,8;0,64;Gold;47;Suburban;33;0
3668-QPYBK;Male;0;0;1;0;DSL;1;1;0;Month-to-month;1;Mailed check;5385;10815;9;212797;0,02;3,8;0,03;Bronze;48;Urban;58;1
7795-CFOCW;Male;0;0;0;No phone service;DSL;1;0;1;One year;0;Bank transfer (automatic);423;184075;197;161406;0,25;3,8;0,59;Silver;27;Urban;7;1
9237-HQITU;Female;0;0;1;0;Fiber optic;0;0;0;Month-to-month;1;Electronic check;707;15165;5;89304;0,14;3,8;0,28;Bronze;23;Urban;5;0
9305-CDSKC;Female;0;0;1;1;Fiber optic;0;0;1;Month-to-month;1;Electronic check;9965;8205;20;205555;0,18;3,2;0,67;Silver;44;Rural;31;1
1452-KIOVK;Male;0;0;1;1;Fiber optic;0;1;0;Month-to-month;1;Credit card (automatic);891;19494;49;224735;0,08;5;0,14;Bronze;28;Rural;27;0
6713-OKOMC;Female;0;0;0;No phone service;DSL;1;0;0;Month-to-month;0;Mailed check;2975;3019;54;150320;0,19;3,3;0,74;Platinum;53;Urban;10;1
7892-POOKP;Female;0;1;1;1;Fiber optic;0;0;1;Month-to-month;1;Electronic check;1048;304605;123;174488;0,03;3,7;0,65;Bronze;27;Urban;27;1
6388-TABGU;Male;0;0;1;0;DSL;1;1;0;One year;0;Bank transfer (automatic);5615;348795;299;155591;0,01;3,6;0,97;Silver;33;Urban;31;0
9763-GRSKD;Male;0;1;1;0;DSL;1;0;0;Month-to-month;1;Mailed check;4995;58745;27;175044;0,27;3,1;0,91;Gold;41;Urban;40;1
7469-LKBCI;Male;0;0;1;0;0;No internet service;No internet service;No internet service;Two year;0;Credit card (automatic);1895;3268;94;223748;0,17;3,3;0,28;Silver;38;Urban;7;1
8091-TTVAX;Male;0;1;1;1;Fiber optic;0;0;1;One year;0;Credit card (automatic);10035;56811;309;105192;0,08;3,1;0,03;Silver;53;Urban;19;1
0280-XJGEX;Male;0;0;1;1;Fiber optic;0;1;1;Month-to-month;1;Bank transfer (automatic);1037;50363;139;235794;0,29;3,6;0,66;Silver;40;Suburban;23;1
5129-JLPIS;Male;0;0;1;0;Fiber optic;1;0;1;Month-to-month;1;Electronic check;1055;268605;68;218518;0,15;4,7;0,06;Silver;38;Suburban;51;1
3655-SNQYZ;Female;0;1;1;1;Fiber optic;1;1;1;Two year;0;Credit card (automatic);11325;789515;188;199304;0,01;3,7;0,03;Gold;49;Urban;26;0
8191-XWSZG;Female;0;0;1;0;0;No internet service;No internet service;No internet service;One year;0;Mailed check;2065;102295;167;215797;0,05;3,2;0,12;Bronze;34;Suburban;46;1
9959-WOFKT;Male;0;0;1;1;Fiber optic;1;0;1;Two year;0;Bank transfer (automatic);1067;738225;291;168207;0,07;4,3;0,58;Gold;34;Urban;52;1
4190-MFLUW;Female;0;1;1;0;DSL;0;0;1;Month-to-month;0;Credit card (automatic);552;52835;37;153741;0,25;5;0,91;Silver;38;Urban;58;1
4183-MYFRB;Female;0;0;1;0;Fiber optic;0;1;1;Month-to-month;1;Electronic check;9005;18629;66;96365;0,18;3,5;0,91;Gold;21;Suburban;57;1
8779-QRDMV;Male;1;0;0;No phone service;DSL;0;0;1;Month-to-month;1;Electronic check;3965;3965;4;145792;0,27;3,6;0,15;Bronze;40;Urban;10;1
1680-VDCWW;Male;0;1;1;0;0;No internet service;No internet service;No internet service;One year;0;Bank transfer (automatic);198;20225;30;226776;0,07;4,9;0,38;Gold;42;Urban;46;1
1066-JKSGK;Male;0;0;1;0;0;No internet service;No internet service;No internet service;Month-to-month;0;Mailed check;2015;2015;3;130575;0,04;3,4;0,04;Bronze;49;Urban;22;1
3638-WEABW;Female;0;1;1;1;DSL;0;1;0;Two year;1;Credit card (automatic);599;35051;200;240974;0;4;0,47;Gold;23;Rural;21;0
6322-HRPFA;Male;0;1;1;0;DSL;1;1;0;Month-to-month;0;Credit card (automatic);596;29703;187;199641;0,15;3,5;0,75;Silver;31;Suburban;4;0
6865-JZNKO;Female;0;0;1;0;DSL;1;1;0;Month-to-month;1;Bank transfer (automatic);553;15306;154;212267;0,03;4,9;0,79;Silver;33;Urban;47;1
6467-CHFZW;Male;0;1;1;1;Fiber optic;0;1;0;Month-to-month;1;Electronic check;9935;474915;131;133517;0,21;5;0,05;Silver;49;Suburban;33;1
8665-UTDHZ;Male;0;1;0;No phone service;DSL;0;1;0;Month-to-month;0;Electronic check;302;302;4;114012;0,09;4,6;0,01;Bronze;33;Urban;30;1
5248-YGIJN;Male;0;1;1;1;DSL;1;1;1;Two year;1;Credit card (automatic);9025;636945;314;222487;0,26;3,6;0,38;Silver;36;Rural;46;1
8773-HHUOZ;Female;0;0;1;0;DSL;0;0;0;Month-to-month;1;Mailed check;647;10931;37;101686;0,23;3,8;0,93;Bronze;54;Suburban;36;1
3841-NFECX;Female;1;1;1;1;Fiber optic;1;1;1;Two year;1;Credit card (automatic);9635;676695;314;239815;0;3,5;0,23;Silver;38;Urban;46;1
4929-XIHVW;Male;1;1;1;0;Fiber optic;0;0;1;Month-to-month;1;Credit card (automatic);955;18165;5;112161;0,25;4,8;0,32;Gold;32;Suburban;25;1
6827-IEAUQ;Female;0;1;1;0;DSL;1;1;1;One year;0;Mailed check;6615;187445;61;82402;0,09;4,8;0,75;Bronze;43;Suburban;22;0
7310-EGVHZ;Male;0;0;1;0;0;No internet service;No internet service;No internet service;Month-to-month;0;Bank transfer (automatic);202;202;5;143190;0,04;3,8;0,73;Silver;47;Suburban;42;0
3413-BMNZE;Male;1;0;1;0;DSL;0;0;0;Month-to-month;0;Bank transfer (automatic);4525;4525;5;93275;0,07;4,3;0,91;Silver;32;Suburban;37;0
6234-RAAPL;Female;0;1;1;1;Fiber optic;1;1;0;Two year;0;Bank transfer (automatic);999;72517;376;239254;0,14;3,3;0,39;Bronze;30;Urban;37;1
6047-YHPVI;Male;0;0;1;0;Fiber optic;0;0;0;Month-to-month;1;Electronic check;697;3169;16;94915;0,13;3,9;0,51;Platinum;44;Urban;31;0
6572-ADKRS;Female;0;0;1;0;Fiber optic;0;0;1;Month-to-month;1;Credit card (automatic);748;35483;109;80909;0,09;4,3;0,47;Silver;40;Urban;4;0
5380-WJKOV;Male;0;0;1;1;Fiber optic;0;1;1;Month-to-month;1;Electronic check;10635;354925;161;194110;0,05;3,8;0,93;Bronze;51;Urban;24;0
8168-UQWWF;Female;0;0;1;1;Fiber optic;0;0;1;Month-to-month;1;Bank transfer (automatic);9785;11054;41;145908;0,23;3,7;0,77;Bronze;51;Urban;32;1
8865-TNMNX;Male;0;1;1;0;DSL;0;1;0;One year;0;Mailed check;4955;4757;24;207337;0,03;3;0,83;Silver;40;Urban;51;1
9489-DEDVP;Female;0;1;1;1;DSL;1;1;0;Two year;1;Credit card (automatic);692;487235;278;102620;0,23;4,6;0,13;Bronze;37;Urban;6;1
9867-JCZSP;Female;0;1;1;0;0;No internet service;No internet service;No internet service;One year;0;Mailed check;2075;41825;36;114112;0,09;4,8;0,79;Bronze;26;Suburban;15;0
4671-VJLCL;Female;0;0;1;1;DSL;1;1;1;Two year;1;Credit card (automatic);7985;486145;355;82431;0,07;4,9;0,43;Bronze;37;Suburban;48;1
4080-IIARD;Female;0;1;1;1;DSL;1;1;0;Month-to-month;1;Electronic check;762;98145;39;166590;0,07;4,4;0,02;Silver;31;Urban;28;0
3714-NTNFO;Female;0;0;1;1;Fiber optic;0;0;0;Month-to-month;1;Electronic check;845;39067;227;142175;0,04;4,1;0,06;Silver;43;Urban;59;1
5948-UJZLF;Male;0;0;1;0;DSL;0;1;0;Month-to-month;0;Mailed check;4925;970;6;197472;0,17;3,5;0,68;Bronze;44;Urban;58;1
7760-OYPDY;Female;0;0;1;0;Fiber optic;0;0;0;Month-to-month;1;Electronic check;8065;14415;8;112624;0,18;5;0,37;Silver;51;Suburban;14;0
7639-LIAYI;Male;0;0;1;1;DSL;1;0;0;Two year;1;Credit card (automatic);7975;42178;217;141264;0,21;4,2;0,87;Platinum;46;Urban;19;1
2954-PIBKO;Female;0;1;1;1;DSL;1;0;1;Two year;1;Credit card (automatic);6415;42541;189;193766;0,02;4,4;0,73;Platinum;49;Rural;21;0
8012-SOUDQ;Female;1;0;1;1;Fiber optic;0;1;0;Month-to-month;1;Electronic check;9025;383875;252;243030;0,09;4,4;0,02;Gold;22;Suburban;9;0
9420-LOJKX;Female;0;0;1;0;Fiber optic;1;1;0;Month-to-month;1;Credit card (automatic);991;14264;76;212767;0,01;4,7;0,69;Gold;21;Suburban;7;0
6575-SUVOI;Female;1;1;1;1;DSL;1;0;0;Month-to-month;1;Credit card (automatic);695;175265;143;180211;0,02;3;0,19;Bronze;40;Urban;54;1
7495-OOKFY;Female;1;1;1;1;Fiber optic;0;1;0;Month-to-month;1;Credit card (automatic);8065;6333;44;199502;0,01;3,4;0,42;Bronze;38;Urban;31;1
4667-QONEA;Female;1;1;1;0;DSL;1;1;1;One year;1;Credit card (automatic);7485;445635;263;124225;0,06;4,3;0,62;Silver;50;Rural;27;0
1658-BYGOY;Male;1;0;1;1;Fiber optic;0;0;0;Month-to-month;1;Electronic check;9545;175255;102;212475;0,11;4,8;0,87;Silver;41;Urban;8;0
8769-KKTPH;Female;0;1;1;1;Fiber optic;1;0;0;One year;1;Credit card (automatic);9965;63112;148;249708;0,08;4,4;0,46;Gold;33;Urban;30;0
5067-XJQFU;Male;1;1;1;1;Fiber optic;0;1;1;One year;1;Electronic check;10845;707635;183;90839;0,03;3,8;0,81;Bronze;49;Urban;22;0
3957-SQXML;Female;0;1;1;1;0;No internet service;No internet service;No internet service;Two year;0;Credit card (automatic);2495;8943;74;220302;0,25;3,7;0,78;Silver;36;Urban;18;1
5954-BDFSG;Female;0;0;1;1;Fiber optic;0;0;1;Two year;1;Credit card (automatic);1075;78537;237;131977;0,26;4,5;0,41;Silver;43;Suburban;31;1
0434-CSFON;Female;0;1;1;1;Fiber optic;0;0;1;Month-to-month;1;Electronic check;1005;47071;167;193050;0,07;4,5;0,05;Silver;20;Urban;9;0
1215-FIGMP;Male;0;0;1;1;Fiber optic;0;1;0;Month-to-month;1;Bank transfer (automatic);899;54507;185;105651;0,02;4,2;0,07;Silver;52;Suburban;19;0
0526-SXDJP;Male;0;1;0;No phone service;DSL;1;1;1;Two year;0;Bank transfer (automatic);421;29620;382;177919;0,22;3,6;0,03;Bronze;35;Suburban;34;1
0557-ASKVU;Female;0;1;1;0;DSL;0;0;1;One year;1;Credit card (automatic);544;9571;61;119963;0,06;4,9;0,89;Platinum;24;Urban;56;1
5698-BQJOH;Female;0;0;1;1;Fiber optic;0;0;0;Month-to-month;0;Electronic check;944;85725;28;197776;0,12;4,1;0,77;Silver;49;Suburban;30;0
5122-CYFXA;Female;0;0;1;0;DSL;0;1;0;Month-to-month;1;Electronic check;753;2441;12;159198;0,02;4,6;0,25;Silver;41;Rural;10;0
8627-ZYGSZ;Male;0;1;1;1;Fiber optic;0;1;0;One year;1;Electronic check;789;365035;120;224811;0,07;3,4;0,98;Bronze;33;Rural;42;1
3410-YOQBQ;Female;0;0;1;0;DSL;0;1;1;Two year;0;Mailed check;792;24972;161;210697;0,24;3,7;0,18;Silver;41;Suburban;39;1
3170-NMYVV;Female;0;1;1;0;0;No internet service;No internet service;No internet service;Two year;0;Bank transfer (automatic);2015;9309;114;143294;0,24;4,7;0,91;Bronze;21;Urban;9;1
7410-OIEDU;Male;0;0;1;0;Fiber optic;1;0;1;Month-to-month;1;Mailed check;7985;88735;59;81789;0,06;3,1;0,32;Bronze;49;Urban;8;1
2273-QCKXA;Male;0;0;1;0;DSL;0;0;0;Month-to-month;0;Mailed check;4905;4905;5;230492;0,01;4;0,76;Bronze;51;Urban;41;0
0731-EBJQB;Female;0;1;1;0;0;No internet service;No internet service;No internet service;One year;1;Electronic check;204;109065;145;169297;0,04;4;0,46;Bronze;36;Urban;9;0
1891-QRQSA;Male;1;1;1;1;Fiber optic;1;0;1;Two year;1;Bank transfer (automatic);1116;70990;129;248678;0,02;4,5;0,74;Silver;31;Urban;49;1
8028-PNXHQ;Male;0;1;1;1;0;No internet service;No internet service;No internet service;Two year;1;Bank transfer (automatic);2425;14246;326;249712;0,03;3,6;0,16;Bronze;30;Urban;36;1
5630-AHZIL;Female;0;0;1;0;DSL;1;0;0;Month-to-month;1;Bank transfer (automatic);645;1774;14;198341;0,02;3,4;0,27;Gold;39;Urban;36;1
2673-CXQEU;Female;1;0;1;1;Fiber optic;1;1;1;One year;0;Electronic check;1105;61395;275;124135;0,16;4,9;0,01;Bronze;48;Urban;6;0
6416-JNVRK;Female;0;0;1;0;DSL;0;0;0;One year;0;Credit card (automatic);5565;268885;233;117067;0,23;4,1;0,87;Bronze;47;Urban;19;1
5590-ZSKRV;Female;0;1;1;0;DSL;1;1;0;Month-to-month;0;Mailed check;5465;48225;18;97357;0,25;3,2;0,03;Gold;40;Urban;19;1
0191-ZHSKZ;Male;1;0;1;0;DSL;1;1;0;Month-to-month;1;Electronic check;7475;21113;103;118262;0,24;3,4;0,69;Bronze;29;Suburban;7;1
3887-PBQAO;Female;0;1;1;1;0;No internet service;No internet service;No internet service;One year;1;Credit card (automatic);259;12166;110;138643;0;5;0,82;Bronze;31;Urban;16;0
5919-TMRGD;Female;0;0;1;0;Fiber optic;0;0;0;Month-to-month;1;Electronic check;7935;7935;5;232606;0,06;3,4;0,09;Bronze;53;Suburban;37;1
8108-UXRQN;Female;0;1;0;No phone service;DSL;1;0;0;Month-to-month;0;Electronic check;5055;56535;49;171270;0,02;4,2;0,11;Gold;25;Suburban;24;0
9191-MYQKX;Female;0;1;1;0;Fiber optic;0;0;1;Month-to-month;1;Bank transfer (automatic);7515;4969;23;243944;0,11;3,8;0,89;Gold;41;Urban;12;0
9919-YLNNG;Female;0;0;1;0;Fiber optic;0;1;1;Month-to-month;1;Bank transfer (automatic);1038;43275;94;218761;0,29;4,8;0,02;Bronze;20;Rural;44;1
0318-ZOPWS;Female;0;1;1;0;0;No internet service;No internet service;No internet service;Two year;1;Bank transfer (automatic);2015;97335;158;149103;0,02;4,5;0,74;Silver;31;Suburban;12;0
4445-ZJNMU;Male;0;0;1;1;Fiber optic;0;1;0;Month-to-month;1;Credit card (automatic);993;91875;29;166268;0,29;4,2;0,73;Silver;28;Urban;47;1
4808-YNLEU;Female;0;1;1;0;DSL;1;0;0;One year;1;Bank transfer (automatic);6215;221545;172;166310;0,06;3;0,01;Platinum;45;Urban;1;1
1862-QRWPE;Female;0;1;1;0;0;No internet service;No internet service;No internet service;Two year;0;Bank transfer (automatic);2065;10570;218;117412;0,26;4,8;0,22;Bronze;40;Suburban;36;1
2796-NNUFI;Female;0;1;1;0;0;No internet service;No internet service;No internet service;Two year;1;Mailed check;1995;9271;255;127734;0,01;3,9;0,49;Gold;35;Urban;41;0
3016-KSVCP;Male;0;1;0;No phone service;DSL;0;0;0;Month-to-month;0;Mailed check;3375;100925;112;167793;0,03;4,9;0,42;Bronze;37;Urban;41;1
4767-HZZHQ;Male;0;1;1;0;Fiber optic;0;1;1;Month-to-month;0;Bank transfer (automatic);8205;25702;74;102228;0,05;4;0,92;Bronze;50;Rural;56;1
2424-WVHPL;Male;1;0;1;0;Fiber optic;0;0;0;Month-to-month;0;Electronic check;747;747;4;200627;0,15;4,4;0,36;Bronze;19;Suburban;10;1
7233-PAHHL;Male;0;1;1;1;DSL;1;0;1;Two year;1;Mailed check;840;571425;332;157924;0,24;3,1;0,94;Gold;54;Suburban;59;1
6067-NGCEU;Female;0;0;1;1;Fiber optic;1;1;1;Month-to-month;1;Credit card (automatic);11105;71070;275;91319;0,13;4,5;0,46;Silver;43;Suburban;19;0
9848-JQJTX;Male;0;0;1;1;Fiber optic;0;1;1;Two year;1;Bank transfer (automatic);1009;745905;366;86475;0,14;3,7;0,96;Silver;19;Suburban;56;1
8637-XJIVR;Female;0;0;1;1;Fiber optic;1;0;0;Month-to-month;1;Electronic check;7895;92735;47;225800;0,03;3,7;0,74;Silver;20;Urban;55;1
9803-FTJCG;Male;0;1;1;1;DSL;1;1;0;One year;1;Credit card (automatic);6685;47487;290;109545;0,13;3,2;0,83;Silver;37;Urban;8;1
0278-YXOOG;Male;0;0;1;0;0;No internet service;No internet service;No internet service;Month-to-month;0;Mailed check;2105;11385;18;176636;0,18;3,3;0,01;Gold;27;Suburban;44;1
3212-KXOCR;Male;0;0;1;0;0;No internet service;No internet service;No internet service;Two year;0;Bank transfer (automatic);210;11072;109;249771;0,02;3,4;0,59;Bronze;38;Urban;44;1
4598-XLKNJ;Female;1;1;1;0;Fiber optic;0;1;1;Month-to-month;1;Electronic check;985;25145;60;247893;0,25;3,7;0,14;Silver;26;Urban;28;1
6380-ARCEH;Male;0;0;1;0;0;No internet service;No internet service;No internet service;Month-to-month;0;Mailed check;202;202;2;110615;0,19;4,8;0,03;Bronze;19;Urban;33;1
3679-XASPY;Female;0;1;1;0;0;No internet service;No internet service;No internet service;Month-to-month;0;Electronic check;1945;1945;4;93746;0,12;3,7;0,62;Silver;45;Urban;57;1
7123-WQUHX;Male;0;0;1;1;Fiber optic;0;0;1;One year;0;Bank transfer (automatic);950;36056;123;233817;0;4,4;0,73;Gold;20;Urban;4;0
5386-THSLQ;Female;1;1;0;No phone service;DSL;0;1;1;One year;0;Bank transfer (automatic);4555;302725;266;81245;0,18;3,2;0,04;Silver;33;Suburban;30;1
3192-NQECA;Male;0;1;1;1;Fiber optic;0;1;1;Two year;1;Bank transfer (automatic);1100;761185;382;197408;0;4,2;0,53;Gold;21;Suburban;25;0
6180-YBIQI;Male;0;0;0;No phone service;DSL;0;0;0;Month-to-month;0;Mailed check;243;1002;14;192143;0;4;0,57;Bronze;40;Urban;56;1
6728-DKUCO;Female;0;1;1;1;Fiber optic;1;1;0;One year;1;Electronic check;10415;730305;262;235925;0,18;5;0,08;Silver;47;Suburban;36;0
9750-BOOHV;Female;0;0;0;No phone service;DSL;1;0;0;One year;0;Mailed check;3015;92765;160;107632;0,06;4,7;0,05;Bronze;30;Suburban;43;0
8597-CWYHH;Male;0;0;1;1;Fiber optic;0;0;0;One year;0;Mailed check;9435;39213;125;92856;0,06;3,9;0,71;Platinum;23;Urban;19;0
2848-YXSMW;Male;0;1;1;0;0;No internet service;No internet service;No internet service;Two year;0;Credit card (automatic);194;136325;166;148049;0,02;4,6;0,05;Bronze;27;Urban;7;0
0486-HECZI;Male;0;1;1;1;Fiber optic;1;1;0;Month-to-month;1;Electronic check;9675;52389;173;138182;0,02;3,4;0,76;Silver;34;Urban;5;1
4549-ZDQYY;Female;0;0;1;0;DSL;1;0;1;One year;0;Credit card (automatic);5795;304225;137;213873;0,09;4,1;0,58;Gold;25;Suburban;17;0
5712-AHQNN;Female;0;0;1;0;Fiber optic;0;1;1;Month-to-month;1;Electronic check;9165;39541;245;135654;0,04;3,1;0,83;Platinum;26;Urban;7;1
4846-WHAFZ;Female;1;1;1;1;Fiber optic;0;0;0;Month-to-month;1;Electronic check;765;286815;193;135381;0,17;3,7;0,22;Silver;51;Urban;59;1
5256-SKJGO;Female;0;1;0;No phone service;DSL;0;1;0;Two year;1;Electronic check;546;34235;290;138601;0,02;3,5;0,83;Bronze;34;Urban;52;1
3071-VBYPO;Male;0;1;1;0;Fiber optic;1;1;0;Month-to-month;0;Electronic check;8985;2484;16;226154;0,22;4,4;0,09;Silver;39;Rural;54;1
9560-BBZXK;Female;0;0;0;No phone service;DSL;1;0;0;Two year;0;Bank transfer (automatic);3105;112635;187;225720;0,08;4;0,04;Bronze;20;Suburban;51;1
5299-RULOA;Female;0;1;1;1;Fiber optic;1;0;0;Month-to-month;1;Electronic check;10025;106465;27;80364;0,03;4,5;0,02;Silver;46;Urban;24;0
8402-OOOHJ;Female;0;0;1;0;0;No internet service;No internet service;No internet service;Two year;0;Mailed check;2065;83515;228;245640;0,02;4;0,88;Platinum;44;Rural;1;0
9445-ZUEQE;Male;0;1;1;1;Fiber optic;0;1;0;Month-to-month;1;Credit card (automatic);852;21516;112;87436;0,13;3,2;0,07;Bronze;54;Urban;27;1
1091-SOZGA;Female;0;1;1;1;Fiber optic;0;0;1;One year;1;Credit card (automatic);998;551545;292;166713;0,28;4,5;0,03;Silver;20;Suburban;41;1
2928-HLDBA;Female;0;0;1;0;0;No internet service;No internet service;No internet service;Month-to-month;0;Mailed check;207;11275;33;237826;0,07;4,7;0,01;Gold;36;Urban;24;0
0404-SWRVG;Male;0;0;1;1;Fiber optic;0;0;0;Month-to-month;1;Electronic check;744;22955;9;140194;0,08;4,8;0,29;Bronze;51;Urban;19;0
6497-TILVL;Female;0;1;1;0;DSL;1;0;0;Month-to-month;0;Mailed check;507;35035;17;104544;0,03;4,1;0,14;Silver;31;Suburban;5;0
7219-TLZHO;Female;0;1;1;0;0;No internet service;No internet service;No internet service;Month-to-month;0;Mailed check;2085;629;11;143295;0,18;4,5;0,63;Gold;38;Suburban;36;0
4622-YNKIJ;Male;0;0;1;0;Fiber optic;1;0;0;Two year;1;Electronic check;8895;302765;122;223710;0,02;4,5;0,66;Platinum;19;Urban;15;0
4412-YLTKF;Female;1;0;1;1;Fiber optic;0;0;1;Month-to-month;1;Electronic check;7805;21355;142;149409;0,19;3,3;0,94;Silver;27;Urban;34;1
6734-PSBAW;Male;0;1;1;1;0;No internet service;No internet service;No internet service;Two year;1;Bank transfer (automatic);2355;172395;391;206839;0,26;3,3;0,95;Bronze;34;Urban;54;1
3930-ZGWVE;Male;0;0;1;0;0;No internet service;No internet service;No internet service;Month-to-month;0;Mailed check;1975;1975;2;193759;0,15;3,1;0,66;Bronze;19;Suburban;35;1
2639-UGMAZ;Male;1;0;0;No phone service;DSL;1;1;0;One year;1;Electronic check;5645;398535;287;97157;0,04;3,6;0,01;Silver;44;Urban;0;0
2876-GZYZC;Female;0;0;1;1;Fiber optic;0;0;0;Month-to-month;1;Electronic check;8595;121565;47;145888;0,09;3,9;0,36;Bronze;18;Suburban;13;0
6207-WIOLX;Female;0;1;0;No phone service;DSL;1;1;1;Month-to-month;1;Credit card (automatic);586;150265;72;144947;0,02;5;0,51;Bronze;53;Suburban;13;0
8587-XYZSF;Male;0;0;1;0;DSL;0;0;0;Two year;0;Bank transfer (automatic);5055;32601;166;150880;0,18;3,9;0,05;Gold;50;Urban;23;0
3091-FYHKI;Male;0;0;0;No phone service;DSL;0;0;0;Month-to-month;1;Electronic check;3545;3545;3;84507;0,16;4,5;0,06;Gold;39;Suburban;18;1
2372-HWUHI;Male;0;0;1;0;DSL;0;0;0;Month-to-month;0;Electronic check;4435;8125;11;183134;0,02;4,4;0,96;Gold;52;Urban;37;0
7799-LGRDP;Female;0;0;1;1;0;No internet service;No internet service;No internet service;Two year;1;Credit card (automatic);257;11882;141;123988;0,19;3,4;0,89;Bronze;51;Suburban;43;1
7850-VWJUU;Female;0;0;1;0;Fiber optic;1;0;0;Month-to-month;1;Bank transfer (automatic);750;17785;93;178421;0,26;3,1;0,11;Bronze;35;Suburban;17;1
3774-VBNXY;Female;0;1;1;0;0;No internet service;No internet service;No internet service;Two year;0;Mailed check;202;127775;307;227937;0,18;4,1;0,27;Gold;53;Urban;8;0
6217-KDYWC;Male;0;0;1;0;0;No internet service;No internet service;No internet service;Two year;1;Mailed check;196;117055;196;182591;0,23;4,4;0,83;Gold;20;Urban;51;1
0390-DCFDQ;Female;1;1;1;0;Fiber optic;0;0;0;Month-to-month;1;Mailed check;7045;7045;5;209614;0,07;5;0,82;Gold;33;Rural;54;1
3146-MSEGF;Female;1;1;1;1;DSL;1;1;1;Two year;1;Credit card (automatic);8805;642565;421;107213;0,02;3,7;0,28;Platinum;28;Urban;56;1
4080-OGPJL;Female;0;0;1;1;DSL;1;0;0;Month-to-month;0;Electronic check;7115;56365;24;137450;0,27;4,8;0,73;Gold;27;Urban;12;1
1095-WGNGG;Female;0;1;1;1;Fiber optic;0;1;0;Two year;1;Bank transfer (automatic);10105;597125;243;215549;0,12;3,8;0,67;Silver;38;Urban;58;1
2636-SJDOU;Male;0;0;1;1;Fiber optic;1;1;0;One year;1;Credit card (automatic);843;528905;205;142222;0,23;4,4;0,47;Bronze;42;Urban;50;1
1131-QQZEB;Male;1;1;1;1;0;No internet service;No internet service;No internet service;Two year;0;Bank transfer (automatic);2395;17562;222;217605;0,22;4,2;0,02;Silver;52;Urban;44;1
5716-EZXZN;Female;0;1;1;1;Fiber optic;1;1;0;Two year;1;Credit card (automatic);9905;64167;139;234468;0,02;3,1;0,89;Silver;23;Urban;50;1
6837-BJYDQ;Male;0;0;1;0;0;No internet service;No internet service;No internet service;One year;0;Mailed check;196;6135;13;92755;0,17;3,2;0,68;Bronze;25;Urban;18;1
2135-RXIHG;Male;0;0;1;0;DSL;0;0;0;Month-to-month;1;Electronic check;4565;4565;4;211937;0,04;3;0,17;Gold;51;Suburban;52;1
6440-DKQGE;Male;0;0;1;0;DSL;0;1;1;One year;0;Credit card (automatic);645;192995;66;222245;0,29;3,7;0,07;Bronze;18;Urban;9;1
3466-BYAVD;Male;0;1;1;0;DSL;0;1;1;Month-to-month;1;Mailed check;695;10714;46;249169;0,24;4,5;0,74;Gold;20;Urban;37;1
3780-YVMFA;Female;0;1;1;0;DSL;0;0;0;Month-to-month;1;Electronic check;6855;56435;45;113371;0,03;3,3;0,89;Bronze;44;Urban;2;1
3874-EQOEP;Male;0;0;1;1;Fiber optic;0;0;0;Month-to-month;0;Mailed check;950;6555;20;222326;0,04;4,2;0,22;Silver;30;Urban;57;1
1679-JRFBR;Female;0;1;1;1;Fiber optic;1;1;1;One year;1;Credit card (automatic);10815;793055;180;215090;0,18;3,6;0,99;Gold;36;Urban;47;1
9073-ZZIAY;Male;0;1;1;0;DSL;1;1;1;Two year;0;Electronic check;861;521525;245;85192;0,01;4,6;0,15;Bronze;36;Urban;40;0
3077-RSNTJ;Female;0;1;1;0;0;No internet service;No internet service;No internet service;Month-to-month;0;Mailed check;197;1135;35;82015;0,01;4,6;0,06;Silver;23;Urban;16;0
6551-GNYDG;Female;0;1;1;0;Fiber optic;0;0;0;Month-to-month;1;Bank transfer (automatic);809;11528;41;188154;0,16;4,6;0,66;Bronze;31;Urban;22;0
9167-APMXZ;Female;0;0;1;1;Fiber optic;0;0;0;Month-to-month;1;Bank transfer (automatic);8415;182195;103;108343;0,12;4;0,42;Gold;22;Suburban;26;0
2749-CTKAJ;Male;0;1;1;0;0;No internet service;No internet service;No internet service;One year;0;Mailed check;2015;4199;111;149306;0,03;3,6;0,48;Gold;53;Rural;8;0
6371-NZYEG;Male;0;1;1;0;DSL;1;0;1;Two year;0;Mailed check;6425;10240;47;85829;0,24;4,6;0,89;Platinum;26;Urban;4;1
7554-NEWDD;Male;0;0;1;1;0;No internet service;No internet service;No internet service;Two year;0;Bank transfer (automatic);257;2516;49;114381;0,27;3,4;0,65;Gold;40;Suburban;18;1
8992-VONJD;Female;0;0;1;0;DSL;1;1;0;Month-to-month;1;Electronic check;560;76455;45;191451;0,23;3,6;0,05;Gold;49;Urban;28;1
0867-MKZVY;Female;0;1;1;1;Fiber optic;1;0;0;Month-to-month;0;Electronic check;824;159235;90;98263;0,25;3,4;0,13;Bronze;46;Suburban;14;1
4482-EWFMI;Female;0;0;1;0;Fiber optic;0;0;0;Month-to-month;1;Electronic check;697;1352;9;138418;0,06;4,3;0,01;Bronze;45;Suburban;41;0
4648-YPBTM;Male;0;0;1;1;DSL;0;1;1;Two year;1;Bank transfer (automatic);739;395825;219;80148;0,08;4,4;0,12;Silver;28;Suburban;35;0
2907-ILJBN;Female;0;1;1;0;0;No internet service;No internet service;No internet service;One year;0;Mailed check;206;2339;25;212826;0,06;4,3;0,96;Silver;36;Suburban;55;1
6345-FZOQH;Male;0;1;1;0;0;No internet service;No internet service;No internet service;Two year;0;Mailed check;199;136345;368;106745;0,23;3,8;0,76;Gold;18;Urban;11;1
3376-BMGFE;Female;0;0;1;0;Fiber optic;0;0;0;Month-to-month;1;Bank transfer (automatic);709;2730;13;152914;0,28;3,2;0,97;Bronze;26;Urban;13;1
5997-OPVFA;Male;0;1;1;1;DSL;1;1;1;Two year;1;Bank transfer (automatic);8905;625445;197;231212;0,22;4,8;0,04;Bronze;19;Urban;14;1
3445-HXXGF;Male;1;1;0;No phone service;DSL;0;1;1;Month-to-month;1;Electronic check;453;26512;125;140653;0,26;4;0,68;Silver;21;Suburban;50;1
1159-WFSGR;Female;0;1;1;0;0;No internet service;No internet service;No internet service;Month-to-month;0;Electronic check;204;3214;69;158315;0,19;3,8;0,04;Bronze;46;Suburban;30;0
7654-YWJUF;Male;0;1;1;0;Fiber optic;1;0;1;One year;1;Bank transfer (automatic);8425;353925;202;111075;0,12;4,2;0,78;Silver;21;Urban;4;0
1875-QIVME;Female;0;1;1;1;Fiber optic;0;0;1;Month-to-month;1;Electronic check;1044;2428;4;241769;0,13;3,4;0,38;Silver;18;Urban;43;1
6727-IOTLZ;Male;0;1;1;0;DSL;0;1;1;Two year;0;Mailed check;8195;118175;56;89795;0,02;3,3;0,01;Gold;45;Suburban;2;1
0691-JVSYA;Female;0;1;1;0;Fiber optic;0;0;1;One year;1;Bank transfer (automatic);9485;50002;154;144555;0,01;3,8;0,57;Bronze;35;Urban;46;1
5918-VUKWP;Female;0;0;1;0;0;No internet service;No internet service;No internet service;One year;0;Bank transfer (automatic);2055;65455;146;183107;0,21;3,5;0,28;Platinum;30;Urban;29;1
1744-JHKYS;Female;0;1;1;1;0;No internet service;No internet service;No internet service;Month-to-month;0;Electronic check;247;7802;91;131529;0,13;3,5;0,66;Bronze;23;Urban;46;1
2656-FMOKZ;Female;1;0;1;1;Fiber optic;0;0;0;Month-to-month;1;Mailed check;7445;11457;71;222744;0,17;4,8;0,66;Bronze;39;Urban;11;0
2070-FNEXE;Female;1;0;1;0;Fiber optic;1;0;0;Month-to-month;0;Bank transfer (automatic);7645;5036;24;247022;0,17;4,1;0,71;Silver;47;Urban;14;0
5947-SGKCL;Female;0;1;1;1;Fiber optic;0;1;1;Month-to-month;1;Bank transfer (automatic);10535;155925;86;91009;0,08;4;0,99;Bronze;44;Urban;37;0
3712-PKXZA;Male;0;1;1;0;0;No internet service;No internet service;No internet service;One year;1;Credit card (automatic);2055;12520;155;230616;0,14;4,4;0,39;Bronze;25;Urban;27;0
6317-YPKDH;Female;0;0;0;No phone service;DSL;0;1;0;Month-to-month;0;Bank transfer (automatic);2995;2995;3;109381;0,14;4,9;0,47;Bronze;45;Rural;48;1
6582-OIVSP;Female;0;0;1;0;DSL;0;0;0;Month-to-month;0;Mailed check;453;453;2;207769;0,12;3,2;0,08;Silver;19;Urban;22;1
9367-WXLCH;Male;0;0;1;1;Fiber optic;0;0;0;Month-to-month;0;Bank transfer (automatic);845;66265;45;236359;0,25;4,7;0,58;Gold;37;Suburban;46;1
5524-KHNJP;Male;0;1;1;0;DSL;1;0;1;One year;0;Credit card (automatic);7475;24533;181;144610;0,14;4,2;0,04;Silver;28;Suburban;14;0
1918-ZBFQJ;Female;0;0;1;0;Fiber optic;0;1;1;Month-to-month;1;Electronic check;7925;111165;39;148122;0,18;3,3;0,84;Silver;31;Rural;10;1
1024-GUALD;Female;0;1;0;No phone service;DSL;0;0;0;Month-to-month;1;Electronic check;248;248;4;148184;0,27;3,6;0,05;Bronze;41;Suburban;29;1
4827-USJHP;Male;0;0;1;0;DSL;0;1;0;Month-to-month;1;Mailed check;518;102385;105;167228;0,26;4;0,17;Bronze;30;Suburban;53;1
8167-GJLRN;Male;0;0;0;No phone service;DSL;0;0;0;Month-to-month;0;Electronic check;304;8215;12;152943;0,27;4,4;0,01;Bronze;25;Suburban;11;1
0956-SYCWG;Female;0;0;1;0;0;No internet service;No internet service;No internet service;One year;0;Electronic check;1965;2448;53;160770;0,08;3,5;0,08;Gold;38;Urban;53;1
8017-UVSZU;Female;0;1;1;1;DSL;0;1;0;Month-to-month;0;Credit card (automatic);566;23791;118;132726;0,01;4,1;0,03;Bronze;39;Urban;18;0
7100-FQPRV;Male;0;1;1;1;DSL;1;0;0;One year;1;Credit card (automatic);719;317335;102;233283;0,08;4,4;0,06;Platinum;26;Urban;31;0
2472-OVKUP;Male;0;1;1;0;Fiber optic;0;1;1;Month-to-month;1;Electronic check;910;5310;33;240552;0,08;3,9;0,44;Bronze;28;Urban;0;0
2984-RGEYA;Female;0;1;1;0;0;No internet service;No internet service;No internet service;Two year;0;Bank transfer (automatic);1975;13754;386;127780;0,27;4,7;0,25;Silver;33;Urban;15;1
9680-NIAUV;Female;0;1;1;1;Fiber optic;1;1;1;Two year;0;Credit card (automatic);1097;81293;326;122503;0,19;4,7;0,13;Platinum;26;Urban;10;0
2146-EGVDT;Male;0;1;1;0;0;No internet service;No internet service;No internet service;Two year;0;Credit card (automatic);193;11927;198;137893;0,02;3,9;0,66;Bronze;20;Urban;30;0
2604-IJPDU;Female;0;1;1;0;Fiber optic;1;1;0;Month-to-month;1;Electronic check;9655;190165;67;141358;0,04;4,9;0,23;Gold;53;Suburban;32;0
9178-JHUVJ;Male;0;1;1;1;0;No internet service;No internet service;No internet service;Two year;1;Bank transfer (automatic);241;5874;117;160857;0,05;3,2;0,02;Bronze;30;Rural;54;1
6168-YBYNP;Male;0;0;1;1;Fiber optic;0;1;1;Month-to-month;1;Electronic check;11135;651975;329;200457;0,19;3;0,42;Bronze;18;Urban;35;1
7255-SSFBC;Male;0;1;1;1;Fiber optic;0;1;1;Two year;1;Bank transfer (automatic);11225;804165;399;233189;0,22;3,8;0,31;Bronze;28;Urban;29;1
3645-DEYGF;Male;0;0;1;0;0;No internet service;No internet service;No internet service;Month-to-month;0;Mailed check;2075;2075;5;197928;0,26;4,2;0,32;Gold;41;Rural;37;1
9323-HGFWY;Female;0;1;1;0;Fiber optic;1;0;0;One year;1;Credit card (automatic);1019;268115;123;138706;0,28;4,3;0,45;Bronze;22;Suburban;3;1
8544-GOQSH;Female;0;0;1;0;Fiber optic;0;1;0;Month-to-month;1;Credit card (automatic);8005;11123;32;220548;0,06;4;0,67;Bronze;19;Suburban;55;1
3363-DTIVD;Male;0;1;1;1;Fiber optic;1;0;1;Two year;0;Electronic check;10555;74055;187;162806;0,09;3,2;0,62;Platinum;34;Urban;59;1
7018-WBJNK;Male;0;0;1;0;Fiber optic;0;0;0;Month-to-month;1;Credit card (automatic);783;103395;72;135006;0,07;3,3;0,94;Bronze;34;Suburban;24;1
9142-KZXOP;Male;0;0;1;0;Fiber optic;0;0;0;Month-to-month;0;Credit card (automatic);6885;295895;194;167238;0,11;4,7;0,52;Silver;37;Suburban;33;0
7674-YTAFD;Female;0;0;1;0;Fiber optic;0;1;0;One year;1;Bank transfer (automatic);7995;268485;67;125798;0,27;4,7;0,47;Platinum;32;Urban;16;1
6348-SNFUS;Male;0;1;0;No phone service;DSL;1;1;1;Two year;1;Credit card (automatic);5545;41792;173;157271;0,17;4,3;0,21;Bronze;21;Urban;32;0
1285-OKIPP;Male;0;0;1;0;Fiber optic;0;0;0;Month-to-month;0;Electronic check;799;799;4;110177;0,22;4,3;0,76;Bronze;28;Urban;29;1
7825-ECJRF;Female;0;0;1;0;Fiber optic;1;0;1;Month-to-month;1;Electronic check;1066;193445;38;208022;0,15;4,2;0,14;Gold;40;Urban;12;0
1347-KTTTA;Male;0;1;1;0;Fiber optic;0;1;1;One year;1;Credit card (automatic);10245;66541;169;210156;0,01;3,4;0,49;Bronze;18;Rural;11;1
7841-TZDMQ;Male;0;0;1;0;DSL;0;0;0;Month-to-month;1;Credit card (automatic);460;845;8;162215;0,02;3,9;0,42;Bronze;21;Urban;59;1
4195-NZGTA;Female;0;0;0;No phone service;DSL;0;0;0;Month-to-month;0;Electronic check;2525;2525;4;123013;0,16;4,4;0,66;Silver;19;Suburban;31;1
7157-SMCFK;Male;0;0;1;0;0;No internet service;No internet service;No internet service;Two year;0;Mailed check;1975;11242;281;162600;0,22;4,1;0,92;Gold;44;Suburban;22;1
4709-LKHYG;Female;0;1;1;0;0;No internet service;No internet service;No internet service;One year;0;Electronic check;200;54005;84;176099;0,06;3;0,95;Bronze;51;Urban;28;1
2504-DSHIH;Male;1;1;1;1;Fiber optic;0;0;0;Month-to-month;0;Electronic check;868;197585;111;133450;0,22;4,9;0,17;Bronze;30;Suburban;33;1
0699-NDKJM;Female;0;1;0;No phone service;DSL;1;1;1;Month-to-month;1;Bank transfer (automatic);5875;343745;168;202640;0,24;4,7;0,26;Bronze;35;Urban;18;1
9286-BHDQG;Male;0;1;0;No phone service;DSL;1;1;1;Two year;0;Credit card (automatic);4525;31398;237;172403;0,12;3,5;0,81;Bronze;28;Urban;11;0
0230-WEQUW;Male;0;1;0;No phone service;DSL;1;1;1;Two year;1;Bank transfer (automatic);566;37892;329;179290;0,22;4,2;0,52;Silver;22;Rural;3;1
2040-LDIWQ;Male;0;1;1;1;DSL;0;1;1;Two year;1;Bank transfer (automatic);842;53245;298;211832;0,12;4,8;0,45;Bronze;46;Urban;24;0
6496-JDSSB;Female;0;0;1;0;Fiber optic;0;0;0;Month-to-month;1;Bank transfer (automatic);800;6246;43;104142;0,02;3,2;0,71;Silver;42;Urban;25;1
9408-SSNVZ;Female;0;0;1;0;Fiber optic;0;0;0;Month-to-month;1;Electronic check;7015;26835;18;190189;0,23;4;0,06;Silver;31;Suburban;17;1
4443-EMBNA;Female;0;1;1;1;0;No internet service;No internet service;No internet service;Two year;0;Bank transfer (automatic);2475;18369;303;187532;0,03;3,9;0,97;Bronze;54;Suburban;29;1
6469-MRVET;Male;0;1;1;0;0;No internet service;No internet service;No internet service;One year;1;Electronic check;202;202;2;228362;0,01;3,8;0,58;Bronze;28;Suburban;57;1
0742-MOABM;Male;0;1;1;0;DSL;0;0;0;Month-to-month;0;Mailed check;5005;17935;13;211436;0,12;4,7;0,47;Bronze;49;Suburban;33;0
5961-VUSRV;Female;0;0;1;0;0;No internet service;No internet service;No internet service;One year;1;Bank transfer (automatic);1935;21935;36;136921;0,05;3,8;0,54;Bronze;23;Urban;32;0
6778-JFCMK;Male;0;0;0;No phone service;DSL;1;0;0;One year;1;Mailed check;506;128875;71;99797;0,06;3,1;0,81;Silver;23;Suburban;30;1
6341-JVQGF;Female;0;1;1;0;DSL;1;0;1;One year;1;Mailed check;8115;254575;182;112535;0,21;3,1;0,61;Silver;39;Suburban;55;1
2232-DMLXU;Female;0;1;1;0;DSL;0;0;0;Month-to-month;0;Mailed check;552;552;3;126300;0,28;3,1;0,65;Bronze;20;Urban;30;1
4811-JBUVU;Male;0;0;1;1;Fiber optic;0;0;0;Month-to-month;1;Credit card (automatic);899;272315;167;127176;0,12;3,8;0,97;Silver;36;Urban;12;0
0945-TSONX;Female;0;1;1;1;DSL;1;1;0;Two year;1;Credit card (automatic);853;410725;212;96105;0,05;4,4;0,62;Platinum;51;Urban;23;0
2651-ZCBXV;Male;0;0;1;1;Fiber optic;1;1;0;Two year;1;Credit card (automatic);1080;576065;279;219011;0,09;3,4;0,38;Bronze;24;Urban;4;1
3316-UWXUY;Male;0;0;1;0;Fiber optic;1;1;0;Month-to-month;1;Credit card (automatic);935;47475;200;159472;0,14;4,3;0,69;Silver;33;Urban;50;1
8937-RDTHP;Male;0;0;1;0;Fiber optic;1;0;0;Month-to-month;1;Mailed check;846;846;4;226935;0,09;4,4;0,66;Gold;26;Suburban;0;1
7083-MIOPC;Female;0;0;1;0;0;No internet service;No internet service;No internet service;Two year;0;Credit card (automatic);2025;15669;285;158097;0,07;3,5;0,01;Bronze;30;Rural;33;0
1984-GPTEH;Female;0;0;1;1;0;No internet service;No internet service;No internet service;Month-to-month;0;Electronic check;2515;7020;80;221519;0,22;4,2;0,47;Gold;51;Suburban;45;1
1251-KRREG;Male;0;0;1;1;DSL;0;1;0;Month-to-month;1;Mailed check;544;1141;9;176160;0;4,4;0,74;Platinum;54;Suburban;8;0
0621-JFHOL;Female;0;0;0;No phone service;DSL;0;0;0;Two year;1;Mailed check;296;29905;31;126940;0,16;3,9;0,05;Bronze;23;Urban;7;0
9903-LYSAB;Male;0;1;1;1;Fiber optic;0;0;0;Month-to-month;1;Electronic check;7315;130595;37;165001;0,24;3,7;0,78;Gold;21;Urban;57;1
0094-OIFMO;Female;1;0;1;0;Fiber optic;0;1;0;Month-to-month;1;Electronic check;950;11203;50;230714;0,08;4,2;0,45;Bronze;22;Rural;42;0
9227-UAQFT;Male;0;0;1;0;0;No internet service;No internet service;No internet service;Two year;0;Mailed check;1975;28435;43;87928;0,18;5;0,98;Bronze;23;Suburban;35;0
7301-ABVAD;Female;0;0;1;1;DSL;0;1;1;Two year;0;Bank transfer (automatic);866;63505;414;128002;0,02;3,9;0,29;Silver;30;Urban;28;0
6614-FHDBO;Male;0;0;1;1;Fiber optic;0;1;1;Two year;0;Bank transfer (automatic);1092;78783;418;164853;0,02;3,8;0,09;Bronze;41;Suburban;34;0
7576-ASEJU;Female;0;1;1;0;DSL;1;0;0;One year;1;Credit card (automatic);747;318765;232;194614;0,13;3,9;0,43;Silver;45;Urban;4;0
9058-HRZSV;Female;1;1;1;0;Fiber optic;1;1;1;Month-to-month;0;Electronic check;944;612615;226;197517;0,01;3,2;0,54;Bronze;30;Urban;55;1
4522-AKYLR;Female;1;0;1;0;DSL;0;1;1;Month-to-month;1;Electronic check;548;7313;26;236089;0,25;4,1;0,35;Gold;35;Suburban;45;1
0221-WMXNQ;Male;1;0;1;0;Fiber optic;1;0;0;Month-to-month;0;Electronic check;7535;2734;22;159064;0,23;3,7;0,24;Silver;24;Suburban;9;1
0303-UNCIP;Male;0;0;1;1;DSL;0;0;1;One year;0;Mailed check;650;25318;152;199694;0,01;3,2;0,67;Silver;21;Urban;37;1
9947-OTFQU;Male;1;0;1;0;Fiber optic;0;1;0;Month-to-month;1;Electronic check;744;10743;87;224385;0,03;3,9;0,38;Bronze;48;Urban;9;0
0322-YINQP;Male;0;0;1;0;DSL;1;0;0;Month-to-month;1;Mailed check;4855;4855;5;212631;0,02;3;0,63;Bronze;41;Urban;10;1
0959-WHOKV;Male;0;0;1;1;Fiber optic;1;1;1;One year;1;Electronic check;990;429845;227;130893;0,03;3,8;0,78;Bronze;39;Suburban;51;1
4075-JFPGR;Female;0;1;1;0;Fiber optic;1;1;1;One year;1;Electronic check;935;461955;162;95167;0,17;3,2;0,76;Gold;38;Urban;7;1
4629-NRXKX;Female;0;1;1;0;Fiber optic;0;0;0;Month-to-month;0;Electronic check;704;14715;7;118598;0,02;3;0,38;Bronze;43;Rural;3;1
9514-JDSKI;Male;1;1;0;No phone service;DSL;0;1;0;Month-to-month;0;Electronic check;402;402;5;218595;0,01;4,6;0,57;Silver;47;Suburban;52;1
3282-ZISZV;Male;0;0;1;1;DSL;0;1;1;One year;0;Credit card (automatic);837;26333;104;129777;0,23;4,8;0,45;Bronze;52;Urban;17;1
3675-YDUPJ;Male;0;0;1;0;0;No internet service;No internet service;No internet service;Month-to-month;1;Mailed check;1985;19305;26;239511;0,09;3,4;0,87;Silver;40;Suburban;57;1
4111-BNXIF;Female;0;1;0;No phone service;DSL;0;1;1;Two year;1;Electronic check;5955;41039;283;196378;0,23;4,1;0,88;Silver;47;Urban;19;1
7017-VFHAY;Female;0;1;1;1;Fiber optic;1;1;1;Two year;0;Credit card (automatic);1151;700815;350;161060;0,22;3,6;0,34;Silver;36;Urban;57;1
6655-LHBYW;Male;0;0;1;1;Fiber optic;1;1;1;One year;0;Credit card (automatic);11435;57911;239;93285;0,07;4;0,09;Silver;49;Urban;45;0
4959-JOSRX;Female;0;1;1;0;DSL;0;0;0;Month-to-month;1;Credit card (automatic);446;8055;8;222045;0,22;3,9;0,17;Silver;36;Rural;57;1
5046-NUHWD;Female;1;1;0;No phone service;DSL;1;0;1;Month-to-month;1;Electronic check;450;122865;69;202970;0,22;3,5;0,37;Gold;39;Urban;2;1
7273-TEFQD;Male;1;0;0;No phone service;DSL;0;0;1;Month-to-month;1;Electronic check;4115;1322;13;102694;0,12;4,4;0,56;Gold;21;Suburban;43;0
3606-TWKGI;Male;1;0;1;1;Fiber optic;0;1;1;Month-to-month;1;Electronic check;1069;13643;77;246846;0,06;3,3;0,66;Silver;29;Urban;14;1
7529-ZDFXI;Male;1;1;1;1;Fiber optic;0;1;0;Month-to-month;1;Electronic check;8985;492535;145;215374;0,16;3,1;0,33;Gold;32;Urban;59;1
7605-BDWDC;Female;0;0;0;No phone service;DSL;1;1;0;Two year;1;Bank transfer (automatic);4985;15201;126;233463;0,28;4,5;0,67;Gold;32;Suburban;55;1
1950-KSVVJ;Female;0;1;1;1;Fiber optic;1;1;1;One year;0;Mailed check;1133;503225;247;84611;0,19;4,3;0,94;Silver;27;Suburban;7;0
0123-CRBRT;Female;0;1;1;1;DSL;1;1;1;Two year;0;Mailed check;881;552675;302;89372;0,05;4;0,65;Bronze;36;Urban;45;0
6292-TOSSS;Male;0;0;1;1;0;No internet service;No internet service;No internet service;Two year;0;Bank transfer (automatic);249;119525;239;235384;0,02;3,9;0,16;Silver;25;Urban;54;1
3197-ARFOY;Female;1;0;1;0;Fiber optic;1;1;0;Month-to-month;1;Mailed check;1050;200725;91;225152;0,13;4;0,58;Bronze;48;Urban;5;0
6323-AYBRX;Male;0;0;1;0;0;No internet service;No internet service;No internet service;Two year;0;Mailed check;1935;10996;202;160618;0,18;3,9;0,54;Silver;26;Urban;56;1
7014-ZZXAW;Female;0;1;1;1;0;No internet service;No internet service;No internet service;Two year;1;Credit card (automatic);2425;173295;225;192945;0,22;3,8;0,87;Silver;46;Suburban;45;1
4385-GZQXV;Female;1;0;1;0;Fiber optic;0;0;0;Month-to-month;1;Electronic check;9445;15112;83;188397;0,15;4;0,35;Silver;24;Urban;35;0
7633-MVPUY;Male;0;1;1;0;DSL;1;1;0;Two year;1;Electronic check;5975;345015;298;176213;0,24;4,1;0,42;Silver;25;Suburban;19;1
6366-ZGQGL;Male;0;0;0;No phone service;DSL;0;0;0;Month-to-month;0;Bank transfer (automatic);248;248;5;100874;0,22;4,4;0,06;Silver;34;Suburban;31;1
4716-HHKQH;Male;1;1;1;1;Fiber optic;0;1;0;Month-to-month;0;Electronic check;10705;217205;113;212669;0,18;4,4;0,52;Bronze;32;Urban;5;0
5940-AHUHD;Male;0;0;1;0;Fiber optic;0;0;0;Month-to-month;0;Mailed check;706;706;4;91600;0,05;3,8;0,72;Bronze;33;Urban;15;1
6432-TWQLB;Male;0;1;1;1;Fiber optic;0;1;0;Month-to-month;1;Electronic check;854;4011;20;214819;0,25;3,8;0,04;Silver;24;Urban;48;1
4484-GLZOU;Female;0;1;1;1;Fiber optic;0;1;1;Month-to-month;1;Electronic check;10505;562485;270;159415;0,28;3,7;0,56;Silver;36;Urban;1;1
3179-GBRWV;Male;1;1;1;0;DSL;1;1;0;Month-to-month;1;Bank transfer (automatic);6495;13398;96;235887;0,04;4,1;0,12;Gold;42;Suburban;17;0
8645-KWHJO;Male;0;0;0;No phone service;DSL;0;0;1;Month-to-month;1;Electronic check;550;77195;67;174348;0,15;3,9;0,32;Bronze;29;Urban;44;0
4130-MZLCC;Female;0;0;1;0;DSL;0;1;0;Month-to-month;0;Bank transfer (automatic);5055;24475;25;185736;0,08;4,8;0,66;Bronze;49;Suburban;25;0
0314-TKOSI;Female;0;0;1;0;DSL;1;1;0;Month-to-month;0;Mailed check;5515;3229;33;104714;0,23;4,4;0,16;Silver;27;Urban;19;1
8229-MYEJZ;Female;0;0;1;0;DSL;0;1;0;Month-to-month;0;Electronic check;512;49825;33;229962;0,22;4,8;0,31;Silver;41;Urban;15;1
2080-SRCDE;Female;0;0;1;1;0;No internet service;No internet service;No internet service;Month-to-month;0;Mailed check;254;254;3;215797;0,04;4,4;0,07;Bronze;21;Urban;20;1
9577-WJVCQ;Female;0;0;1;1;DSL;1;0;0;Month-to-month;0;Mailed check;5445;368775;161;231756;0,26;4,9;0,65;Silver;54;Suburban;44;1
9512-UIBFX;Male;0;1;1;0;Fiber optic;0;0;1;Month-to-month;0;Mailed check;9515;177995;77;191573;0,05;4,3;0,09;Bronze;21;Urban;13;0
6202-DYYFX;Female;0;0;1;1;Fiber optic;0;0;0;One year;1;Credit card (automatic);760;17836;47;93092;0,24;4,9;0,58;Bronze;53;Suburban;17;1
3808-HFKDE;Female;0;0;1;0;DSL;0;0;0;Month-to-month;1;Electronic check;4435;92715;77;175918;0,14;3,3;0,15;Bronze;54;Urban;7;1
5583-SXDAG;Male;0;1;1;0;Fiber optic;0;0;0;Month-to-month;0;Electronic check;700;700;4;105457;0,01;3,1;0,25;Silver;42;Urban;4;1
3488-PGMQJ;Male;1;0;1;0;Fiber optic;0;1;0;Month-to-month;1;Electronic check;745;60655;25;151667;0,05;4,2;0,46;Gold;47;Urban;23;0
3580-REOAC;Male;0;0;1;0;DSL;0;0;0;Month-to-month;1;Credit card (automatic);4485;4354;43;170751;0,05;5;0,11;Bronze;18;Urban;40;0
7534-BFESC;Male;1;0;1;1;Fiber optic;0;0;0;Month-to-month;1;Electronic check;761;17127;50;142894;0,02;3,8;0,99;Bronze;46;Suburban;46;1
3727-OWVYD;Male;0;0;1;0;DSL;1;1;1;One year;0;Mailed check;612;20212;75;141305;0,17;3,4;0,17;Gold;33;Urban;28;1
2294-SALNE;Male;0;1;1;0;Fiber optic;0;1;1;One year;0;Mailed check;868;19408;121;223684;0,04;4;0,78;Gold;54;Urban;58;1
4847-TAJYI;Female;1;0;1;0;Fiber optic;0;0;0;Month-to-month;1;Electronic check;8935;5678;20;248161;0,03;4,3;0,83;Bronze;54;Suburban;8;0
1563-IWQEX;Female;0;0;1;0;0;No internet service;No internet service;No internet service;Month-to-month;0;Mailed check;197;22035;30;132137;0,02;3,6;0,99;Bronze;24;Urban;51;1
8203-XJZRC;Male;0;0;1;0;0;No internet service;No internet service;No internet service;Month-to-month;0;Mailed check;2025;2025;4;80559;0,22;4,4;0,43;Bronze;50;Urban;41;1
6556-DBKZF;Female;0;1;1;0;Fiber optic;0;0;1;Two year;0;Electronic check;7605;543645;360;146249;0,21;5;0,87;Bronze;39;Suburban;17;1
6851-WEFYX;Male;1;1;1;1;Fiber optic;0;0;1;Month-to-month;1;Electronic check;1008;34375;100;117361;0,02;4,8;0,96;Silver;44;Urban;45;0
2985-JUUBZ;Male;0;1;1;1;DSL;0;0;1;Month-to-month;1;Electronic check;7455;301575;179;160720;0,17;3,6;0,17;Platinum;46;Rural;58;1
6390-DSAZX;Female;0;0;1;0;Fiber optic;1;0;0;Month-to-month;1;Mailed check;736;736;2;95261;0,03;3,7;0,48;Silver;33;Urban;17;1
0895-LMRSF;Male;0;0;1;0;DSL;0;0;0;One year;1;Bank transfer (automatic);649;15098;50;100372;0,27;3,7;0,06;Platinum;38;Urban;47;1
8098-LLAZX;Female;1;0;1;1;Fiber optic;0;0;0;Month-to-month;1;Electronic check;9545;3961;16;135355;0,27;3,8;0,62;Silver;28;Rural;27;1
8266-VBFQL;Male;0;0;1;0;Fiber optic;0;0;1;Month-to-month;1;Electronic check;904;35665;16;178560;0,21;3,2;0,58;Gold;38;Suburban;36;1
8181-YHCMF;Female;0;1;0;No phone service;DSL;0;1;1;Two year;0;Credit card (automatic);603;41090;309;243616;0,28;4,5;0,02;Bronze;26;Urban;9;1
2240-HSJQD;Male;0;0;1;1;Fiber optic;0;1;0;Month-to-month;1;Mailed check;8185;31417;186;80037;0,24;3,7;0,08;Bronze;44;Urban;19;1
1248-DYXUB;Male;0;1;1;1;0;No internet service;No internet service;No internet service;Two year;0;Mailed check;248;12291;306;121420;0,25;4,8;0,04;Gold;39;Urban;37;1
0265-EDXBD;Male;1;1;1;1;Fiber optic;0;0;0;Month-to-month;1;Electronic check;749;230335;130;177243;0,17;4,9;0,81;Bronze;32;Urban;40;0
4115-BNPJY;Male;0;1;1;0;DSL;0;0;1;Two year;0;Mailed check;7555;20544;95;209380;0,09;3;0,03;Bronze;40;Suburban;22;1
3167-SNQPL;Male;1;1;1;1;Fiber optic;0;1;0;Month-to-month;0;Electronic check;10115;374185;196;114600;0,07;5;0,66;Silver;46;Urban;47;1
4091-TVOCN;Male;0;0;1;1;DSL;1;0;1;One year;1;Credit card (automatic);7875;368245;147;169520;0,01;4,4;0,08;Bronze;33;Urban;59;1
1098-TDVUQ;Female;0;0;1;0;0;No internet service;No internet service;No internet service;Month-to-month;1;Bank transfer (automatic);1925;1925;3;85167;0,19;4;0,25;Silver;20;Urban;42;1
7277-OZCGZ;Female;0;0;1;0;Fiber optic;1;0;0;Month-to-month;1;Electronic check;8905;188625;50;80432;0,05;3,8;0,72;Bronze;33;Urban;19;0
1557-EMYVT;Female;0;0;1;1;Fiber optic;1;1;1;Two year;0;Credit card (automatic);11505;48951;90;149687;0,08;4;0,28;Gold;25;Urban;22;0
2799-ARNLO;Female;1;1;1;0;Fiber optic;0;0;0;Month-to-month;1;Electronic check;6935;3416;29;151947;0,14;3,6;0,51;Bronze;43;Urban;49;1
7563-BIUPC;Male;0;0;1;0;Fiber optic;0;0;0;Month-to-month;1;Electronic check;806;41555;26;176324;0,07;4,2;0,92;Silver;26;Suburban;4;0
5027-YOCXN;Male;0;1;1;1;Fiber optic;1;1;0;One year;0;Credit card (automatic);11005;56864;243;130903;0,18;3,2;0,05;Bronze;52;Urban;59;1
3973-SKMLN;Male;0;0;1;0;0;No internet service;No internet service;No internet service;Two year;1;Credit card (automatic);199;13551;258;145792;0,28;4,2;0,81;Gold;24;Urban;26;1
2321-OMBXY;Female;0;1;1;0;DSL;1;1;0;One year;0;Credit card (automatic);803;305865;102;113439;0,22;3,6;0,07;Silver;25;Rural;8;1
2840-XANRC;Male;1;1;1;0;Fiber optic;0;0;1;Month-to-month;1;Electronic check;9315;223105;63;244329;0,02;3;0,13;Bronze;52;Suburban;42;1
6745-JEFZB;Male;0;1;1;1;Fiber optic;0;0;0;Month-to-month;1;Credit card (automatic);915;323635;105;131248;0,17;4,1;0,12;Bronze;53;Urban;40;0
5020-ZSTTY;Female;1;0;1;1;DSL;1;1;0;One year;0;Bank transfer (automatic);8245;43501;226;248369;0,15;4,2;0,99;Bronze;23;Rural;35;0
9880-TDQAC;Female;0;1;0;No phone service;DSL;0;1;1;Two year;1;Electronic check;600;42640;349;114743;0,06;3,9;0,18;Silver;24;Suburban;39;0
8705-WZCYL;Male;0;0;1;0;DSL;0;0;0;Month-to-month;1;Electronic check;448;448;4;159803;0,27;3,1;0,09;Silver;29;Urban;36;1
7102-JJVTX;Female;0;1;1;0;DSL;1;0;0;One year;0;Mailed check;486;4223;28;155117;0,07;4,8;0,99;Bronze;18;Suburban;2;0
8626-PTQGE;Male;0;0;0;No phone service;DSL;1;1;0;Two year;1;Bank transfer (automatic);6005;41767;401;102076;0,03;4,2;0,38;Silver;42;Urban;53;1
4983-CLMLV;Female;0;1;1;1;Fiber optic;0;1;0;Month-to-month;1;Credit card (automatic);1027;51381;257;167483;0,23;3,2;0,63;Gold;29;Urban;35;1
5701-YVSVF;Female;1;1;1;0;Fiber optic;0;0;0;Month-to-month;1;Electronic check;829;88005;46;214035;0,05;4;0,78;Bronze;44;Urban;47;1
5804-LEPIM;Female;1;0;1;0;Fiber optic;0;0;0;Month-to-month;1;Electronic check;7035;13905;8;199217;0,11;4;0,39;Silver;40;Urban;44;0
5697-GOMBF;Female;1;1;0;No phone service;DSL;0;0;0;Month-to-month;1;Electronic check;359;97365;102;224938;0,01;3,1;0,16;Silver;36;Urban;34;1
2739-CACDQ;Female;1;0;1;1;Fiber optic;0;0;1;Month-to-month;1;Credit card (automatic);8265;147005;50;184504;0,04;4,2;0,43;Silver;38;Suburban;35;0
9385-EHGDO;Female;0;1;1;0;0;No internet service;No internet service;No internet service;Two year;1;Mailed check;1985;73935;119;243377;0,05;4,6;0,77;Bronze;38;Urban;28;0
9498-FIMXL;Female;0;0;1;0;0;No internet service;No internet service;No internet service;One year;1;Mailed check;192;16195;40;185649;0,02;4,5;0,78;Bronze;41;Rural;32;0
2379-GYFLQ;Male;0;0;1;1;Fiber optic;0;1;1;One year;1;Credit card (automatic);949;442295;94;206244;0,02;3,4;0,23;Bronze;30;Suburban;25;1
0122-OAHPZ;Female;0;0;1;1;Fiber optic;0;0;0;Month-to-month;1;Electronic check;7385;51125;17;112813;0,25;4,7;0,17;Silver;53;Suburban;7;1
2868-SNELZ;Female;0;0;1;1;Fiber optic;0;0;1;Month-to-month;0;Mailed check;806;1558;4;146729;0,11;3,7;0,92;Silver;32;Urban;8;1
4322-RCYMT;Male;0;1;1;1;DSL;0;1;1;One year;1;Bank transfer (automatic);758;529395;147;84512;0,26;4,9;0,04;Bronze;18;Suburban;21;1
6680-NENYN;Female;0;0;1;1;Fiber optic;0;1;1;Two year;1;Electronic check;1046;475985;233;233738;0,06;3,1;0,73;Bronze;51;Urban;4;1
2088-IEBAU;Female;0;0;1;1;DSL;1;1;1;Two year;1;Electronic check;8815;614845;327;227702;0,01;4;0,05;Bronze;48;Suburban;43;0
7982-VCELR;Female;0;0;1;0;Fiber optic;0;1;0;Month-to-month;1;Credit card (automatic);948;356565;140;197907;0,05;4,2;0,84;Gold;49;Urban;40;0
1343-EHPYB;Male;0;1;1;1;Fiber optic;0;1;1;Month-to-month;1;Electronic check;1034;66030;150;211708;0,19;3,5;0,91;Bronze;53;Suburban;35;0
6035-BXTTY;Female;1;0;1;0;DSL;0;1;0;Month-to-month;0;Bank transfer (automatic);5465;18301;126;214847;0,13;4,5;0,03;Silver;46;Urban;31;0
6885-PKOAM;Female;0;1;1;1;DSL;1;1;1;Two year;0;Credit card (automatic);8575;62238;276;144591;0,18;4,3;0,07;Gold;27;Suburban;29;0
7520-HQWJU;Female;0;1;1;1;DSL;1;1;1;Month-to-month;1;Bank transfer (automatic);6745;450865;177;91351;0,23;3;0,48;Gold;38;Suburban;48;1
9639-BUJXT;Male;0;0;1;0;0;No internet service;No internet service;No internet service;One year;0;Mailed check;205;132815;235;195400;0,16;4,2;0,03;Silver;53;Suburban;43;0
5924-SNGKP;Female;0;0;1;0;0;No internet service;No internet service;No internet service;One year;1;Credit card (automatic);2025;8650;147;200533;0,19;4;0,42;Bronze;41;Urban;44;0
0021-IKXGC;Female;1;0;1;1;Fiber optic;0;0;0;Month-to-month;1;Electronic check;721;721;4;183627;0,28;3,4;0,66;Gold;44;Urban;42;1
2034-GDRCN;Female;0;0;1;0;Fiber optic;0;0;0;Month-to-month;1;Electronic check;904;1682;9;208381;0,09;5;0,21;Gold;38;Urban;54;1
8966-SNIZF;Female;0;1;1;0;0;No internet service;No internet service;No internet service;Two year;0;Bank transfer (automatic);1945;13035;152;175707;0,11;4,8;0,36;Gold;35;Urban;16;0
6243-OZGFH;Female;0;0;0;No phone service;DSL;0;0;0;Month-to-month;1;Electronic check;4495;99685;80;161678;0,22;3,6;0,78;Bronze;21;Urban;29;1
4654-DLAMQ;Female;1;1;1;0;Fiber optic;1;1;1;One year;0;Bank transfer (automatic);970;64309;288;153309;0,18;4,1;0,64;Bronze;35;Urban;46;1
0513-RBGPE;Male;0;1;1;1;DSL;1;0;1;Two year;1;Credit card (automatic);628;227875;148;90778;0,05;3,6;0,33;Silver;26;Suburban;59;1
5160-UXJED;Male;0;0;1;0;DSL;0;0;0;One year;0;Mailed check;446;6814;92;223573;0,11;4,6;0,66;Platinum;47;Urban;8;0
4115-NZRKS;Female;1;0;1;0;Fiber optic;0;0;0;Month-to-month;1;Electronic check;8915;57435;32;192713;0,14;4,9;0,77;Gold;52;Rural;3;0
0219-YTZUE;Male;0;1;1;1;Fiber optic;0;1;1;Month-to-month;1;Bank transfer (automatic);848;3719;10;213180;0,13;3,7;0,59;Gold;47;Urban;11;0
0623-IIHUG;Female;1;0;0;No phone service;DSL;1;0;0;Month-to-month;1;Electronic check;419;8401;47;116382;0,05;4,6;0,24;Silver;23;Suburban;34;0
4572-DVCGN;Female;0;0;1;0;Fiber optic;0;0;0;Month-to-month;1;Bank transfer (automatic);8025;8460;45;155787;0,28;4;0;Bronze;31;Urban;19;1
3351-NGXYI;Female;1;0;1;1;DSL;1;0;0;Month-to-month;1;Electronic check;541;8890;33;103341;0,23;3,8;0,08;Silver;46;Rural;16;1
8984-EYLLL;Male;0;1;1;1;Fiber optic;0;1;0;Two year;1;Electronic check;10525;68234;277;225439;0,14;4,9;0,82;Gold;49;Urban;21;0
9057-MSWCO;Male;1;1;0;No phone service;DSL;1;0;0;Month-to-month;0;Credit card (automatic);3075;8051;155;199967;0,02;4;0,07;Silver;31;Urban;6;0
9833-TGFHX;Male;0;1;1;1;Fiber optic;1;0;0;One year;0;Electronic check;971;401675;180;211066;0,27;3,9;0,08;Platinum;37;Urban;38;1
9294-TDIPC;Male;0;0;1;0;0;No internet service;No internet service;No internet service;Month-to-month;0;Mailed check;202;8375;17;223074;0,04;4,3;0,59;Bronze;26;Urban;52;1
5229-DTFYB;Female;0;0;1;0;Fiber optic;0;1;0;Two year;1;Bank transfer (automatic);988;395915;187;165820;0,08;3,5;0,82;Bronze;29;Urban;57;1
0104-PPXDV;Male;0;1;1;0;DSL;0;0;1;One year;0;Credit card (automatic);503;287855;222;139949;0,16;3,6;0,39;Platinum;31;Suburban;43;0
5176-LMJXE;Female;0;0;1;0;0;No internet service;No internet service;No internet service;Two year;1;Mailed check;2055;9457;196;226772;0,24;4,9;0,02;Bronze;40;Urban;57;1
3583-KRKMD;Male;0;0;1;0;Fiber optic;0;0;0;Month-to-month;1;Bank transfer (automatic);759;137305;103;142543;0,01;4,4;0,59;Silver;51;Suburban;52;1
1010-DIAUQ;Male;0;0;1;0;Fiber optic;0;0;1;Month-to-month;0;Bank transfer (automatic);965;49255;17;240390;0,03;4,7;0,83;Gold;33;Suburban;53;1
9069-LGEUL;Male;0;1;1;0;DSL;1;0;0;Month-to-month;1;Bank transfer (automatic);5995;14060;134;107610;0,14;3,5;0,05;Bronze;35;Rural;41;0
7302-ZHMHP;Female;0;0;1;0;0;No internet service;No internet service;No internet service;Month-to-month;0;Mailed check;1915;1915;5;145226;0,11;4,1;0,06;Gold;50;Urban;59;1
9571-EDEBV;Male;0;1;1;1;Fiber optic;0;0;1;One year;1;Credit card (automatic);9865;696285;197;125167;0,09;4,9;0,64;Bronze;22;Urban;7;0
3520-FJGCV;Male;0;1;1;1;Fiber optic;1;1;1;Two year;1;Credit card (automatic);1126;812665;163;239011;0,05;3,6;0,06;Gold;27;Urban;8;0
6563-VRERX;Male;0;1;1;0;0;No internet service;No internet service;No internet service;One year;0;Mailed check;206;69025;79;147381;0,24;3,3;0,65;Bronze;39;Urban;45;1
0259-GBZSH;Male;0;0;1;1;Fiber optic;0;0;0;Month-to-month;1;Electronic check;8565;1815;4;126710;0,29;4;0,63;Silver;50;Urban;5;1
6122-EFVKN;Male;0;0;0;No phone service;DSL;1;0;0;Two year;0;Mailed check;3575;8308;57;96766;0,12;3,8;0,13;Silver;48;Urban;18;0
2805-EDJPQ;Female;0;1;1;1;Fiber optic;0;1;1;One year;1;Credit card (automatic);9975;56084;264;182416;0,29;3,3;0,23;Silver;23;Urban;21;1
6862-CQUMB;Male;0;0;1;0;Fiber optic;0;1;0;Month-to-month;1;Credit card (automatic);961;36468;84;92780;0,25;4,8;0,62;Silver;53;Suburban;46;1
7156-MXBJE;Female;0;0;1;1;DSL;0;1;1;One year;0;Credit card (automatic);851;366225;140;128458;0,14;5;0,02;Platinum;20;Urban;19;0
6158-HDPXZ;Male;0;0;0;No phone service;DSL;0;0;0;Month-to-month;0;Mailed check;2535;2535;5;136221;0,02;4,1;0,63;Gold;21;Urban;19;0
9601-BRXPO;Female;0;1;1;1;Fiber optic;0;0;1;Month-to-month;1;Bank transfer (automatic);10495;25665;52;81509;0,13;4,5;0,67;Platinum;44;Urban;26;0
2863-IMQDR;Female;0;0;1;1;DSL;1;1;1;Two year;0;Electronic check;8965;53087;320;169493;0,17;4,7;0,24;Silver;42;Urban;26;0
5686-CMAWK;Male;0;0;1;1;Fiber optic;0;0;1;One year;0;Electronic check;8675;141025;53;245418;0,02;4,4;0,06;Silver;54;Suburban;6;0
5651-CRHKQ;Female;0;1;1;0;Fiber optic;0;1;1;One year;1;Bank transfer (automatic);862;333905;101;196850;0,21;3,1;0,53;Bronze;44;Suburban;53;1
6905-NIQIN;Male;0;0;1;0;DSL;0;1;0;Month-to-month;0;Mailed check;5065;5065;4;237220;0,02;3,3;0,26;Platinum;53;Rural;23;1
8204-YJCLA;Male;1;1;0;No phone service;DSL;1;1;1;Two year;1;Bank transfer (automatic);648;473235;325;111533;0,25;3,1;0,46;Bronze;53;Suburban;58;1
5167-ZFFMM;Male;0;0;1;1;Fiber optic;0;1;0;Month-to-month;1;Credit card (automatic);9085;9085;5;188144;0,25;3;0,91;Bronze;24;Urban;7;1
6583-SZVGP;Male;0;0;1;1;Fiber optic;0;1;1;Two year;1;Bank transfer (automatic);1081;506745;237;202402;0,07;3,6;0,43;Bronze;47;Urban;2;0
4895-TMWIR;Male;1;1;1;0;0;No internet service;No internet service;No internet service;Month-to-month;0;Mailed check;1995;21475;57;158467;0,01;3,8;0,63;Bronze;46;Rural;10;0
0533-BNWKF;Female;1;1;1;1;Fiber optic;0;1;1;Month-to-month;1;Electronic check;8545;48747;172;81359;0,14;3,5;0,04;Platinum;22;Suburban;35;0
1708-PBBOA;Female;0;0;0;No phone service;DSL;1;1;1;One year;1;Electronic check;5475;234845;113;199119;0,18;3,1;0,08;Bronze;23;Suburban;1;1
8782-LKFPK;Male;0;0;1;1;Fiber optic;0;0;1;Month-to-month;1;Mailed check;904;40630;220;100344;0,09;4,1;0,08;Platinum;24;Suburban;0;0
5522-JBWMO;Male;0;0;1;0;DSL;0;0;0;Month-to-month;0;Electronic check;440;440;5;198499;0,18;3,5;0,78;Silver;49;Urban;6;0
3597-MVHJT;Female;0;0;1;1;Fiber optic;0;0;0;Month-to-month;1;Bank transfer (automatic);956;259525;160;149778;0,09;4,6;0,35;Gold;32;Suburban;23;0
9774-NRNAU;Male;1;1;1;1;DSL;0;1;1;Month-to-month;1;Bank transfer (automatic);848;230955;98;100601;0,02;3;0,23;Silver;30;Urban;11;1
0224-RLWWD;Female;1;0;1;0;DSL;0;0;0;Month-to-month;1;Electronic check;443;893;6;230188;0;4,7;0,75;Bronze;35;Urban;7;0
9967-ATRFS;Female;0;0;1;0;0;No internet service;No internet service;No internet service;Month-to-month;0;Mailed check;199;36755;97;181013;0,03;4,9;0,17;Silver;27;Urban;12;0
3951-NJCVI;Female;1;1;1;1;Fiber optic;0;0;0;Month-to-month;1;Electronic check;9505;39445;141;110782;0,24;4,4;0,25;Silver;28;Urban;5;1
2977-CEBSX;Female;0;0;1;1;DSL;1;1;1;Two year;1;Credit card (automatic);9005;596595;377;191095;0,29;4,5;0,43;Bronze;19;Urban;38;1
0177-PXBAT;Male;1;1;1;1;Fiber optic;1;0;1;Month-to-month;1;Bank transfer (automatic);1099;36947;179;177123;0,13;4,9;0,33;Bronze;44;Urban;23;0
6599-CEBNN;Female;0;0;1;0;Fiber optic;0;1;0;Month-to-month;1;Credit card (automatic);7395;252445;126;124458;0,15;3,4;0,59;Bronze;25;Urban;51;1
2519-ERQOJ;Male;1;0;0;No phone service;DSL;0;0;1;Month-to-month;1;Electronic check;546;18037;165;204225;0,04;5;0,34;Bronze;33;Urban;23;0
5876-QMYLD;Female;0;1;1;0;0;No internet service;No internet service;No internet service;One year;0;Mailed check;2005;4151;115;219152;0,17;4,5;0,39;Silver;41;Urban;37;0
2277-AXSDC;Female;0;0;1;0;0;No internet service;No internet service;No internet service;One year;0;Bank transfer (automatic);1975;62415;77;245029;0,04;4,5;0,86;Bronze;40;Suburban;43;0
9442-JTWDL;Female;0;0;1;0;0;No internet service;No internet service;No internet service;One year;0;Credit card (automatic);2005;2377;61;224980;0,18;3,7;0,88;Gold;31;Suburban;6;0
0979-PHULV;Male;0;1;1;1;Fiber optic;0;0;1;Month-to-month;1;Credit card (automatic);9945;70076;277;176188;0,28;4,1;0,83;Platinum;44;Urban;9;1
3067-SVMTC;Female;0;1;1;0;DSL;1;0;0;One year;0;Bank transfer (automatic);559;38488;360;201292;0,06;4,3;0,86;Bronze;27;Suburban;29;0
5495-GPSRW;Male;0;0;1;0;0;No internet service;No internet service;No internet service;Two year;1;Mailed check;197;4194;65;170570;0,23;4,2;0,57;Silver;45;Urban;38;1
7606-BPHHN;Male;0;0;1;0;0;No internet service;No internet service;No internet service;Two year;1;Credit card (automatic);198;146875;401;203791;0,01;4,4;0,65;Bronze;42;Urban;23;0
4742-DRORA;Male;0;1;1;1;Fiber optic;1;0;1;One year;1;Bank transfer (automatic);954;58120;213;205291;0,11;3,2;0,56;Bronze;19;Urban;26;1
0111-KLBQG;Male;1;1;1;0;Fiber optic;0;1;0;Month-to-month;1;Mailed check;9395;286145;65;178375;0,03;3,7;0,79;Gold;50;Urban;29;0
4800-VHZKI;Female;0;0;1;0;0;No internet service;No internet service;No internet service;Month-to-month;1;Mailed check;199;199;5;118314;0,11;3,9;0,55;Bronze;52;Suburban;14;0
7989-CHGTL;Male;0;0;1;0;0;No internet service;No internet service;No internet service;Month-to-month;1;Mailed check;196;196;2;188880;0,05;3,5;0,11;Bronze;30;Urban;52;1
0334-GDDSO;Male;1;0;1;1;Fiber optic;0;1;0;Month-to-month;1;Electronic check;8135;2337;9;180326;0,11;3,3;0,81;Bronze;22;Urban;1;1
4163-NCJAK;Female;0;1;1;1;0;No internet service;No internet service;No internet service;One year;1;Bank transfer (automatic);2445;106615;266;226903;0,13;3,3;0,76;Gold;22;Urban;7;1
5233-AOZUF;Female;0;1;1;1;Fiber optic;0;0;0;Month-to-month;1;Electronic check;7495;214905;168;201026;0,09;3,7;0,82;Silver;39;Suburban;16;0
5973-EJGDP;Male;0;0;1;1;Fiber optic;0;1;1;Month-to-month;1;Electronic check;8735;44730;218;231197;0,02;4;0,19;Platinum;51;Urban;47;1
1996-DBMUS;Female;1;1;1;0;Fiber optic;0;0;0;Month-to-month;1;Bank transfer (automatic);7065;354505;217;142451;0,28;3,1;0,27;Platinum;18;Rural;12;1
7916-VCCPB;Female;0;1;1;0;Fiber optic;0;1;0;Month-to-month;0;Bank transfer (automatic);7325;119575;60;125708;0,12;4,9;0,03;Bronze;34;Rural;17;0
4686-GEFRM;Male;0;1;1;1;Fiber optic;0;1;1;Two year;1;Bank transfer (automatic);987;68589;222;97682;0,06;4,5;0,51;Bronze;26;Suburban;20;0
5249-QYHEX;Female;0;1;1;1;0;No internet service;No internet service;No internet service;Two year;1;Mailed check;248;10247;132;182406;0,08;4,5;0,13;Bronze;27;Suburban;35;0
0578-SKVMF;Female;0;1;1;0;Fiber optic;0;1;0;Month-to-month;0;Electronic check;833;18459;103;246866;0,26;3,3;0,39;Silver;32;Urban;11;1
5564-NEMQO;Female;1;0;1;0;Fiber optic;0;0;1;Month-to-month;1;Bank transfer (automatic);753;753;5;139372;0,17;4,2;0,18;Silver;46;Urban;42;0
2233-FAGXV;Female;0;1;1;1;0;No internet service;No internet service;No internet service;Month-to-month;1;Mailed check;243;13225;25;119477;0,14;4,1;0,26;Bronze;42;Rural;1;0
5605-IYGFG;Female;0;0;1;0;Fiber optic;0;0;0;Month-to-month;1;Bank transfer (automatic);6985;51545;36;249809;0,04;5;0,71;Bronze;38;Urban;19;0
7663-ZTEGJ;Male;0;0;1;1;Fiber optic;0;1;1;One year;0;Credit card (automatic);10055;283045;68;213692;0,13;4,5;0,85;Bronze;34;Urban;22;0
3935-TBRZZ;Male;0;1;1;1;0;No internet service;No internet service;No internet service;One year;0;Mailed check;257;11105;175;246129;0,08;4,2;0,02;Gold;44;Urban;20;0
8111-BKVDS;Female;0;0;0;No phone service;DSL;1;1;1;Month-to-month;0;Bank transfer (automatic);407;4493;22;133024;0,28;4,7;0,57;Platinum;45;Suburban;30;1
2055-SIFSS;Female;1;1;1;1;DSL;0;0;0;Month-to-month;0;Bank transfer (automatic);5165;283855;230;220749;0,27;3,3;0,04;Bronze;40;Urban;15;1
2806-MLNTI;Male;1;1;1;1;Fiber optic;0;1;1;One year;1;Bank transfer (automatic);1051;53764;195;235146;0,03;3;0,09;Bronze;53;Urban;12;1
8734-DKSTZ;Female;0;1;1;1;Fiber optic;0;0;0;Month-to-month;0;Electronic check;8595;8586;55;97824;0,15;4,4;0,71;Bronze;20;Suburban;3;0
4360-PNRQB;Male;0;0;1;1;Fiber optic;0;0;0;Month-to-month;1;Bank transfer (automatic);756;139505;61;211837;0,07;3,2;0,74;Gold;50;Urban;1;1
6152-ONASV;Female;0;1;1;1;DSL;1;0;0;One year;0;Bank transfer (automatic);5825;39757;167;177151;0,12;3,2;0,81;Platinum;24;Urban;49;1
9063-ZGTUY;Female;0;1;1;0;0;No internet service;No internet service;No internet service;Month-to-month;1;Mailed check;194;118255;156;128926;0,26;4,5;0,47;Bronze;22;Urban;0;1
7781-HVGMK;Female;0;1;0;No phone service;DSL;1;1;1;Two year;1;Credit card (automatic);652;478445;363;247932;0,16;3,5;0,86;Bronze;43;Urban;25;0
2181-UAESM;Male;0;0;1;0;DSL;1;0;1;Month-to-month;0;Electronic check;5345;1195;8;92975;0,01;4,3;0,17;Bronze;34;Urban;29;0
2957-LOLHO;Male;0;0;1;0;DSL;0;0;0;Month-to-month;1;Bank transfer (automatic);454;5189;28;154877;0,06;4,8;0,25;Silver;34;Urban;53;1
6048-NJXHX;Male;0;1;1;0;0;No internet service;No internet service;No internet service;Two year;1;Electronic check;1975;89945;95;157870;0,24;3,6;0,13;Silver;20;Suburban;37;1
2320-SLKMB;Female;0;0;0;No phone service;DSL;0;0;1;Month-to-month;1;Credit card (automatic);4445;11838;124;161371;0,19;3,4;0,08;Silver;20;Suburban;19;1
4980-URKXC;Male;0;1;1;0;0;No internet service;No internet service;No internet service;One year;0;Bank transfer (automatic);2085;72005;82;237620;0,14;3,2;0,23;Platinum;51;Urban;24;1
4376-KFVRS;Male;0;1;1;1;Fiber optic;1;1;1;Two year;1;Credit card (automatic);11405;84682;380;180970;0,07;3,3;0,16;Bronze;25;Suburban;51;1
5886-VLQVU;Male;0;1;1;1;Fiber optic;0;0;0;Month-to-month;1;Bank transfer (automatic);8985;31612;168;178066;0,01;3,1;0,62;Gold;23;Urban;18;1
3577-AMVUX;Male;0;0;1;0;DSL;0;0;1;Month-to-month;0;Mailed check;5505;5505;2;249808;0,29;3,2;0,08;Bronze;54;Urban;26;1
0771-WLCLA;Female;0;1;1;1;Fiber optic;1;0;1;Month-to-month;1;Electronic check;11295;188255;37;141562;0,16;3,9;0,04;Bronze;39;Suburban;9;0
5628-RKIFK;Female;1;0;1;1;Fiber optic;1;0;0;Month-to-month;0;Credit card (automatic);10155;50704;291;120409;0,12;3,6;0,11;Gold;50;Urban;40;0
0206-TBWLC;Female;0;1;1;1;Fiber optic;1;1;1;One year;1;Mailed check;11465;60495;188;89834;0,16;4,4;0;Platinum;24;Suburban;16;0
2937-FTHUR;Female;0;0;1;1;DSL;1;0;0;Month-to-month;0;Electronic check;648;11667;62;182192;0,23;4,7;0,07;Gold;36;Urban;46;1
1910-FMXJM;Female;0;1;1;0;Fiber optic;0;0;0;Month-to-month;0;Electronic check;804;293765;189;80840;0,01;4,6;0,56;Gold;27;Urban;1;0
7752-XUSCI;Female;0;0;1;1;Fiber optic;0;1;1;Month-to-month;1;Electronic check;1059;639645;347;111568;0,05;4,1;0,21;Gold;40;Suburban;16;0
4110-PFEUZ;Female;0;0;1;0;Fiber optic;0;0;0;Month-to-month;0;Mailed check;6955;6955;5;90846;0,18;3,2;0,23;Bronze;19;Urban;6;1
0732-OCQOC;Female;0;1;1;1;0;No internet service;No internet service;No internet service;Two year;1;Bank transfer (automatic);2505;127025;260;216971;0,02;4,4;0,81;Gold;38;Urban;59;1
5168-MSWXT;Male;0;1;1;0;Fiber optic;0;0;1;Month-to-month;1;Electronic check;9475;75955;28;166038;0,21;3,7;0,05;Gold;41;Urban;15;1
1090-ESELR;Male;0;1;1;0;Fiber optic;1;1;0;Two year;0;Bank transfer (automatic);1055;761155;168;249845;0,26;3,2;0,07;Silver;30;Urban;48;1
8592-PLTMQ;Female;0;0;1;1;0;No internet service;No internet service;No internet service;One year;0;Mailed check;247;164275;326;209789;0,11;4,7;0,45;Silver;22;Suburban;26;0
5760-WRAHC;Female;1;0;1;0;DSL;1;0;1;Month-to-month;1;Mailed check;6975;15454;93;187460;0,02;3,7;0,24;Gold;35;Suburban;58;1
8847-GEOOQ;Male;0;1;0;No phone service;DSL;0;1;1;Month-to-month;1;Bank transfer (automatic);602;35824;221;154723;0,29;3,4;0,97;Gold;28;Suburban;0;1
0256-LTHVJ;Female;0;1;1;0;Fiber optic;0;0;0;Month-to-month;1;Electronic check;8105;22271;157;184194;0,13;4,7;0,57;Bronze;54;Urban;21;0
4785-FCIFB;Female;0;1;1;1;0;No internet service;No internet service;No internet service;Two year;0;Mailed check;244;14179;149;191417;0,19;4,8;0,13;Gold;49;Urban;21;0
8313-NDOIA;Female;0;0;1;1;Fiber optic;0;1;1;Month-to-month;1;Electronic check;10415;249465;95;215383;0,02;3,7;0,41;Gold;45;Suburban;26;0
5149-CUZUJ;Male;0;1;1;0;Fiber optic;0;1;1;One year;0;Bank transfer (automatic);929;276835;57;136888;0,16;3,7;0,33;Bronze;39;Urban;15;0
0942-KOWSM;Female;0;1;1;0;DSL;0;1;1;Two year;0;Bank transfer (automatic);808;23693;116;121616;0,06;4,2;0,21;Gold;45;Urban;59;1
4237-CLSMM;Male;0;1;1;0;0;No internet service;No internet service;No internet service;Month-to-month;0;Mailed check;200;380;4;86083;0,23;4,5;0,93;Bronze;18;Suburban;52;1
1452-VOQCH;Male;0;0;1;1;Fiber optic;0;0;0;Month-to-month;1;Electronic check;751;751;2;223670;0,24;3,1;0,88;Bronze;23;Urban;35;1
4719-UMSIY;Male;0;0;1;0;0;No internet service;No internet service;No internet service;Month-to-month;0;Mailed check;1965;1009;14;162476;0,17;4,2;0,02;Silver;28;Suburban;15;0
6614-VBEGU;Female;0;1;1;0;DSL;0;1;0;Month-to-month;1;Bank transfer (automatic);6945;161405;110;172416;0,15;4,9;0,35;Platinum;50;Urban;23;0
0880-TKATG;Male;0;1;1;1;Fiber optic;0;0;1;Month-to-month;0;Electronic check;10115;3859;19;82580;0,03;3,5;0,76;Bronze;33;Suburban;34;0
3811-VBYBZ;Male;0;0;1;1;Fiber optic;0;1;0;Month-to-month;1;Electronic check;998;67325;30;202834;0,03;4,8;0,21;Gold;30;Urban;32;0
1480-BKXGA;Male;1;1;1;1;Fiber optic;1;1;1;Two year;1;Bank transfer (automatic);11605;84049;421;192148;0,01;4,9;0,59;Silver;38;Suburban;16;0
2996-XAUVF;Male;0;0;0;No phone service;DSL;0;0;0;Two year;1;Mailed check;4005;279975;244;122321;0,09;3,5;0,07;Gold;41;Urban;4;0
9076-AXYIK;Male;1;1;1;1;Fiber optic;0;0;1;Two year;0;Electronic check;1021;653845;201;89386;0,29;4,5;0,65;Gold;44;Suburban;34;1
5968-XQIVE;Male;0;1;1;1;Fiber optic;0;1;0;One year;1;Electronic check;897;658895;394;133171;0,24;3,5;0,71;Gold;54;Urban;18;1
8896-RAZCR;Female;0;0;1;0;0;No internet service;No internet service;No internet service;Two year;0;Mailed check;199;8681;127;230594;0,02;4,5;0,71;Gold;20;Suburban;42;0
4640-UHDOS;Female;0;1;1;0;DSL;0;0;0;Month-to-month;0;Electronic check;5595;73435;76;225707;0,16;4,6;0,96;Gold;29;Suburban;46;1
4933-IKULF;Female;1;0;1;0;0;No internet service;No internet service;No internet service;One year;0;Mailed check;2065;3306;34;211743;0,05;3,5;0,35;Bronze;24;Urban;33;0
3583-EKAPL;Male;0;0;1;0;DSL;0;0;0;Month-to-month;1;Electronic check;550;550;5;113545;0,29;4,4;0,88;Bronze;37;Urban;31;1
1304-BCCFO;Male;0;1;1;0;DSL;0;0;1;Month-to-month;1;Mailed check;7005;5644;19;106855;0,11;4,6;0,02;Bronze;32;Rural;24;0
4104-PVRPS;Male;0;1;1;0;DSL;1;0;0;Month-to-month;0;Mailed check;536;131535;133;115790;0,03;3,7;0,29;Gold;18;Urban;58;1
9399-APLBT;Female;0;1;1;0;Fiber optic;0;1;0;Month-to-month;1;Electronic check;747;747;4;131012;0,15;3,3;0,05;Bronze;27;Suburban;21;1
2359-KMGLI;Male;0;0;1;1;Fiber optic;0;1;0;Month-to-month;1;Electronic check;8025;18615;143;197827;0,26;3,2;0,65;Bronze;31;Urban;38;1
3780-DDGSE;Male;1;1;1;0;DSL;0;1;0;Month-to-month;1;Electronic check;7605;27472;80;94260;0,27;4,2;0,01;Gold;32;Suburban;49;1
4431-EDMIQ;Female;0;1;1;0;DSL;1;1;1;Month-to-month;1;Electronic check;757;55405;29;81074;0;5;0,85;Gold;51;Urban;26;0
0306-JAELE;Male;0;0;1;0;Fiber optic;0;0;0;Month-to-month;1;Electronic check;961;4534;29;220547;0,27;4,6;0,65;Gold;42;Suburban;32;1
6227-HWPWX;Female;0;0;1;0;Fiber optic;0;0;0;Month-to-month;0;Bank transfer (automatic);690;9948;61;226192;0,08;3,9;0,03;Bronze;48;Urban;7;0
0486-LGCCH;Male;0;1;1;0;0;No internet service;No internet service;No internet service;Two year;0;Mailed check;1965;22575;49;234219;0,01;4,1;0,71;Bronze;27;Urban;29;0
0447-BEMNG;Female;0;1;0;No phone service;DSL;1;0;1;Month-to-month;1;Bank transfer (automatic);453;21450;229;81986;0,25;3,6;0,86;Bronze;54;Urban;47;1
4612-SSVHJ;Female;1;0;1;0;Fiber optic;0;0;0;Month-to-month;1;Electronic check;8145;16716;76;243502;0,26;3,3;0,66;Bronze;23;Suburban;25;1
5168-MQQCA;Female;0;1;1;1;Fiber optic;0;1;1;One year;1;Bank transfer (automatic);1085;80038;324;135479;0,18;4;0,03;Bronze;23;Urban;14;0
5949-XIKAE;Female;0;1;1;0;Fiber optic;0;1;0;Month-to-month;1;Electronic check;8355;68005;34;210833;0,17;3,9;0,86;Bronze;45;Urban;35;0
7971-HLVXI;Male;0;1;1;1;Fiber optic;0;0;0;Two year;1;Credit card (automatic);845;613085;403;82176;0,24;4;0,73;Bronze;31;Suburban;44;1
9094-AZPHK;Female;0;0;1;1;Fiber optic;0;1;0;Month-to-month;1;Electronic check;10015;14150;32;164258;0,24;4,9;0,38;Silver;30;Urban;56;1
3649-JPUGY;Male;0;0;1;1;DSL;0;1;1;Two year;1;Bank transfer (automatic);886;620195;224;195188;0,27;4,2;0,33;Bronze;30;Suburban;11;1
4472-LVYGI;Female;0;1;0;No phone service;DSL;1;0;1;Two year;1;Bank transfer (automatic);5255;1397475;0;164153;0,17;4,2;0,48;Bronze;27;Suburban;40;1
8372-JUXUI;Male;0;0;1;1;Fiber optic;0;0;0;Month-to-month;1;Electronic check;7435;7435;5;238187;0,29;3,3;0,87;Gold;33;Urban;44;1
3552-CTCYF;Male;0;1;1;1;Fiber optic;0;1;1;Two year;1;Bank transfer (automatic);1048;659725;240;157442;0,03;5;0,25;Gold;52;Urban;42;1
6778-YSNIH;Female;0;0;1;0;DSL;0;1;0;Month-to-month;1;Electronic check;590;11415;8;120002;0,03;4,5;0,01;Gold;32;Suburban;11;0
0388-EOPEX;Female;0;1;1;0;Fiber optic;1;0;0;Month-to-month;1;Electronic check;744;1394;6;137124;0,25;4,8;0,86;Silver;40;Urban;3;1
5756-OZRIO;Male;1;1;1;1;DSL;0;1;0;One year;0;Bank transfer (automatic);6405;39026;167;217682;0,15;3,8;0,03;Platinum;54;Suburban;57;1
6579-JPICP;Male;0;0;1;0;0;No internet service;No internet service;No internet service;Month-to-month;0;Mailed check;204;204;3;129752;0,12;4;0,91;Platinum;25;Urban;2;1
8205-OTCHB;Male;0;0;0;No phone service;DSL;0;1;1;One year;1;Bank transfer (automatic);4375;9036;75;158947;0,18;4;0,31;Silver;43;Urban;36;0
4134-BSXLX;Male;0;1;1;0;DSL;1;1;0;Month-to-month;0;Mailed check;609;178565;121;198972;0,02;3,4;0,51;Silver;39;Urban;37;1
0505-SPOOW;Female;0;1;1;0;0;No internet service;No internet service;No internet service;Two year;0;Bank transfer (automatic);198;139765;161;154716;0,15;4,4;0,13;Bronze;22;Rural;31;0
6235-VDHOM;Female;1;0;0;No phone service;DSL;0;1;0;Month-to-month;0;Electronic check;2845;13105;29;90073;0,26;4,8;0,09;Gold;51;Suburban;25;1
7783-YKGDV;Female;0;0;1;1;Fiber optic;1;1;1;Month-to-month;1;Bank transfer (automatic);997;123845;71;117251;0,06;3,3;0,75;Silver;44;Urban;3;1
4374-YMUSQ;Male;0;0;1;1;Fiber optic;1;1;1;One year;0;Credit card (automatic);11625;389905;162;176496;0,13;3,2;0,92;Platinum;36;Rural;0;1
4513-CXYIX;Female;1;1;1;1;Fiber optic;1;0;0;Two year;1;Credit card (automatic);807;56760;294;118897;0,28;4,5;0,68;Silver;52;Urban;54;1
3957-HHLMR;Female;0;1;1;1;DSL;1;0;0;One year;0;Bank transfer (automatic);652;454315;226;131616;0,13;3,5;0,18;Platinum;37;Suburban;4;0
7803-XOCCZ;Female;0;1;1;0;Fiber optic;1;0;1;Month-to-month;1;Bank transfer (automatic);8405;43268;273;84482;0,11;4,2;0,31;Gold;30;Suburban;1;0
5736-YEJAX;Male;0;0;1;1;DSL;1;1;1;Two year;1;Credit card (automatic);7945;550255;326;187990;0,13;4,4;0,49;Platinum;35;Suburban;45;0
5609-CEBID;Female;1;0;1;1;Fiber optic;0;1;1;Month-to-month;1;Electronic check;941;17824;53;123284;0,16;3,6;0,61;Bronze;35;Urban;10;0
8981-FJGLA;Male;0;0;1;1;Fiber optic;0;0;1;Month-to-month;1;Mailed check;780;8518;62;152932;0,19;4,6;0,93;Bronze;18;Urban;8;0
7218-HKQFK;Male;0;1;1;0;Fiber optic;0;0;0;Month-to-month;1;Electronic check;942;1675;10;87338;0,24;4,1;0,38;Gold;49;Suburban;7;1
4636-QRJKY;Female;0;1;1;1;Fiber optic;0;0;0;Month-to-month;1;Electronic check;805;50285;34;223572;0,14;4,7;0,07;Gold;42;Urban;57;1
1135-LMECX;Female;0;0;1;0;0;No internet service;No internet service;No internet service;Month-to-month;0;Mailed check;1985;1985;4;222617;0,25;4,5;0,96;Bronze;38;Urban;38;1
4332-MUOEZ;Male;1;1;1;0;Fiber optic;1;0;1;One year;0;Credit card (automatic);943;18183;89;141480;0,16;4,7;0,15;Gold;44;Suburban;14;0
8535-SFUTN;Male;0;0;1;1;Fiber optic;1;0;1;Month-to-month;1;Electronic check;10645;630015;224;216313;0,01;3;0,86;Silver;28;Suburban;8;1
5956-VKDTT;Female;1;1;1;1;Fiber optic;0;0;0;Month-to-month;1;Electronic check;7435;3348;28;233893;0,02;3,5;0,42;Bronze;18;Urban;41;0
8677-HDZEE;Female;0;0;1;1;Fiber optic;0;1;0;Month-to-month;1;Bank transfer (automatic);10545;591695;305;84695;0,22;3,2;0,73;Silver;36;Urban;49;1
2475-MROZF;Male;0;0;1;1;Fiber optic;1;1;1;Month-to-month;1;Credit card (automatic);950;28524;65;94318;0,17;3,9;0,29;Platinum;49;Urban;29;0
9412-GHEEC;Male;0;0;1;1;Fiber optic;0;0;1;Month-to-month;0;Bank transfer (automatic);1048;413195;84;130934;0,02;4,8;0,33;Silver;25;Suburban;28;0
3482-ABPKK;Female;0;0;1;0;DSL;1;0;0;One year;0;Mailed check;543;15463;98;233403;0,05;3,9;0,03;Gold;36;Suburban;50;1
6705-LXORM;Female;1;1;1;0;Fiber optic;0;0;0;Month-to-month;0;Electronic check;7005;3026;26;201282;0,09;4,7;0,97;Bronze;33;Suburban;24;0
0257-ZESQC;Female;1;1;1;0;Fiber optic;1;0;0;Month-to-month;1;Bank transfer (automatic);752;192935;160;171891;0,08;3,7;0,81;Gold;52;Suburban;21;0
7531-GQHME;Male;0;0;1;0;0;No internet service;No internet service;No internet service;Month-to-month;0;Credit card (automatic);2005;26545;31;148754;0,02;3,7;0,09;Platinum;19;Suburban;33;0
5174-ITUMV;Male;0;1;1;1;Fiber optic;0;1;1;One year;1;Electronic check;1054;698945;293;165677;0,01;4,8;0,1;Silver;29;Urban;21;0
4109-CYRBD;Male;1;1;1;1;DSL;0;0;0;Month-to-month;1;Electronic check;516;14420;102;182320;0,23;3,9;0,61;Bronze;46;Urban;45;1
0913-XWSCN;Male;0;1;1;1;Fiber optic;0;0;0;Month-to-month;0;Bank transfer (automatic);855;47134;323;213909;0,08;4,6;0,85;Silver;27;Suburban;29;0
6825-UYPFK;Female;0;0;1;1;Fiber optic;0;0;0;Month-to-month;0;Bank transfer (automatic);756;17586;123;205261;0,09;3,5;0,07;Platinum;39;Urban;52;1
8397-MVTAZ;Male;0;1;1;1;Fiber optic;0;0;1;Month-to-month;1;Electronic check;10005;34800;182;185338;0,16;4,9;0,39;Bronze;51;Rural;9;0
0750-EBAIU;Male;0;0;1;0;Fiber optic;1;0;1;One year;0;Electronic check;9125;47383;201;120077;0,06;4,1;0,67;Silver;38;Suburban;4;0
8606-CIQUL;Male;1;1;1;1;Fiber optic;1;1;1;Two year;1;Credit card (automatic);11575;839915;263;159915;0,27;4,5;0,11;Bronze;54;Urban;4;1
3571-DPYUH;Male;0;1;1;1;Fiber optic;0;1;0;One year;1;Credit card (automatic);947;543035;179;215311;0,03;3,2;0,49;Silver;22;Urban;1;1
7601-GNDYK;Male;0;1;1;0;0;No internet service;No internet service;No internet service;Two year;0;Mailed check;196;68695;77;109669;0,13;4;0,44;Silver;23;Urban;29;0
0356-OBMAC;Female;1;0;1;1;Fiber optic;0;1;1;Two year;1;Bank transfer (automatic);999;57063;305;128624;0,25;4,8;0,22;Platinum;49;Suburban;21;1
8067-NIOYM;Female;0;1;1;0;0;No internet service;No internet service;No internet service;Two year;1;Credit card (automatic);211;49065;126;155147;0,18;4,8;0,03;Silver;20;Suburban;12;0
1403-GYAFU;Male;0;1;1;0;0;No internet service;No internet service;No internet service;Two year;0;Credit card (automatic);2005;136025;419;215222;0,09;3,1;0,97;Silver;27;Urban;38;1
4234-XTNEA;Male;0;0;1;0;Fiber optic;0;0;0;Month-to-month;1;Electronic check;7995;17445;11;222181;0,13;3,6;0,29;Gold;22;Suburban;24;0
1297-VQDRP;Male;1;1;1;1;Fiber optic;0;0;1;One year;1;Credit card (automatic);10715;73798;287;237088;0,21;3,9;0,21;Bronze;41;Suburban;52;1
9282-IZGQK;Female;0;0;1;1;Fiber optic;0;0;0;Month-to-month;1;Electronic check;850;850;5;223008;0,29;3,3;0,54;Silver;37;Urban;26;1
5348-CAGXB;Male;0;0;1;1;Fiber optic;0;0;1;Month-to-month;1;Electronic check;8955;102175;69;222108;0,27;4,5;0,67;Gold;54;Urban;46;1
0621-HJWXJ;Female;0;1;1;1;Fiber optic;0;1;0;Month-to-month;1;Bank transfer (automatic);8155;502905;340;225093;0,01;3,4;0,73;Bronze;48;Urban;26;1
5844-QVTAT;Female;0;1;1;0;DSL;1;1;1;One year;1;Mailed check;5845;19554;98;116943;0,03;3,7;0,75;Bronze;34;Urban;20;1
8905-IAZPF;Female;0;1;1;0;Fiber optic;0;1;0;One year;1;Credit card (automatic);9565;67442;262;193694;0;4,3;0,04;Silver;41;Urban;30;0
5394-MEITZ;Female;0;1;1;0;DSL;0;1;1;Two year;1;Bank transfer (automatic);806;49467;150;234316;0,01;4;0,39;Bronze;35;Urban;14;0
6859-QNXIQ;Female;0;1;1;1;Fiber optic;1;1;1;Two year;1;Bank transfer (automatic);1131;82485;418;203351;0,25;4,5;0,77;Bronze;43;Rural;56;1
2782-LFZVW;Female;0;0;1;1;DSL;0;0;0;Month-to-month;1;Mailed check;5895;6016;48;118985;0,06;4,9;0,09;Platinum;24;Urban;37;0
2866-IKBTM;Female;0;0;1;0;0;No internet service;No internet service;No internet service;Month-to-month;0;Mailed check;1955;1955;2;212574;0,02;3,2;0,06;Silver;31;Urban;38;1
1342-JPNKI;Male;0;0;1;1;Fiber optic;0;0;0;Month-to-month;1;Bank transfer (automatic);8605;8341;46;133836;0,07;4,4;0,05;Gold;19;Urban;35;0
2817-NTQDO;Male;0;0;0;No phone service;DSL;1;0;0;Month-to-month;1;Credit card (automatic);4555;5970;58;179714;0,13;3,5;0,04;Bronze;47;Suburban;35;0
7129-AZJDE;Male;0;1;1;0;Fiber optic;0;0;0;One year;1;Bank transfer (automatic);7895;26472;116;83770;0,22;3,8;0,07;Platinum;34;Suburban;0;1
6986-IJDHX;Male;0;1;1;0;Fiber optic;0;1;0;Month-to-month;1;Mailed check;863;32660;95;122865;0,19;3,1;0,75;Gold;37;Suburban;10;1
2560-PPCHE;Female;0;0;1;1;Fiber optic;0;1;0;One year;1;Bank transfer (automatic);10505;674425;304;133811;0,07;3,3;0,06;Gold;27;Suburban;4;1
4676-MQUEA;Male;1;1;1;1;Fiber optic;1;1;1;One year;1;Bank transfer (automatic);1019;52655;204;84001;0,15;3,6;0,19;Bronze;41;Urban;33;0
8138-EALND;Male;0;0;1;0;0;No internet service;No internet service;No internet service;Month-to-month;0;Mailed check;1975;3116;76;140848;0,28;3,7;0,42;Silver;29;Urban;36;1
3580-HYCSP;Male;0;1;1;1;Fiber optic;1;1;1;Two year;1;Bank transfer (automatic);1103;79669;293;132635;0,24;4,8;0,46;Silver;44;Suburban;4;1
1352-HNSAW;Female;0;1;1;1;Fiber optic;1;1;1;Two year;1;Bank transfer (automatic);1156;82204;389;100946;0,01;4,5;0,41;Gold;32;Urban;19;0
2075-PUEPR;Male;0;1;1;0;0;No internet service;No internet service;No internet service;Two year;0;Bank transfer (automatic);1935;115325;231;175852;0,29;4,9;0,46;Gold;26;Suburban;44;1
1982-FEBTD;Female;0;1;1;1;0;No internet service;No internet service;No internet service;Two year;1;Credit card (automatic);256;51475;97;171103;0,21;4,2;0,71;Bronze;35;Urban;43;1
5301-GAUUY;Male;0;0;1;1;Fiber optic;0;1;0;Month-to-month;1;Bank transfer (automatic);8035;259615;176;123744;0,02;3,5;0,37;Platinum;24;Suburban;41;0
5791-KAJFD;Female;0;1;1;1;DSL;1;0;1;One year;1;Bank transfer (automatic);6875;38080;202;197729;0,01;3,7;0,55;Platinum;45;Urban;12;0
2654-VBVPB;Female;0;0;1;0;0;No internet service;No internet service;No internet service;Month-to-month;0;Bank transfer (automatic);199;199;2;103671;0,05;3,6;0,03;Silver;53;Urban;8;1
1154-HYWWO;Male;0;0;1;0;DSL;1;1;0;One year;0;Mailed check;706;27082;80;227522;0,22;3,7;0,35;Bronze;20;Urban;4;1
2501-XWWTZ;Male;0;0;1;0;Fiber optic;0;0;0;Month-to-month;0;Electronic check;702;76005;55;225980;0,06;4,3;0,61;Gold;33;Suburban;37;0
3716-UVSPD;Male;0;0;1;0;DSL;0;0;0;Month-to-month;1;Electronic check;493;493;4;246590;0,15;4,1;0,49;Silver;53;Urban;31;1
6815-ABQFQ;Male;0;1;1;1;Fiber optic;0;1;0;One year;1;Electronic check;10725;60333;269;137813;0,03;3,8;0,72;Gold;21;Urban;29;0
7343-EOBEU;Male;0;1;1;1;0;No internet service;No internet service;No internet service;Month-to-month;1;Mailed check;236;8905;8;176748;0,28;3,3;0,56;Gold;52;Urban;48;1
3701-SFMUH;Male;0;1;1;0;DSL;1;0;0;Month-to-month;0;Credit card (automatic);697;51615;17;217878;0,01;3;0,08;Bronze;26;Urban;27;1
6103-LIANB;Male;0;1;1;1;Fiber optic;0;0;1;Two year;1;Credit card (automatic);995;586175;121;184733;0,27;3,4;0,44;Silver;29;Urban;36;1
7319-VENRZ;Male;0;0;1;0;DSL;0;0;1;Month-to-month;0;Bank transfer (automatic);643;44595;23;206865;0,28;3,2;0,49;Silver;27;Urban;27;1
5846-NEQVZ;Male;0;1;1;0;DSL;1;0;1;Two year;1;Credit card (automatic);7085;49734;309;163551;0;4,6;0,67;Platinum;19;Suburban;56;1
6967-QIQRV;Male;0;1;1;0;Fiber optic;1;0;0;One year;0;Electronic check;1019;166725;53;209335;0,14;3,2;0,22;Bronze;36;Suburban;59;1
5781-RFZRP;Male;0;1;1;1;DSL;1;1;0;Two year;0;Credit card (automatic);735;535775;266;119220;0,01;4,4;0,39;Bronze;30;Urban;42;0
0939-YAPAF;Female;0;0;1;1;Fiber optic;0;0;1;Month-to-month;1;Electronic check;10025;35276;196;97158;0,27;3,8;0,62;Gold;50;Urban;5;1
0308-IVGOK;Female;0;0;0;No phone service;DSL;0;1;1;One year;1;Credit card (automatic);404;4226;37;160992;0,16;3,1;0,03;Bronze;18;Urban;40;1
7293-LSCDV;Female;0;1;1;0;0;No internet service;No internet service;No internet service;Two year;1;Credit card (automatic);1925;110325;243;238660;0,02;4,6;0,44;Silver;45;Urban;43;0
7025-WCBNE;Male;1;0;1;1;DSL;0;1;0;Two year;0;Bank transfer (automatic);596;27540;241;142576;0,03;4,2;0,06;Bronze;23;Suburban;28;0
5756-JYOJT;Female;0;0;1;0;DSL;0;0;1;One year;0;Credit card (automatic);649;69725;39;168027;0,12;3,5;0,97;Silver;20;Urban;3;0
4710-FDUIZ;Male;0;1;1;1;Fiber optic;0;1;0;One year;0;Credit card (automatic);1003;561445;251;235260;0,28;4,8;0,88;Silver;42;Suburban;17;1
6030-REHUX;Female;1;1;1;1;Fiber optic;0;1;1;Month-to-month;1;Electronic check;11085;32044;152;138830;0,21;3,1;0,28;Silver;33;Urban;14;1
9548-LIGTA;Male;0;1;1;0;DSL;1;1;0;Two year;1;Mailed check;8105;474765;353;215091;0,26;3,4;0,51;Platinum;21;Urban;24;1
5150-LJNSR;Male;0;1;1;1;Fiber optic;1;0;1;One year;0;Bank transfer (automatic);9805;30821;80;92419;0,11;4,5;0,06;Bronze;25;Rural;3;0
8270-RKSAP;Male;0;0;1;0;Fiber optic;0;0;0;Month-to-month;1;Electronic check;705;5979;51;113697;0,01;4,4;0,24;Bronze;33;Urban;13;0
6522-YRBXD;Male;1;1;1;1;Fiber optic;1;1;0;Month-to-month;1;Electronic check;9455;33654;138;164932;0,29;3,6;0,77;Silver;40;Urban;58;1
2640-LYMOV;Male;0;0;1;0;0;No internet service;No internet service;No internet service;Month-to-month;1;Mailed check;1965;388;6;199712;0,01;3,1;0,12;Silver;23;Urban;49;1
1218-VKFPE;Female;0;1;1;0;0;No internet service;No internet service;No internet service;Month-to-month;0;Mailed check;190;23355;46;175428;0,28;4,7;0,26;Silver;33;Urban;16;1
3627-FHKBK;Female;0;0;1;0;Fiber optic;1;0;0;Month-to-month;0;Mailed check;753;753;5;219045;0,11;3,6;0,94;Bronze;33;Urban;33;0
2865-TCHJW;Female;1;0;1;1;Fiber optic;0;0;1;Month-to-month;1;Electronic check;892;3462;15;166649;0;3,4;0,82;Platinum;40;Suburban;52;1
1423-BMPBQ;Female;0;1;1;0;0;No internet service;No internet service;No internet service;Month-to-month;1;Mailed check;190;190;3;202649;0,21;4;0,78;Silver;33;Rural;18;1
2393-DIVAI;Female;0;0;1;0;0;No internet service;No internet service;No internet service;Month-to-month;1;Mailed check;200;617;13;91136;0,29;4,8;0,86;Bronze;53;Suburban;28;1
5192-EBGOV;Female;1;0;1;1;Fiber optic;0;0;0;Month-to-month;1;Electronic check;857;857;2;164739;0,29;3,1;0,75;Silver;29;Urban;21;1
4568-KNYWR;Male;0;0;1;0;DSL;1;1;0;Two year;1;Credit card (automatic);6325;334245;119;142502;0,05;4,5;0,12;Bronze;54;Rural;13;0
8752-IMQOS;Male;0;1;1;0;0;No internet service;No internet service;No internet service;One year;0;Mailed check;201;851;12;242357;0,05;4,1;0,52;Bronze;26;Suburban;35;0
0742-LAFQK;Male;0;1;1;1;Fiber optic;1;1;1;Two year;1;Electronic check;9915;74221;180;103039;0,17;3,9;0,44;Bronze;35;Urban;1;0
0795-LAFGP;Male;0;1;1;1;DSL;1;1;1;Two year;0;Electronic check;904;666805;185;146720;0,19;4,5;0,31;Bronze;26;Urban;44;0
0619-OLYUR;Male;0;1;1;1;Fiber optic;1;0;1;Two year;1;Credit card (automatic);1119;807105;183;203168;0,22;4,9;0,83;Bronze;38;Suburban;6;1
5512-IDZEI;Male;0;1;1;1;0;No internet service;No internet service;No internet service;One year;0;Electronic check;249;11748;209;168263;0,05;3,5;0,46;Silver;18;Suburban;27;0
0459-SPZHJ;Male;0;1;1;1;DSL;1;1;1;Two year;0;Credit card (automatic);835;54350;171;139155;0,29;3,3;0,06;Silver;40;Urban;58;1
0215-BQKGS;Male;0;0;1;0;Fiber optic;1;1;1;Month-to-month;1;Credit card (automatic);843;24386;101;96911;0,19;4,8;0,27;Silver;22;Urban;53;1
9244-ZVAPM;Male;0;0;1;0;DSL;0;0;0;Month-to-month;0;Mailed check;456;456;5;80916;0,25;4,3;0,23;Bronze;36;Rural;7;1
0719-SYFRB;Female;0;0;1;1;DSL;1;0;1;Month-to-month;1;Mailed check;6165;71375;46;139052;0,16;3,9;0,89;Platinum;52;Urban;28;0
8208-EUMTE;Male;0;0;0;No phone service;DSL;1;1;1;Two year;0;Mailed check;5485;91615;74;97790;0,12;4,1;0,65;Gold;50;Urban;9;0
5172-MIGPM;Male;0;0;1;1;DSL;0;0;0;Month-to-month;0;Mailed check;6555;2372;10;216278;0,29;4,5;0,56;Platinum;35;Rural;20;1
1710-RCXUS;Male;0;1;1;1;Fiber optic;0;1;0;One year;1;Credit card (automatic);9035;461455;141;201937;0,17;4,5;0,51;Bronze;31;Urban;34;0
0374-FIUCA;Male;0;1;1;0;0;No internet service;No internet service;No internet service;Two year;1;Credit card (automatic);204;141445;140;165053;0,26;4,8;0,65;Silver;37;Rural;3;1
5839-SUYVZ;Male;0;0;1;0;Fiber optic;0;0;0;Month-to-month;1;Credit card (automatic);7455;11705;42;129950;0,29;3,9;0,75;Bronze;30;Suburban;52;1
5173-ZXXXL;Male;0;0;1;0;0;No internet service;No internet service;No internet service;One year;0;Mailed check;1995;477;6;196211;0,02;3,6;0,55;Gold;33;Urban;20;0
1096-ADRUX;Female;0;1;1;1;Fiber optic;0;0;0;One year;1;Bank transfer (automatic);7425;485925;178;136361;0,16;4,3;0,94;Bronze;48;Urban;37;0
2001-MCUUW;Male;0;0;1;1;Fiber optic;0;1;1;Two year;0;Electronic check;10865;49032;108;141451;0;3,8;0,98;Bronze;52;Urban;24;0
2731-GJRDG;Female;0;0;1;1;Fiber optic;1;0;1;One year;1;Bank transfer (automatic);10955;36080;79;117696;0,01;4,2;0,1;Silver;37;Urban;19;0
4723-BEGSG;Male;0;1;1;1;DSL;1;0;1;Two year;0;Credit card (automatic);8665;609425;276;182395;0,06;3,8;0,67;Silver;18;Suburban;6;0
6516-NKQBO;Male;0;1;1;0;DSL;1;0;1;Two year;0;Credit card (automatic);810;30849;107;204121;0,06;3,3;0,93;Silver;30;Urban;6;1
8672-OAUPW;Male;0;0;1;0;DSL;0;0;0;One year;0;Credit card (automatic);4785;235675;176;126728;0,08;3,9;0,04;Bronze;24;Suburban;31;0
8207-DMRVL;Male;0;1;1;1;Fiber optic;1;1;1;Two year;0;Bank transfer (automatic);11455;830605;288;135401;0,09;4,4;0,86;Silver;39;Suburban;31;0
3419-SNJJD;Female;1;1;1;1;Fiber optic;1;0;1;Month-to-month;0;Bank transfer (automatic);10525;67864;309;105103;0,11;4,6;0,91;Platinum;24;Urban;21;0
6543-CPZMK;Male;0;1;0;No phone service;DSL;0;1;0;Month-to-month;1;Electronic check;2995;24895;19;245335;0,13;4;0,09;Gold;37;Rural;48;1
4765-OXPPD;Female;0;1;1;0;DSL;1;1;1;Month-to-month;0;Mailed check;650;66305;46;130044;0,03;3,3;0,83;Silver;54;Suburban;24;1
2804-ETQDK;Male;0;0;1;0;0;No internet service;No internet service;No internet service;Two year;0;Mailed check;2055;13571;297;137730;0,01;3,8;0,41;Silver;53;Rural;5;0
6689-VRRTK;Female;1;0;1;1;Fiber optic;1;1;1;One year;1;Credit card (automatic);1098;486035;102;105825;0,02;4,6;0,16;Bronze;21;Urban;50;1
7138-GIRSH;Male;0;0;1;1;DSL;0;0;1;Two year;0;Bank transfer (automatic);695;34182;274;117271;0,16;3,8;0,33;Bronze;23;Suburban;26;0
9396-ZSFLL;Female;0;0;1;1;DSL;0;0;0;Month-to-month;0;Mailed check;4885;6314;85;157256;0,13;4,4;0,77;Bronze;20;Urban;17;0
6464-KEXXH;Male;0;0;0;No phone service;DSL;0;0;0;Month-to-month;1;Credit card (automatic);2525;1863;17;146433;0,19;4;0,23;Silver;20;Rural;11;0
7134-MJPDY;Female;1;0;1;1;Fiber optic;0;0;1;One year;1;Credit card (automatic);10285;697675;205;181999;0,25;3,5;0,48;Gold;20;Urban;27;1
5240-CAOYT;Female;0;0;1;1;Fiber optic;1;1;0;Month-to-month;1;Bank transfer (automatic);8755;488485;297;103572;0,13;4,6;0,57;Silver;53;Urban;18;0
4059-IIEBK;Female;0;0;1;1;Fiber optic;0;1;0;Month-to-month;1;Bank transfer (automatic);7855;52295;34;118546;0,19;3,2;0,06;Bronze;26;Urban;42;1
4881-JVQOD;Male;1;1;0;No phone service;DSL;0;0;0;Month-to-month;1;Bank transfer (automatic);3455;3626;27;226222;0,29;4;0,94;Silver;33;Urban;16;1
0516-UXRMT;Female;0;0;1;1;Fiber optic;1;1;1;One year;1;Electronic check;9205;57558;175;134165;0,25;3,4;0,66;Bronze;33;Urban;34;1
4851-BQDNX;Male;0;1;1;0;Fiber optic;0;0;1;One year;1;Electronic check;8505;335565;139;143690;0,13;3,1;0,79;Gold;29;Urban;14;1
5148-HKFIR;Female;0;0;1;0;0;No internet service;No internet service;No internet service;Two year;0;Mailed check;197;40695;78;116948;0,19;4;0,58;Bronze;37;Suburban;4;0
1009-IRMNA;Female;0;0;1;0;0;No internet service;No internet service;No internet service;Month-to-month;0;Bank transfer (automatic);200;1376;31;248102;0,05;4;0,83;Silver;48;Urban;35;0
3003-CMDUU;Female;0;1;1;0;Fiber optic;0;0;0;Month-to-month;1;Electronic check;9515;23957;86;107007;0,17;4,4;0,26;Silver;47;Urban;57;1
5016-IBERQ;Male;0;1;1;1;Fiber optic;0;1;1;Month-to-month;0;Electronic check;8425;19681;88;180819;0,29;4,5;0,21;Bronze;38;Suburban;32;1
6797-UCJHZ;Female;1;1;1;1;Fiber optic;0;1;1;One year;0;Credit card (automatic);1046;681945;329;171207;0,16;4,5;0,93;Bronze;20;Urban;20;0
2469-DTSGX;Female;1;0;1;1;Fiber optic;0;1;1;Two year;0;Electronic check;11165;794345;154;156772;0,28;3,8;0,69;Silver;38;Rural;34;1
4554-YGZIH;Male;1;1;1;1;Fiber optic;0;1;0;Month-to-month;0;Credit card (automatic);9005;454725;147;102024;0,12;4,3;0,67;Bronze;45;Urban;41;0
5099-BAILX;Male;1;1;1;1;Fiber optic;0;1;1;Month-to-month;1;Bank transfer (automatic);11075;46879;208;162912;0,03;4,2;0,47;Silver;45;Urban;26;1
9931-KGHOA;Female;0;1;1;1;DSL;1;0;0;Month-to-month;0;Bank transfer (automatic);550;247395;256;229229;0,17;3,8;0,38;Gold;22;Urban;44;0
1775-KWJKQ;Male;0;1;1;1;DSL;1;1;1;Two year;0;Credit card (automatic);8985;65629;291;165481;0,01;4,2;0,56;Bronze;24;Rural;29;0
7665-VIGUD;Male;0;0;1;0;0;No internet service;No internet service;No internet service;One year;0;Mailed check;2035;1763;41;168553;0,18;4,9;0,12;Silver;22;Suburban;38;0
9411-TPQQV;Female;0;0;0;No phone service;DSL;1;0;0;One year;1;Bank transfer (automatic);5455;22362;97;212828;0,08;3,4;0,45;Platinum;26;Suburban;45;1
7207-RMRDB;Female;0;1;1;1;Fiber optic;0;1;1;Month-to-month;1;Electronic check;1055;698565;246;182488;0,01;4,8;0,46;Silver;38;Urban;57;1
7954-MLBUN;Male;0;0;1;0;Fiber optic;0;0;1;Two year;0;Bank transfer (automatic);9945;31099;128;176741;0,25;3,1;0,54;Platinum;37;Rural;29;1
2077-DDHJK;Female;0;1;1;1;DSL;1;1;1;Two year;0;Credit card (automatic);709;491135;201;158210;0,08;3,6;0,63;Bronze;54;Rural;58;1
4913-EHYUI;Male;1;1;1;1;Fiber optic;1;0;1;One year;1;Bank transfer (automatic);10455;579465;172;215607;0,24;3,6;0,96;Gold;34;Urban;44;1
0195-IESCP;Male;0;1;1;1;Fiber optic;0;0;0;Month-to-month;1;Electronic check;8525;8553;35;127367;0,09;4,3;0,65;Silver;45;Suburban;55;1
9574-BOSMD;Male;0;1;1;1;0;No internet service;No internet service;No internet service;Two year;0;Bank transfer (automatic);254;16202;141;228190;0,06;3,3;0,88;Gold;48;Rural;20;1
4580-TMHJU;Female;0;1;1;0;DSL;0;0;0;Month-to-month;0;Electronic check;5615;24993;141;139884;0,29;4,8;0,56;Bronze;50;Urban;25;1
0970-ETWGE;Male;0;0;1;0;Fiber optic;0;0;0;Month-to-month;1;Electronic check;8955;8955;2;224352;0,11;4,7;0,63;Bronze;49;Urban;23;1
4908-XAXAY;Female;1;0;1;0;Fiber optic;0;1;1;One year;1;Bank transfer (automatic);8985;42872;162;225818;0,18;4,3;0,07;Bronze;49;Suburban;53;1
8404-VLQFB;Female;0;1;1;1;0;No internet service;No internet service;No internet service;Month-to-month;1;Electronic check;2525;39485;37;182572;0,18;3,9;0,13;Platinum;40;Urban;21;0
1626-ERCMM;Male;1;1;1;1;Fiber optic;0;0;0;Month-to-month;1;Electronic check;9455;189965;111;133251;0,17;4,9;0,58;Silver;38;Rural;36;0
0887-HJGAR;Male;0;0;1;0;DSL;0;0;0;Month-to-month;1;Mailed check;457;457;4;164821;0,27;4,7;0,04;Platinum;42;Urban;42;1
2391-IPLOP;Male;0;1;1;1;DSL;0;0;1;One year;1;Electronic check;6965;344215;235;163583;0,02;4;0,08;Bronze;50;Urban;25;0
5644-PDMZC;Female;1;0;1;1;Fiber optic;0;1;0;Month-to-month;0;Electronic check;895;1615;10;90207;0,12;4,4;0,54;Bronze;20;Urban;21;0
3509-GWQGF;Male;1;0;1;0;Fiber optic;0;0;0;Month-to-month;0;Credit card (automatic);700;17326;95;107757;0,26;4,1;0,88;Bronze;23;Suburban;45;1
9576-ANLXO;Female;0;0;1;0;Fiber optic;0;0;0;Month-to-month;1;Bank transfer (automatic);6955;2223;7;227298;0,05;4,2;0,97;Silver;45;Urban;32;0
2024-BASKD;Female;0;0;1;0;Fiber optic;0;0;1;Month-to-month;1;Mailed check;746;746;4;238278;0,16;3,7;0,15;Gold;19;Urban;23;1
5845-BZZIB;Male;0;1;1;0;0;No internet service;No internet service;No internet service;Two year;0;Mailed check;201;6553;152;231328;0,29;3,9;0,39;Bronze;49;Urban;4;1
1140-UKVZG;Female;0;0;1;1;0;No internet service;No internet service;No internet service;Month-to-month;0;Mailed check;248;47525;84;113822;0,19;3,2;0,66;Platinum;43;Suburban;23;1
4160-AMJTL;Female;1;0;1;0;0;No internet service;No internet service;No internet service;Month-to-month;0;Electronic check;1965;1643;29;121340;0,25;3,7;0,31;Bronze;22;Rural;34;1
5183-SNMJQ;Male;0;0;1;0;Fiber optic;0;0;0;Month-to-month;1;Credit card (automatic);951;8651;25;123351;0,02;4,4;0,27;Silver;28;Suburban;57;1
8100-PNJMH;Male;0;1;1;1;DSL;1;1;1;Two year;1;Credit card (automatic);8885;61327;213;186311;0,25;4,9;0,81;Gold;27;Suburban;21;1
7838-LAZFO;Male;0;1;1;0;DSL;1;1;1;One year;0;Bank transfer (automatic);788;35975;155;155320;0,28;4,9;0,98;Bronze;32;Urban;32;1
4464-JCOLN;Male;0;1;1;0;0;No internet service;No internet service;No internet service;One year;0;Mailed check;1985;359;9;182565;0,08;4,1;0,77;Bronze;35;Urban;16;0
2085-JVGAD;Male;0;1;1;0;0;No internet service;No internet service;No internet service;Month-to-month;0;Bank transfer (automatic);2035;69765;158;246229;0,05;4,2;0,52;Bronze;31;Urban;51;1
5650-VDUDS;Female;0;0;0;No phone service;DSL;0;0;0;Month-to-month;1;Mailed check;2425;9605;13;99937;0,15;3,4;0,44;Bronze;45;Suburban;11;1
8095-WANWK;Female;0;0;1;0;DSL;0;0;0;Month-to-month;0;Mailed check;4525;4287;59;91219;0,21;4,4;0,54;Platinum;47;Suburban;29;1
3030-ZKIWL;Male;0;0;1;0;0;No internet service;No internet service;No internet service;Month-to-month;0;Mailed check;2005;2005;4;89399;0,07;3,1;0,46;Platinum;30;Suburban;25;1
9565-FLVCG;Male;0;1;1;1;DSL;1;1;0;Two year;1;Mailed check;6955;445915;191;206733;0;3,6;0,05;Gold;37;Rural;12;0
8755-OGKNA;Female;0;1;1;0;0;No internet service;No internet service;No internet service;Two year;0;Bank transfer (automatic);195;11676;137;238729;0,01;4,3;0,02;Gold;19;Suburban;5;0
2800-VEQXM;Female;0;0;1;0;Fiber optic;0;0;1;Month-to-month;1;Mailed check;7475;2381;7;100047;0,29;3,6;0,09;Bronze;42;Urban;2;1
7538-GWHML;Female;0;0;1;0;Fiber optic;0;0;0;Month-to-month;0;Electronic check;6965;14515;5;165693;0,21;3,1;0,75;Bronze;29;Urban;10;1
5533-RJFTJ;Male;0;0;0;No phone service;DSL;0;0;1;Month-to-month;1;Bank transfer (automatic);302;14531;129;180931;0,12;4,7;0,68;Gold;42;Rural;42;0
3859-CVCET;Female;0;0;1;0;DSL;0;0;0;Month-to-month;0;Mailed check;4565;19105;10;217852;0,06;3,6;0,95;Silver;21;Rural;59;1
0214-JHPFW;Female;0;1;0;No phone service;DSL;0;1;1;Two year;0;Bank transfer (automatic);578;40393;219;107050;0,11;3,1;0,28;Silver;29;Urban;59;1
5642-MHDQT;Female;0;1;1;0;0;No internet service;No internet service;No internet service;One year;1;Bank transfer (automatic);1985;103945;142;153551;0,05;3,1;0,08;Gold;24;Suburban;52;1
3088-FVYWK;Male;0;1;1;1;0;No internet service;No internet service;No internet service;Two year;0;Credit card (automatic);2555;13361;296;148666;0,03;3,5;0,83;Silver;49;Urban;9;0
3276-HDUEG;Female;0;0;1;1;Fiber optic;0;0;0;Month-to-month;1;Mailed check;7505;7505;2;162016;0,27;3,4;0,1;Bronze;23;Urban;10;1
9092-GDZKO;Male;0;0;1;1;0;No internet service;No internet service;No internet service;Month-to-month;1;Credit card (automatic);2485;4934;90;193135;0,03;4,5;0,58;Gold;44;Suburban;15;1
0823-HSCDJ;Male;1;0;0;No phone service;DSL;0;1;0;Month-to-month;1;Electronic check;4915;25509;189;133010;0,05;3,6;0,06;Silver;52;Rural;19;0
3729-OWRVL;Male;1;0;1;1;Fiber optic;1;0;1;Two year;1;Electronic check;11035;724615;385;118165;0,02;4,6;0,78;Gold;38;Urban;41;0
2324-AALNO;Female;0;0;1;1;0;No internet service;No internet service;No internet service;One year;0;Bank transfer (automatic);2455;120395;117;91528;0,01;3,3;0,07;Silver;37;Urban;43;1
0822-GAVAP;Female;0;0;0;No phone service;DSL;0;0;0;Month-to-month;1;Electronic check;347;6225;7;200840;0,14;4;0,54;Bronze;36;Suburban;18;0
5760-IFJOZ;Male;0;0;1;1;Fiber optic;0;1;1;Month-to-month;0;Mailed check;10795;3136;17;216986;0,06;4,4;0,28;Bronze;50;Urban;8;0
2826-UWHIS;Male;0;1;1;1;Fiber optic;0;1;0;Month-to-month;0;Bank transfer (automatic);814;377585;245;117136;0,09;4,3;0,92;Gold;21;Urban;35;0
1448-PWKYE;Male;0;1;1;0;Fiber optic;0;0;0;Month-to-month;0;Electronic check;800;800;5;222251;0,06;4,2;0,45;Silver;36;Urban;57;1
7501-IWUNG;Female;0;1;1;0;DSL;0;0;1;Two year;1;Bank transfer (automatic);738;461605;184;166008;0,23;4,8;0,09;Silver;45;Urban;14;1
4957-TREIR;Male;0;0;1;0;DSL;1;0;0;Month-to-month;1;Credit card (automatic);644;19565;8;92076;0,21;3,5;0,03;Silver;39;Suburban;22;1
7251-LJBQN;Female;1;0;1;1;Fiber optic;0;0;1;One year;1;Credit card (automatic);10375;41884;186;203911;0,19;4;0,39;Silver;41;Urban;20;0
8040-MNRTF;Female;0;0;1;0;Fiber optic;0;0;0;Month-to-month;0;Mailed check;711;711;5;235855;0,12;4,8;0,95;Bronze;47;Urban;38;0
1536-HBSWP;Female;0;0;1;0;DSL;0;0;0;Month-to-month;1;Electronic check;499;499;4;196625;0,27;3,2;0,02;Bronze;46;Rural;4;1
5313-FPXWG;Male;0;0;1;1;0;No internet service;No internet service;No internet service;One year;1;Bank transfer (automatic);246;12664;218;130298;0,29;3,1;0,58;Bronze;27;Rural;50;1
0067-DKWBL;Male;1;0;1;0;DSL;1;0;0;Month-to-month;1;Electronic check;4925;911;6;134304;0,05;3,5;0,39;Bronze;49;Urban;21;0
0946-FKYTX;Male;0;0;0;No phone service;DSL;0;1;0;One year;0;Mailed check;301;16234;264;159360;0,07;4,3;0,77;Silver;26;Urban;56;1
5076-YVXCM;Male;0;0;1;1;Fiber optic;0;0;0;Month-to-month;0;Bank transfer (automatic);834;414945;140;149835;0,16;3,5;0,13;Bronze;42;Urban;30;0
8262-COGGB;Male;0;0;1;0;0;No internet service;No internet service;No internet service;Month-to-month;1;Mailed check;2045;2045;3;192424;0,03;3,4;0,44;Bronze;33;Urban;14;1
6663-JOCQO;Male;0;1;1;1;DSL;1;1;0;One year;1;Bank transfer (automatic);7525;23445;114;219190;0,13;3,9;0,07;Bronze;32;Urban;27;0
9620-QJREV;Male;0;0;1;0;0;No internet service;No internet service;No internet service;One year;0;Credit card (automatic);2055;101305;189;136911;0,17;4,2;0,41;Bronze;35;Urban;37;0
2276-YDAVZ;Female;0;0;1;1;Fiber optic;0;0;0;Month-to-month;1;Credit card (automatic);751;2707;8;183088;0,16;3,5;0,06;Platinum;40;Rural;51;1
2682-KEVRP;Female;1;0;1;0;0;No internet service;No internet service;No internet service;One year;1;Mailed check;2005;4170;54;95185;0,01;3,6;0,71;Bronze;20;Rural;14;0
2480-JZOSN;Female;0;1;1;0;0;No internet service;No internet service;No internet service;Month-to-month;1;Mailed check;2065;2065;4;130613;0,16;4,2;0,05;Silver;24;Suburban;48;1
0078-XZMHT;Male;0;1;1;1;DSL;0;1;1;Two year;1;Bank transfer (automatic);8515;63162;227;244999;0,29;4,9;0,01;Bronze;28;Suburban;18;1
5896-NPFWW;Male;0;1;1;0;DSL;0;0;1;Month-to-month;1;Electronic check;5015;16815;12;80386;0,06;4,3;0,61;Gold;41;Suburban;34;0
9978-HYCIN;Male;1;1;1;0;Fiber optic;0;1;0;One year;1;Bank transfer (automatic);8495;401805;123;110020;0,02;4,6;0,92;Platinum;52;Urban;17;0
8338-QIUNR;Male;0;1;1;1;DSL;1;0;1;Two year;1;Credit card (automatic);665;48116;282;122678;0,01;3,7;0,11;Silver;42;Urban;9;0
1525-LNLOJ;Male;0;1;1;1;DSL;0;0;1;Two year;1;Bank transfer (automatic);633;41897;272;141394;0,02;3,5;0,59;Gold;45;Suburban;14;0
9450-TRJUU;Male;0;0;1;1;Fiber optic;0;0;0;Month-to-month;0;Electronic check;8315;284845;77;195377;0,17;3,9;0,73;Bronze;29;Suburban;49;1
1766-GKNMI;Male;0;0;1;1;Fiber optic;0;0;0;Month-to-month;1;Electronic check;849;25162;97;201716;0,03;4,6;0,07;Bronze;40;Urban;23;0
6942-LBFDP;Female;0;0;1;0;0;No internet service;No internet service;No internet service;Month-to-month;1;Mailed check;2055;336;5;135918;0,01;3,9;0,02;Bronze;34;Urban;46;1
1456-TWCGB;Male;0;0;1;0;DSL;0;1;0;Month-to-month;0;Mailed check;4925;20845;9;195640;0,05;4,7;0,46;Bronze;54;Rural;55;1
7133-VBDCG;Female;0;0;1;0;Fiber optic;1;1;0;Month-to-month;1;Bank transfer (automatic);7985;201535;148;240527;0,17;5;0,79;Bronze;35;Urban;50;1
7596-ZYWBB;Female;0;0;1;0;DSL;1;1;0;Two year;1;Mailed check;596;37398;213;184446;0,21;3,1;0,16;Bronze;26;Urban;19;1
8329-UTMVM;Male;1;0;1;1;Fiber optic;0;1;0;One year;1;Bank transfer (automatic);10465;29640;141;249807;0,06;3,1;0,84;Silver;52;Urban;36;1
3014-WJKSM;Male;0;1;1;0;Fiber optic;0;0;1;Month-to-month;1;Credit card (automatic);753;22634;87;174702;0,02;3,3;0,66;Gold;53;Urban;10;1
3347-YJZZE;Male;0;1;1;1;DSL;0;1;1;Month-to-month;0;Credit card (automatic);801;22118;137;185509;0,05;3,8;0,33;Bronze;35;Urban;8;0
1029-QFBEN;Male;0;0;1;0;0;No internet service;No internet service;No internet service;Month-to-month;0;Mailed check;1955;1955;5;173608;0,18;3,3;0,52;Bronze;37;Urban;4;1
7929-DMBCV;Female;0;1;1;0;Fiber optic;0;0;1;Month-to-month;1;Mailed check;810;16837;87;194310;0,12;4,7;0,97;Silver;38;Suburban;10;0
9661-JALZV;Female;0;0;1;1;0;No internet service;No internet service;No internet service;Two year;1;Credit card (automatic);247;15190;225;223181;0,02;3;0,22;Silver;37;Urban;53;1
5433-KYGHE;Female;0;0;1;1;Fiber optic;1;0;0;Month-to-month;1;Mailed check;860;116405;51;125802;0,03;3,6;0,05;Bronze;23;Suburban;38;1
4312-KFRXN;Male;0;1;1;1;0;No internet service;No internet service;No internet service;Two year;0;Mailed check;254;17109;244;114622;0,28;3,4;0,62;Bronze;26;Urban;26;1
5575-TPIZQ;Male;0;0;1;1;Fiber optic;1;0;0;Month-to-month;1;Credit card (automatic);8915;424555;263;189935;0;4,9;0,14;Silver;46;Urban;1;0
0114-IGABW;Female;0;1;0;No phone service;DSL;0;1;1;Two year;0;Bank transfer (automatic);5825;41459;377;197919;0,27;4,3;0,04;Bronze;46;Suburban;51;1
9944-AEXBM;Male;0;0;1;1;Fiber optic;0;0;0;Month-to-month;1;Bank transfer (automatic);8565;26643;187;213669;0,02;4,8;0,01;Gold;30;Suburban;53;1
1853-ARAAQ;Female;0;0;0;No phone service;DSL;0;0;1;Month-to-month;1;Credit card (automatic);5035;12775;64;149519;0,29;4,9;0,32;Bronze;53;Suburban;19;1
6952-OMNWB;Male;1;1;1;1;Fiber optic;0;0;1;Month-to-month;1;Credit card (automatic);8035;55893;334;228112;0,08;4;0,07;Bronze;44;Urban;20;0
4697-LUPSU;Male;0;1;1;0;0;No internet service;No internet service;No internet service;One year;0;Mailed check;202;3475;11;124772;0,11;3,5;0,08;Silver;23;Urban;50;1
8434-VGEQQ;Male;0;1;1;0;0;No internet service;No internet service;No internet service;Two year;0;Credit card (automatic);2055;130595;166;202431;0,03;3,4;0,1;Platinum;49;Suburban;49;1
4952-YSOGZ;Female;0;1;1;1;Fiber optic;0;0;0;Month-to-month;1;Electronic check;8595;3813;9;176090;0,03;3,4;0,06;Silver;45;Urban;29;1
1589-AGTLK;Male;0;0;1;0;DSL;0;0;0;Month-to-month;1;Electronic check;4535;1415;14;238988;0,22;4,4;0,43;Bronze;18;Suburban;47;1
5244-IRFIH;Male;1;1;1;1;Fiber optic;0;0;0;Month-to-month;1;Electronic check;945;310555;141;124871;0,28;3,1;0,03;Bronze;48;Urban;0;1
6549-YMFAW;Male;1;1;1;0;0;No internet service;No internet service;No internet service;Month-to-month;1;Mailed check;2125;20455;48;106372;0,18;3,1;0,13;Silver;47;Suburban;34;1
4950-HKQTE;Female;0;0;1;1;0;No internet service;No internet service;No internet service;Two year;0;Mailed check;2625;6059;56;119080;0,21;4,2;0,32;Bronze;35;Suburban;25;1
6786-OBWQR;Female;0;1;1;0;Fiber optic;0;0;0;Month-to-month;1;Electronic check;8085;3561;25;186242;0,23;4,3;0,39;Silver;46;Urban;31;1
2684-EIWEO;Female;1;0;1;1;Fiber optic;1;1;1;Month-to-month;0;Credit card (automatic);917;275815;84;122722;0,08;4,3;0,94;Silver;40;Urban;8;0
2753-JMMCV;Male;0;0;1;1;DSL;0;1;1;Two year;1;Credit card (automatic);742;480565;172;109048;0,01;3,7;0,04;Bronze;39;Suburban;48;1
6439-GTPCA;Female;0;0;1;1;Fiber optic;0;0;1;Month-to-month;1;Electronic check;8725;39417;119;165205;0;4,6;0,05;Bronze;19;Suburban;39;0
6621-YOBKI;Male;0;0;1;0;0;No internet service;No internet service;No internet service;Month-to-month;0;Mailed check;2035;9275;26;220849;0,11;4,1;0,25;Gold;22;Urban;20;0
1216-JWVUX;Male;0;1;1;0;Fiber optic;0;1;0;Month-to-month;1;Electronic check;755;190105;116;134711;0,07;3,2;0;Silver;32;Urban;15;1
7564-GHCVB;Female;0;1;1;1;Fiber optic;1;0;0;Two year;0;Bank transfer (automatic);7905;57307;294;247403;0,02;4,6;0,09;Gold;49;Urban;11;0
1173-NOEYG;Female;0;1;1;1;Fiber optic;0;0;1;Month-to-month;0;Bank transfer (automatic);9015;24234;92;100968;0,05;4,9;0,08;Bronze;23;Urban;35;0
7595-EHCDL;Male;0;1;0;No phone service;DSL;0;0;1;Month-to-month;0;Credit card (automatic);506;165345;176;91292;0,04;3,1;0,96;Silver;31;Urban;36;1
6647-ZEDXT;Female;0;0;1;1;Fiber optic;0;1;1;One year;0;Credit card (automatic);11045;332705;107;159459;0,27;3,8;0,13;Bronze;41;Rural;26;1
2521-NPUZR;Male;0;1;1;0;Fiber optic;1;1;1;Two year;0;Credit card (automatic);1010;70855;368;130192;0,04;4;0,06;Bronze;38;Urban;6;0
1307-TVUFB;Male;1;0;1;1;Fiber optic;0;1;0;Month-to-month;1;Bank transfer (automatic);7935;33441;157;238775;0,16;3,3;0,1;Silver;31;Rural;29;1
7503-MIOGA;Female;1;1;1;1;DSL;1;1;1;Two year;1;Bank transfer (automatic);8985;669735;252;164193;0,18;4,7;0,14;Gold;29;Suburban;23;0
4381-MHQDC;Female;0;0;1;1;DSL;1;0;1;Two year;1;Mailed check;650;28799;180;149165;0,16;3,6;0,42;Bronze;21;Urban;49;1
6923-JHPMP;Female;0;0;1;0;Fiber optic;1;0;1;Month-to-month;1;Electronic check;8045;1371;6;147650;0,03;4,6;0,78;Gold;38;Urban;53;1
5138-WVKYJ;Male;0;0;1;1;Fiber optic;1;0;0;Month-to-month;0;Electronic check;9855;100855;49;209858;0,01;4,3;0,03;Silver;34;Suburban;29;0
4018-PPNDW;Female;0;1;1;1;0;No internet service;No internet service;No internet service;Two year;1;Mailed check;241;15516;244;181398;0,02;4,2;0,69;Bronze;46;Urban;19;0
1635-FJFCC;Female;0;0;1;0;DSL;0;0;0;Month-to-month;1;Credit card (automatic);4405;20215;14;177885;0,12;3,4;0,08;Gold;33;Urban;45;1
2499-AJYUA;Female;1;1;1;1;Fiber optic;0;1;1;Two year;1;Credit card (automatic);1108;788225;403;233329;0,06;3,4;0,24;Silver;35;Rural;39;1
6919-ELBGL;Male;1;1;1;1;Fiber optic;1;1;1;Two year;1;Bank transfer (automatic);11495;81964;254;180588;0,17;3,1;0,16;Silver;28;Urban;44;1
3966-HRMZA;Female;1;0;1;0;Fiber optic;0;0;1;Month-to-month;0;Mailed check;7505;2029;12;183356;0,21;3,5;0,91;Silver;49;Urban;27;1
6425-JWTDV;Male;0;1;1;0;0;No internet service;No internet service;No internet service;Two year;0;Mailed check;1925;8551;270;163509;0,16;3,7;0,18;Silver;45;Urban;3;0
8405-IGQFX;Female;0;0;1;0;Fiber optic;0;0;1;One year;1;Credit card (automatic);9005;58170;283;131672;0,13;4,7;0,04;Gold;33;Suburban;11;0
8224-IVVPA;Female;0;0;1;0;DSL;1;1;0;Month-to-month;1;Mailed check;567;165295;66;102113;0,12;3,7;0,59;Bronze;51;Urban;2;0
9477-LGWQI;Male;0;1;1;0;DSL;1;1;1;Two year;1;Credit card (automatic);8015;560015;403;80694;0,25;4,5;0,35;Bronze;47;Urban;36;1
1410-RSCMR;Male;0;1;1;0;DSL;1;0;1;Month-to-month;1;Credit card (automatic);7135;51575;31;95588;0,07;3,9;0,41;Gold;39;Urban;3;0
3115-CZMZD;Male;0;0;1;0;0;No internet service;No internet service;No internet service;Two year;0;Mailed check;2025;1397475;0;144373;0,22;4,6;0,12;Gold;22;Suburban;14;1
0139-IVFJG;Female;0;1;1;0;Fiber optic;1;1;0;Month-to-month;0;Electronic check;9035;1905;5;165603;0,23;5;0,75;Bronze;26;Suburban;27;1
6683-VLCTZ;Male;1;0;1;1;Fiber optic;0;0;1;Month-to-month;1;Electronic check;9855;18428;103;86704;0,13;3,5;0,06;Bronze;30;Urban;36;0
5730-DBDSI;Male;0;0;1;0;0;No internet service;No internet service;No internet service;Two year;0;Bank transfer (automatic);197;12538;295;120136;0,09;4,7;0,36;Silver;40;Suburban;8;0
0030-FNXPP;Female;0;0;1;0;0;No internet service;No internet service;No internet service;Month-to-month;0;Mailed check;1985;572;12;147507;0,14;4,2;0,17;Bronze;44;Urban;13;0
2189-WWOEW;Female;0;0;1;0;Fiber optic;0;1;0;Month-to-month;1;Bank transfer (automatic);859;126955;83;127361;0,03;4,6;0,59;Silver;49;Urban;58;1
5684-FJVYR;Female;0;1;1;1;Fiber optic;1;1;0;Two year;1;Bank transfer (automatic);9035;65634;371;138847;0,01;4,3;0,78;Bronze;48;Rural;31;0
4013-GUXND;Male;0;0;1;0;0;No internet service;No internet service;No internet service;Month-to-month;0;Mailed check;208;208;2;186359;0,03;3,8;0,31;Silver;50;Urban;47;1
1894-IGFSG;Female;0;0;1;0;Fiber optic;0;0;0;Month-to-month;0;Electronic check;8925;190785;71;222513;0,06;3,5;0,03;Bronze;43;Rural;2;0
7379-POKDZ;Male;0;1;1;0;Fiber optic;0;0;0;Month-to-month;1;Electronic check;703;20885;8;198906;0,15;3,1;0,21;Silver;35;Suburban;46;1
1266-NZYUI;Female;0;1;1;1;DSL;1;0;1;Two year;0;Bank transfer (automatic);6685;47588;358;94677;0,25;4,1;0,68;Silver;29;Urban;17;1
7969-FFOWG;Male;0;1;1;0;0;No internet service;No internet service;No internet service;Two year;0;Mailed check;199;12926;138;107818;0,07;5;0,99;Silver;20;Suburban;49;1
4718-DHSMV;Female;0;0;0;No phone service;DSL;0;0;0;Month-to-month;1;Mailed check;358;36315;47;81868;0,28;4,5;0,01;Bronze;22;Urban;13;1
5175-WLYXL;Male;0;0;1;1;Fiber optic;0;1;0;Month-to-month;1;Mailed check;7885;160025;111;163591;0,29;3,7;0,31;Bronze;31;Urban;24;1
7817-OMJNA;Male;0;0;1;0;0;No internet service;No internet service;No internet service;One year;0;Bank transfer (automatic);204;2757;77;203962;0,29;4,7;0,06;Bronze;29;Suburban;38;1
8728-SKJLR;Male;0;0;1;0;Fiber optic;0;0;0;Month-to-month;1;Electronic check;7425;30891;138;147264;0,25;4,5;0,32;Silver;21;Suburban;25;1
3137-NYQQI;Male;0;1;1;0;DSL;1;1;0;One year;0;Mailed check;648;11756;89;153168;0,11;3,6;0,41;Silver;33;Urban;59;1
7706-DZNKK;Male;0;0;1;0;0;No internet service;No internet service;No internet service;Month-to-month;1;Credit card (automatic);2045;2373;26;223115;0,02;3;0,92;Bronze;28;Suburban;51;1
0236-HFWSV;Male;0;0;1;1;Fiber optic;0;0;0;Month-to-month;1;Electronic check;9335;144465;80;151939;0,17;3,2;0,08;Gold;53;Rural;5;1
3900-AQPHZ;Female;0;0;1;0;0;No internet service;No internet service;No internet service;Month-to-month;0;Mailed check;199;199;2;95732;0,17;4,8;0,78;Gold;19;Urban;25;1
5842-POCOP;Female;0;1;1;0;Fiber optic;1;0;1;Month-to-month;1;Mailed check;889;45415;17;135244;0,25;4,7;0,04;Silver;30;Suburban;47;1
2037-XJFUP;Male;0;1;1;0;Fiber optic;0;0;1;One year;1;Electronic check;958;303675;171;229598;0,03;3,6;0,81;Bronze;25;Urban;53;1
8823-RLPWL;Female;0;1;1;1;Fiber optic;1;1;1;Two year;1;Credit card (automatic);11065;806565;187;89340;0,15;3,6;0,51;Gold;38;Urban;50;1
9505-SQFSW;Female;0;1;0;No phone service;DSL;0;1;0;Month-to-month;0;Mailed check;403;925;8;102394;0,01;4,6;0,04;Gold;43;Rural;40;0
7314-OXENN;Male;0;0;1;1;Fiber optic;0;1;0;Month-to-month;1;Electronic check;820;18465;9;178557;0,06;4,9;0,95;Platinum;52;Urban;51;1
3758-CKOQL;Female;0;1;1;1;Fiber optic;1;1;1;One year;1;Credit card (automatic);1070;61523;287;215174;0;4,6;0,08;Bronze;32;Suburban;0;0
0322-CHQRU;Male;0;0;1;0;DSL;0;0;0;Month-to-month;0;Electronic check;4535;895;9;99159;0,15;4,2;0,06;Platinum;47;Urban;49;1
5676-CFLYY;Male;0;1;1;0;DSL;0;1;0;Two year;1;Credit card (automatic);7335;51545;339;202366;0,17;3,5;0,88;Bronze;19;Urban;20;0
7521-AFHAB;Female;0;1;1;0;DSL;0;0;0;Month-to-month;0;Mailed check;448;22045;20;86212;0,25;4,1;0,08;Silver;33;Suburban;13;1
0285-INHLN;Male;0;1;1;0;DSL;1;1;0;Month-to-month;1;Credit card (automatic);5475;15103;81;117405;0,15;3,5;0,55;Silver;30;Urban;45;0
4678-DVQEO;Female;0;0;1;0;DSL;0;0;0;Month-to-month;1;Electronic check;522;522;3;210632;0,27;4,6;0,82;Silver;18;Urban;7;1
5125-CNDSP;Male;0;0;0;No phone service;DSL;1;1;0;One year;1;Bank transfer (automatic);406;258895;171;157061;0,19;3,8;0,99;Silver;45;Rural;54;1
0691-IFBQW;Female;1;0;1;1;Fiber optic;1;1;1;One year;1;Electronic check;1100;48748;259;174296;0,25;4,7;0,72;Bronze;18;Rural;24;1
4992-LTJNE;Male;0;1;1;1;DSL;1;0;0;Two year;0;Bank transfer (automatic);553;39836;312;135186;0,04;3,8;0,28;Gold;51;Urban;48;1
2202-OUTMO;Female;0;1;1;1;DSL;1;0;0;Month-to-month;1;Bank transfer (automatic);6085;20036;122;203145;0,26;4,6;0,07;Silver;30;Urban;17;1
0810-BDHAW;Female;0;1;1;1;DSL;1;1;0;One year;0;Electronic check;784;18324;92;90532;0,02;3,7;0,71;Platinum;19;Urban;14;0
0229-LFJAF;Male;0;0;1;1;DSL;1;1;1;Two year;0;Bank transfer (automatic);6965;490825;416;146540;0,05;3,9;0,07;Bronze;21;Suburban;41;0
7131-ZQZNK;Female;0;1;0;No phone service;DSL;1;0;1;Two year;0;Credit card (automatic);5985;35902;156;183021;0,06;4,2;0,85;Silver;42;Urban;19;0
3442-ZHHCC;Male;0;0;1;1;DSL;1;1;1;One year;1;Credit card (automatic);769;50230;295;83271;0,28;3,1;0,09;Silver;51;Urban;15;1
5726-CVNYA;Female;0;1;1;0;0;No internet service;No internet service;No internet service;Two year;1;Mailed check;1985;1466;32;80209;0,01;4,9;0,11;Silver;30;Suburban;6;0
9871-ELEYA;Female;0;0;1;0;DSL;1;0;1;Two year;0;Credit card (automatic);6765;23393;151;216611;0,14;4,1;0,64;Gold;53;Urban;28;0
4257-GAESD;Female;0;0;0;No phone service;DSL;0;0;0;Month-to-month;0;Credit card (automatic);450;2987;12;99977;0,09;4;0,95;Bronze;49;Urban;30;0
5173-WXOQV;Male;0;1;1;0;DSL;0;1;0;Month-to-month;1;Mailed check;642;14365;10;189920;0,02;4,7;0,47;Bronze;38;Urban;28;0
2040-OBMLJ;Male;0;0;1;1;Fiber optic;0;0;0;One year;0;Credit card (automatic);817;254865;177;208156;0,25;4,7;0,96;Gold;43;Suburban;16;1
6286-ZHAOK;Female;0;1;1;1;0;No internet service;No internet service;No internet service;Month-to-month;1;Bank transfer (automatic);2555;5074;85;179588;0,11;4;0,94;Silver;32;Urban;4;0
3807-XHCJH;Female;0;1;1;0;0;No internet service;No internet service;No internet service;Month-to-month;0;Electronic check;200;200;4;148684;0,13;4,9;0,09;Bronze;46;Urban;17;1
3009-JWMPU;Male;0;0;1;1;Fiber optic;0;0;1;One year;1;Electronic check;9675;61254;352;203862;0,29;3,1;0,91;Silver;43;Suburban;13;1
5671-RQRLP;Female;1;1;1;1;Fiber optic;0;0;0;Two year;1;Credit card (automatic);7565;54114;338;85607;0,24;3,2;0,09;Silver;38;Suburban;30;1
1450-GALXR;Female;0;0;1;1;Fiber optic;0;0;0;Month-to-month;1;Electronic check;985;105825;26;174786;0,27;4,2;0,82;Silver;29;Urban;49;1
8859-AXJZP;Male;0;1;1;1;0;No internet service;No internet service;No internet service;Two year;1;Mailed check;238;9038;167;206406;0,13;3,7;0,69;Bronze;29;Urban;17;0
3174-AKMAS;Female;0;1;1;0;DSL;0;1;0;Two year;1;Credit card (automatic);642;30095;203;229666;0,07;3,9;0,02;Silver;22;Urban;46;1
3138-BKYAV;Male;0;0;1;0;Fiber optic;0;1;0;Month-to-month;1;Electronic check;8535;48945;22;87399;0,12;3,7;0,13;Silver;43;Urban;24;0
9926-PJHDQ;Female;0;1;1;1;DSL;0;0;1;Two year;1;Bank transfer (automatic);768;546845;356;206812;0,21;3,8;0,13;Gold;49;Urban;10;1
7382-DFJTU;Male;0;0;1;0;DSL;0;0;1;Month-to-month;0;Credit card (automatic);552;10581;103;236189;0,03;4,6;0,02;Gold;19;Urban;25;0
2798-NYLMZ;Male;0;1;1;1;Fiber optic;1;0;1;Two year;1;Credit card (automatic);10855;76160;404;178662;0,08;4,2;0,12;Silver;25;Suburban;4;0
4289-DTDKW;Male;0;1;1;1;Fiber optic;0;1;0;Month-to-month;1;Electronic check;1013;41131;152;113617;0,01;5;0,92;Bronze;44;Urban;15;0
1820-TQVEV;Male;0;0;1;0;Fiber optic;0;0;0;Month-to-month;1;Electronic check;6955;6955;2;218570;0,13;4,6;0,66;Bronze;54;Urban;7;1
2239-JALAW;Male;0;0;1;1;Fiber optic;0;1;1;One year;1;Bank transfer (automatic);10325;601765;344;182826;0,25;3,5;0,31;Bronze;25;Urban;12;1
4853-RULSV;Male;0;0;1;1;Fiber optic;1;0;0;Two year;1;Credit card (automatic);1040;725015;374;209851;0,01;3,5;0,79;Bronze;41;Rural;57;1
8098-TDCBU;Female;0;1;1;1;0;No internet service;No internet service;No internet service;Two year;0;Electronic check;2525;11082;104;191077;0,02;3,7;0,49;Gold;30;Urban;31;0
3551-GAEGL;Male;0;1;0;No phone service;DSL;1;0;0;One year;0;Bank transfer (automatic);304;93865;193;130624;0,28;4,7;0,14;Gold;46;Suburban;53;1
4785-NKHCX;Male;1;0;1;0;0;No internet service;No internet service;No internet service;Month-to-month;0;Bank transfer (automatic);2005;9415;27;89628;0,07;3,1;0,88;Silver;30;Urban;26;1
3196-NVXLZ;Female;0;0;1;1;Fiber optic;0;0;0;Month-to-month;1;Mailed check;846;208805;101;211401;0,21;3,5;0,34;Bronze;40;Suburban;48;1
6275-YDUVO;Female;0;0;1;0;Fiber optic;0;0;1;Month-to-month;1;Mailed check;862;1787;8;118619;0,29;4,8;0,07;Bronze;32;Urban;25;1
0036-IHMOT;Female;0;1;1;0;Fiber optic;0;1;1;One year;1;Bank transfer (automatic);1037;565675;197;87032;0,29;4,3;0,29;Gold;41;Urban;8;1
0115-TFERT;Male;0;1;1;1;Fiber optic;0;1;1;Month-to-month;1;Electronic check;1112;23171;46;118034;0,07;3,5;0,05;Gold;40;Suburban;46;1
4178-EGMON;Male;0;1;1;1;Fiber optic;1;1;0;Two year;1;Credit card (automatic);880;598645;233;182658;0,03;3,4;0,82;Bronze;27;Urban;6;1
4220-TINQT;Female;0;1;1;1;Fiber optic;0;0;1;Month-to-month;1;Electronic check;10635;675135;317;201123;0,04;4,7;0,16;Silver;22;Urban;58;1
5318-YKDPV;Male;0;1;1;0;DSL;1;0;1;Two year;1;Credit card (automatic);7915;35666;86;166158;0,21;4,8;0,98;Bronze;22;Urban;49;1
7975-TZMLR;Male;0;0;1;1;Fiber optic;0;1;1;One year;1;Electronic check;1031;48893;156;135264;0,22;3,5;0,07;Bronze;48;Urban;45;1
0295-QVKPB;Male;0;0;1;0;DSL;0;0;1;Month-to-month;1;Credit card (automatic);6395;3181;17;174120;0,02;3,8;0,53;Bronze;18;Suburban;7;0
4335-BSMJS;Female;0;0;1;1;0;No internet service;No internet service;No internet service;Two year;1;Credit card (automatic);258;156395;257;127850;0,01;4,7;0,92;Silver;19;Urban;1;0
2311-QYMUQ;Female;0;1;1;0;Fiber optic;0;1;1;Month-to-month;1;Credit card (automatic);8945;143025;90;84722;0,05;4,5;0,95;Bronze;46;Urban;17;0
3643-AHCFP;Male;1;1;1;1;Fiber optic;0;0;0;Month-to-month;1;Bank transfer (automatic);956;64435;23;97772;0,17;4,6;0,23;Bronze;24;Urban;35;0
9146-JRIOX;Female;0;1;1;1;0;No internet service;No internet service;No internet service;Month-to-month;0;Mailed check;2555;37245;47;166105;0,15;4;0,14;Bronze;46;Urban;23;0
3104-OWCGK;Male;0;1;1;0;Fiber optic;0;1;1;One year;0;Electronic check;9095;54534;297;84576;0,22;4,8;0,72;Bronze;26;Urban;54;1
5337-IIWKZ;Male;0;1;0;No phone service;DSL;0;0;1;Month-to-month;1;Electronic check;4485;14426;129;237779;0,13;3,7;0,04;Silver;53;Urban;33;0
9101-BWFSS;Female;0;1;1;1;Fiber optic;1;1;0;One year;0;Electronic check;10855;56107;144;179404;0,01;3,3;0,49;Bronze;24;Urban;41;1
9650-VBUOG;Male;0;1;1;1;0;No internet service;No internet service;No internet service;Two year;0;Credit card (automatic);2505;96395;144;121476;0,09;4,4;0,08;Gold;45;Suburban;37;0
3487-EARAT;Female;0;1;1;0;DSL;1;1;1;One year;0;Credit card (automatic);741;52223;179;241357;0,06;4,1;0,56;Bronze;27;Urban;10;0
2672-TGEFF;Female;0;1;1;1;Fiber optic;0;1;0;Month-to-month;1;Electronic check;888;334055;100;104154;0,08;4,7;0,19;Bronze;33;Suburban;58;1
9231-ZJYAM;Female;1;0;1;0;Fiber optic;0;0;0;Month-to-month;1;Electronic check;7885;2928;15;231126;0,03;3,2;0,49;Bronze;27;Suburban;51;1
4250-WAROZ;Male;1;1;1;1;Fiber optic;1;1;0;Month-to-month;1;Electronic check;9325;577455;220;97165;0,01;4,7;0,92;Bronze;43;Urban;9;0
8184-WMOFI;Male;0;1;1;0;DSL;1;0;1;One year;0;Credit card (automatic);714;44873;350;94439;0,01;3,6;0,62;Bronze;51;Urban;28;0
6982-SSHFK;Male;0;0;1;0;DSL;0;0;0;Month-to-month;0;Mailed check;444;444;3;198211;0,06;4,3;0,72;Bronze;51;Urban;48;1
6092-QZVPP;Male;0;0;1;0;DSL;1;0;1;Month-to-month;1;Credit card (automatic);792;285495;155;124518;0,22;3,1;0,34;Gold;31;Urban;55;1
4625-LAMOB;Male;0;0;1;0;0;No internet service;No internet service;No internet service;Two year;0;Credit card (automatic);204;90555;199;106962;0,01;4,2;0,19;Silver;35;Suburban;39;0
0727-BMPLR;Female;1;0;1;1;Fiber optic;0;0;1;One year;1;Electronic check;1000;55093;112;117763;0,02;4,4;0,26;Gold;18;Suburban;5;0
0392-BZIUW;Female;0;1;1;1;Fiber optic;1;0;1;Two year;1;Credit card (automatic);1050;75898;335;196189;0,22;3,7;0,53;Bronze;34;Urban;47;1
1038-ZAGBI;Female;0;1;1;0;0;No internet service;No internet service;No internet service;One year;0;Bank transfer (automatic);198;2296;32;190290;0,17;3,4;0,28;Silver;39;Urban;9;1
6549-NNDYT;Female;0;0;0;No phone service;DSL;1;0;0;Month-to-month;1;Bank transfer (automatic);3085;3941;75;190814;0,29;4,1;0,54;Bronze;54;Suburban;29;1
3027-ZTDHO;Male;0;0;1;0;Fiber optic;0;0;0;Month-to-month;1;Electronic check;899;899;2;99464;0,01;4,7;0,71;Gold;33;Urban;54;1
0422-OHQHQ;Female;0;1;1;0;0;No internet service;No internet service;No internet service;One year;0;Mailed check;2055;29595;54;203980;0,22;3,6;0,73;Platinum;24;Rural;27;1
6916-HIJSE;Female;0;0;1;0;DSL;1;1;1;Two year;1;Bank transfer (automatic);8485;54592;152;244342;0,29;3,5;0,16;Gold;32;Urban;28;1
2316-ESMLS;Female;0;1;0;No phone service;DSL;1;0;0;One year;0;Credit card (automatic);3315;44475;71;122299;0,26;3,6;0,75;Bronze;38;Urban;50;1
9778-OGKQZ;Male;0;1;1;1;DSL;1;1;1;Two year;1;Credit card (automatic);920;678215;288;111541;0,05;4,9;0,67;Bronze;19;Suburban;24;0
7408-OFWXJ;Female;0;1;1;1;DSL;1;1;1;Two year;0;Credit card (automatic);898;651045;315;153545;0,01;3,7;0,01;Bronze;42;Urban;35;0
6007-TCTST;Female;0;1;1;1;Fiber optic;1;1;1;Two year;1;Bank transfer (automatic);1158;84765;163;209188;0,05;3;0,06;Bronze;26;Suburban;26;1
2252-NKNSI;Male;0;0;1;1;DSL;1;1;0;Two year;1;Mailed check;8515;446185;259;109765;0,18;4,6;0,65;Bronze;37;Urban;33;0
8713-IGZSO;Male;0;0;1;1;0;No internet service;No internet service;No internet service;Month-to-month;0;Mailed check;2485;620;5;103769;0,21;4,4;0,38;Bronze;27;Suburban;51;1
7905-TVXTA;Female;0;0;1;0;DSL;1;0;0;Month-to-month;1;Electronic check;6435;35265;27;100156;0,01;3,3;0,15;Bronze;38;Rural;33;1
7695-PKLCZ;Female;0;0;1;0;0;No internet service;No internet service;No internet service;Two year;0;Credit card (automatic);205;14249;191;224507;0,16;5;0,04;Silver;21;Urban;31;0
2382-BCKQJ;Female;0;0;1;1;Fiber optic;0;0;1;One year;1;Electronic check;10015;641365;171;247207;0,21;4,2;0,16;Silver;47;Urban;43;1
8374-UULRV;Male;0;0;1;1;DSL;1;1;0;Two year;0;Credit card (automatic);8605;630965;154;153631;0,13;4;0,96;Gold;51;Suburban;3;0
2207-NHRJK;Male;0;0;1;0;DSL;0;1;0;Month-to-month;0;Electronic check;508;508;3;117909;0,26;3,8;0,73;Bronze;47;Rural;47;1
3224-DFQNQ;Female;0;1;1;1;Fiber optic;1;1;0;One year;0;Electronic check;890;58986;281;149487;0,23;4,8;0,53;Bronze;31;Suburban;33;1
5275-PMFUT;Male;0;1;0;No phone service;DSL;1;1;1;Two year;1;Credit card (automatic);648;471975;162;232540;0,02;3,5;0,94;Silver;39;Rural;15;0
4795-UXVCJ;Male;0;0;1;0;0;No internet service;No internet service;No internet service;One year;0;Credit card (automatic);198;4573;132;127655;0,19;3,6;0,62;Silver;18;Urban;59;1
9777-IQHWP;Male;0;1;1;1;Fiber optic;1;0;1;Two year;0;Bank transfer (automatic);934;58223;244;245413;0,07;3,2;0,73;Bronze;25;Rural;46;1
0947-MUGVO;Male;1;1;1;0;Fiber optic;0;1;0;Month-to-month;1;Electronic check;7365;14635;81;131786;0,17;4,5;0,28;Gold;28;Urban;45;0
9944-HKVVB;Female;0;0;1;0;Fiber optic;0;1;0;Month-to-month;1;Electronic check;951;3074;11;148304;0,29;4,2;0,59;Bronze;18;Urban;10;1
4124-MMETB;Male;0;0;1;1;Fiber optic;0;0;0;Month-to-month;1;Credit card (automatic);9465;210455;79;183606;0,26;4,2;0,14;Bronze;22;Urban;14;1
3671-SHRSP;Male;0;1;1;0;Fiber optic;0;0;1;Month-to-month;1;Mailed check;806;31915;16;200938;0,12;3,4;0,04;Silver;27;Suburban;55;1
0979-MOZQI;Male;0;1;0;No phone service;DSL;0;0;0;Two year;1;Bank transfer (automatic);390;233745;162;245051;0,09;4,3;0,03;Bronze;30;Urban;37;0
2732-ISEZX;Female;0;0;1;0;0;No internet service;No internet service;No internet service;Month-to-month;1;Mailed check;205;1043;13;160981;0,07;4,5;0,22;Silver;38;Rural;29;0
3313-QKNKB;Male;0;1;1;1;Fiber optic;0;0;0;One year;0;Electronic check;8555;508465;321;135107;0,16;3,7;0,07;Bronze;53;Rural;55;1
0323-XWWTN;Male;0;0;1;1;0;No internet service;No internet service;No internet service;Two year;1;Mailed check;264;12125;17;212232;0,03;4,6;0,39;Bronze;50;Suburban;26;0
1937-OTUKY;Female;0;1;1;1;Fiber optic;1;0;1;Two year;1;Bank transfer (automatic);982;70159;251;167897;0,16;3,7;0,84;Platinum;45;Urban;15;0
1573-LGXBA;Male;0;1;1;0;Fiber optic;0;1;1;One year;1;Credit card (automatic);9755;55980;175;152577;0;4,5;0,38;Bronze;26;Urban;0;0
1764-VUUMT;Male;0;0;1;0;0;No internet service;No internet service;No internet service;Two year;0;Credit card (automatic);1995;12691;302;221918;0,01;3,1;0,83;Silver;28;Urban;24;1
5073-WXOYN;Female;0;0;0;No phone service;DSL;0;1;0;Month-to-month;1;Electronic check;508;30274;218;184180;0,07;4,1;0,66;Bronze;46;Suburban;27;0
4713-ZBURT;Male;0;0;1;1;Fiber optic;0;0;1;Two year;0;Bank transfer (automatic);997;463435;94;99924;0,29;4,9;0,51;Silver;24;Urban;42;1
3050-GBUSH;Female;0;0;0;No phone service;DSL;0;0;0;Month-to-month;1;Credit card (automatic);348;11395;7;191193;0,22;5;0,24;Bronze;44;Suburban;13;1
0207-MDKNV;Female;0;0;1;0;Fiber optic;1;0;1;Month-to-month;0;Electronic check;1051;158275;72;224954;0,01;3,6;0,92;Gold;39;Urban;33;0
7876-AEHIG;Female;0;0;0;No phone service;DSL;1;0;1;One year;0;Bank transfer (automatic);6015;30770;236;81095;0,03;3,9;0,05;Gold;48;Suburban;55;1
7945-HLKEA;Female;0;0;1;1;DSL;1;0;1;One year;0;Electronic check;6475;40395;126;184205;0,16;3,1;0,69;Bronze;47;Urban;47;1
9342-VNIMQ;Male;0;0;1;1;DSL;0;1;0;Month-to-month;1;Bank transfer (automatic);5465;16652;95;94123;0,06;4,7;0,62;Bronze;45;Suburban;3;0
9851-KIELU;Male;0;0;1;0;Fiber optic;1;1;1;Month-to-month;1;Electronic check;1101;10433;29;125278;0,16;4,1;0,44;Platinum;37;Urban;13;0
3523-BRGUW;Male;1;0;1;0;0;No internet service;No internet service;No internet service;One year;0;Credit card (automatic);193;5042;121;177911;0,25;3,8;0,24;Gold;32;Urban;15;1
3908-BLSYF;Female;0;0;1;0;Fiber optic;0;0;1;Month-to-month;0;Electronic check;839;49755;12;131999;0,18;3,2;0,43;Silver;32;Rural;14;1
3199-NPKCN;Female;0;1;1;1;Fiber optic;1;0;1;One year;1;Electronic check;11125;751165;161;111153;0,19;4,9;0,87;Silver;29;Urban;33;0
5170-PTRKA;Female;0;1;0;No phone service;DSL;1;0;0;One year;1;Credit card (automatic);358;17820;254;98344;0,16;4,1;0,84;Gold;34;Rural;12;0
4661-NJEUX;Male;0;0;1;0;0;No internet service;No internet service;No internet service;Month-to-month;1;Mailed check;2005;2005;2;117656;0,28;3,6;0,94;Bronze;40;Urban;16;1
2123-AGEEN;Female;1;0;1;0;Fiber optic;0;0;1;Month-to-month;1;Electronic check;8435;60965;32;81212;0,28;3,7;0,31;Silver;23;Urban;27;1
1258-YMZNM;Female;1;0;1;1;Fiber optic;1;1;1;One year;1;Bank transfer (automatic);1105;28576;79;200385;0,15;3,5;0,39;Silver;33;Urban;51;1
0048-LUMLS;Male;0;1;1;0;Fiber optic;0;0;0;One year;0;Credit card (automatic);912;324755;88;220073;0,09;4,2;0,02;Gold;44;Rural;9;0
7549-MYGPK;Female;0;1;1;1;Fiber optic;1;1;1;Month-to-month;1;Electronic check;10055;621535;187;158784;0,14;4,9;0,94;Bronze;40;Rural;46;1
5898-IGSLP;Male;0;1;1;1;Fiber optic;1;0;1;Month-to-month;0;Electronic check;893;28230;151;178723;0,06;4,7;0,33;Silver;18;Urban;16;0
3804-RVTGV;Male;0;1;1;1;Fiber optic;0;1;1;Month-to-month;1;Bank transfer (automatic);10385;50179;271;161144;0,19;3,9;0,04;Silver;24;Urban;7;0
6259-WJQLC;Male;1;0;1;1;Fiber optic;0;0;1;Month-to-month;1;Credit card (automatic);811;261925;170;247499;0,15;4,7;0,91;Gold;35;Suburban;1;0
9227-LUNBG;Female;0;0;0;No phone service;DSL;0;0;0;Month-to-month;0;Electronic check;246;246;3;111368;0,03;3,8;0,53;Silver;53;Suburban;55;1
7997-EASSD;Female;0;1;1;1;Fiber optic;0;0;0;One year;1;Credit card (automatic);812;49651;294;141160;0,06;3,5;0,57;Gold;39;Suburban;57;1
0730-KOAVE;Male;0;0;1;1;Fiber optic;1;1;0;Month-to-month;1;Credit card (automatic);943;26797;84;236926;0,14;5;0,18;Gold;19;Suburban;0;0
8975-SKGRX;Male;0;1;1;1;Fiber optic;1;1;1;Two year;1;Bank transfer (automatic);1161;831055;225;90715;0,27;3,6;0,05;Silver;43;Urban;54;1
0678-RLHVP;Female;0;0;1;1;Fiber optic;0;1;1;Two year;0;Electronic check;10555;568225;296;138784;0,17;3,6;0,92;Bronze;49;Suburban;54;1
4315-MURBD;Female;0;0;1;0;Fiber optic;1;0;0;Month-to-month;1;Bank transfer (automatic);989;112095;24;209193;0,02;5;0,56;Silver;40;Suburban;4;0
2267-FPIMA;Male;0;1;1;1;Fiber optic;1;1;0;Month-to-month;1;Credit card (automatic);944;49149;117;179644;0,01;3,3;0,26;Gold;35;Urban;34;1
1051-GEJLJ;Female;0;0;1;0;0;No internet service;No internet service;No internet service;Month-to-month;0;Mailed check;195;2755;5;106797;0,17;4,5;0,03;Bronze;36;Suburban;21;0
9734-YWGEX;Female;0;0;1;1;Fiber optic;0;0;1;Month-to-month;0;Credit card (automatic);983;9235;18;127573;0,13;4,9;0,34;Silver;41;Rural;42;0
2719-BDAQO;Male;0;0;1;0;Fiber optic;1;0;0;Month-to-month;0;Electronic check;9385;162565;46;156120;0,02;4;0,57;Bronze;21;Suburban;15;0
5285-MVEHD;Female;0;1;1;0;Fiber optic;1;1;1;One year;1;Credit card (automatic);1056;606865;242;94780;0,02;3;0,04;Bronze;19;Urban;52;1
0379-DJQHR;Male;0;1;1;0;DSL;1;1;1;Two year;0;Credit card (automatic);8135;53986;246;117905;0,15;3,8;0,61;Silver;47;Urban;8;0
0781-LKXBR;Male;1;0;1;1;Fiber optic;0;0;1;Month-to-month;1;Electronic check;1005;9186;50;232645;0,09;3,2;0,52;Silver;48;Urban;35;1
5543-QDCRY;Male;0;0;1;0;DSL;0;0;0;Month-to-month;1;Electronic check;564;23485;21;196049;0,01;3,8;0,78;Silver;33;Urban;8;0
0297-RBCSG;Male;0;0;1;0;DSL;0;1;0;One year;1;Bank transfer (automatic);6535;123185;63;209651;0,29;4,6;0,03;Gold;50;Rural;13;1
4694-PHWFW;Female;0;0;1;0;0;No internet service;No internet service;No internet service;Month-to-month;0;Mailed check;1995;1709;24;113359;0,05;3,9;0,78;Bronze;20;Urban;9;0
0835-JKADZ;Female;0;0;1;1;Fiber optic;0;1;1;Two year;1;Electronic check;11125;798415;249;146062;0,09;3,9;0,52;Bronze;35;Suburban;21;0
1907-UBQFC;Male;1;0;1;0;Fiber optic;0;1;0;Month-to-month;1;Electronic check;7285;68865;43;153391;0,15;4,1;0,37;Gold;27;Urban;15;0
7508-SMHXL;Female;1;0;1;1;Fiber optic;0;1;0;Month-to-month;0;Credit card (automatic);890;12883;46;123463;0,26;4,2;0,97;Silver;19;Urban;40;1
3865-YIOTT;Male;0;1;1;1;Fiber optic;1;0;1;One year;1;Bank transfer (automatic);1061;78485;323;179596;0,13;4,7;0,16;Bronze;47;Urban;2;0
5993-BQHEA;Male;0;0;1;0;0;No internet service;No internet service;No internet service;One year;0;Credit card (automatic);2005;2670;43;175018;0,22;3,6;0,54;Gold;47;Urban;27;1
6024-RUGGH;Male;0;1;1;1;0;No internet service;No internet service;No internet service;Two year;1;Bank transfer (automatic);252;17989;302;96571;0,26;4,6;0,32;Gold;42;Urban;29;1
6513-EECDB;Male;1;1;1;1;Fiber optic;0;0;0;Month-to-month;1;Electronic check;7355;7355;3;230214;0,09;4,1;0,53;Silver;41;Suburban;28;1
3956-CJUST;Female;1;0;1;0;Fiber optic;1;0;0;Month-to-month;1;Bank transfer (automatic);754;164355;73;105104;0,12;3,6;0,55;Gold;52;Suburban;0;0
4079-WWQQQ;Male;0;0;0;No phone service;DSL;1;1;1;Two year;1;Bank transfer (automatic);6555;480745;417;88625;0,11;3,6;0,09;Bronze;27;Urban;27;0
6103-BOCOU;Female;0;0;1;1;Fiber optic;0;0;1;Month-to-month;1;Electronic check;807;21930;131;119199;0,25;3,7;0,66;Bronze;47;Urban;21;1
5149-TGWDZ;Female;0;0;1;0;Fiber optic;0;1;1;One year;1;Mailed check;10455;22394;53;200725;0,01;4,2;0,63;Gold;43;Suburban;31;0
7471-WNSUF;Male;0;1;1;1;0;No internet service;No internet service;No internet service;One year;0;Bank transfer (automatic);2415;15059;328;226998;0,09;3,5;0,77;Silver;52;Suburban;51;1
8942-DBMHZ;Male;0;0;1;0;0;No internet service;No internet service;No internet service;Month-to-month;0;Mailed check;2045;25535;47;111218;0,02;4,8;0,09;Bronze;41;Urban;10;0
4301-VVZKA;Male;0;1;1;1;Fiber optic;0;0;0;Month-to-month;1;Electronic check;754;11894;89;171916;0,17;4,1;0,03;Silver;37;Urban;25;0
9199-PWQVC;Female;0;1;1;1;DSL;1;1;0;One year;1;Credit card (automatic);797;478615;327;203182;0,13;4,8;0,65;Silver;52;Urban;30;0
4824-GUCBY;Female;1;0;1;0;Fiber optic;1;1;0;Month-to-month;0;Electronic check;817;18209;81;100566;0,16;3,1;0,14;Bronze;27;Urban;19;1
5393-HJZSM;Female;0;1;1;0;DSL;1;1;1;Month-to-month;0;Bank transfer (automatic);763;240415;66;113205;0,06;3,7;0,68;Silver;44;Urban;19;0
7074-IEVOJ;Female;1;0;1;1;Fiber optic;0;1;0;Month-to-month;1;Electronic check;794;20505;9;189084;0,13;3;0,06;Bronze;32;Urban;32;1
9625-QSTYE;Female;0;0;1;0;Fiber optic;0;1;1;Month-to-month;1;Electronic check;8115;9523;54;109717;0,15;3,5;0,33;Bronze;32;Rural;4;0
0862-PRCBS;Female;0;1;1;1;Fiber optic;0;1;0;Two year;1;Credit card (automatic);10375;703945;308;187292;0,27;4,7;0,85;Silver;54;Urban;40;1
8812-ZRHFP;Female;0;1;1;0;Fiber optic;0;0;1;One year;0;Electronic check;8645;253805;90;236207;0,08;3,1;0,77;Bronze;52;Suburban;2;1
5146-CBVOE;Female;0;0;1;0;Fiber optic;0;1;0;Month-to-month;0;Bank transfer (automatic);751;121285;40;239236;0,26;3,9;0,64;Bronze;20;Urban;43;1
0454-OKRCT;Male;0;0;1;0;Fiber optic;0;1;0;Two year;0;Bank transfer (automatic);806;26511;176;118562;0,19;3,2;0,87;Gold;46;Rural;49;1
5787-KXGIY;Male;0;1;1;0;0;No internet service;No internet service;No internet service;Two year;0;Credit card (automatic);193;13048;427;100169;0,01;3,8;0,71;Silver;21;Suburban;59;1
4750-ZRXIU;Female;1;0;1;1;Fiber optic;0;0;0;Month-to-month;1;Electronic check;846;3601;16;101604;0,22;4,7;0,52;Silver;33;Suburban;33;1
4198-VFOEA;Female;0;0;0;No phone service;DSL;1;0;0;One year;1;Mailed check;336;43545;32;169670;0,01;4,2;0,98;Bronze;22;Suburban;30;0
6630-UJZMY;Female;1;1;1;1;Fiber optic;0;0;0;Month-to-month;1;Electronic check;8325;30805;12;194605;0,03;4,5;0,69;Bronze;38;Suburban;41;1
5709-LVOEQ;Female;0;1;1;0;DSL;1;1;1;Two year;0;Mailed check;8085;1397475;0;168738;0,26;3,7;0,06;Silver;38;Urban;6;1
6400-BWQKW;Female;0;0;1;1;Fiber optic;1;0;0;Month-to-month;1;Electronic check;7905;4345;33;211756;0,09;4,9;0,41;Bronze;19;Urban;29;0
2692-AQCPF;Female;0;1;1;1;Fiber optic;0;1;1;One year;1;Credit card (automatic);10805;71189;160;208140;0,08;4,4;0,09;Silver;31;Rural;53;1
0347-UBKUZ;Female;0;0;1;0;0;No internet service;No internet service;No internet service;Month-to-month;0;Mailed check;199;32045;64;182537;0,11;3,8;0,03;Silver;22;Suburban;17;0
0835-DUUIQ;Female;0;0;1;0;0;No internet service;No internet service;No internet service;One year;0;Bank transfer (automatic);2105;53155;74;191301;0,11;3,9;0,01;Silver;24;Urban;15;0
0811-GSDTP;Female;0;0;0;No phone service;DSL;0;1;0;Month-to-month;0;Electronic check;3015;3822;54;88007;0,11;4,8;0,02;Bronze;28;Suburban;12;0
7567-ECMCM;Male;0;0;1;0;Fiber optic;0;0;0;Month-to-month;1;Credit card (automatic);7985;20010;110;194915;0,01;4,2;0,11;Bronze;52;Urban;32;0
6115-ZTBFQ;Female;0;1;0;No phone service;DSL;1;1;1;Two year;0;Bank transfer (automatic);655;49197;382;197419;0,19;4,4;0,32;Platinum;47;Urban;6;0
6353-BRMMA;Female;0;1;1;1;Fiber optic;1;1;0;Month-to-month;1;Bank transfer (automatic);1041;56458;152;121787;0,05;3,8;0,83;Platinum;18;Suburban;29;0
6680-WKXRZ;Female;0;0;1;1;Fiber optic;0;0;0;Month-to-month;0;Bank transfer (automatic);744;2158;6;129582;0,25;3,4;0,65;Silver;33;Urban;10;1
6231-WFGFH;Male;0;1;1;0;0;No internet service;No internet service;No internet service;Month-to-month;1;Mailed check;205;776;10;163629;0,24;4,4;0,17;Gold;18;Urban;5;1
9904-EHEVJ;Female;1;1;1;1;Fiber optic;0;0;1;Month-to-month;1;Mailed check;9135;289655;179;85782;0,14;4,2;0,79;Silver;39;Urban;20;0
7028-DVOIQ;Male;1;0;1;1;Fiber optic;0;0;1;Month-to-month;1;Electronic check;9905;33958;192;146770;0,26;4;0,05;Bronze;30;Rural;31;1
6169-PPETC;Male;0;1;1;0;0;No internet service;No internet service;No internet service;Two year;0;Bank transfer (automatic);205;75935;153;137645;0,07;4,2;0,51;Bronze;44;Rural;4;0
4208-UFFGW;Male;1;0;1;0;DSL;0;0;0;Month-to-month;0;Mailed check;4495;8515;8;183509;0,01;3,4;0,36;Bronze;32;Urban;41;1
8584-KMVXD;Female;0;0;1;0;Fiber optic;0;1;0;Month-to-month;0;Electronic check;756;53555;37;243068;0,19;4,6;0,86;Silver;34;Urban;28;0
8467-WYNSR;Male;0;0;1;0;DSL;1;0;0;Month-to-month;0;Mailed check;551;125315;59;109204;0,14;4,9;0,32;Silver;26;Urban;34;0
0851-DFJKB;Female;0;0;1;0;DSL;1;0;1;Month-to-month;0;Electronic check;5895;95515;84;97152;0,17;4,8;0,09;Platinum;22;Suburban;58;1
5382-SOYZL;Male;0;0;1;1;Fiber optic;0;0;0;Month-to-month;1;Electronic check;951;21626;80;170555;0,27;3,6;0,03;Gold;40;Suburban;46;1
9448-REEVD;Male;0;1;1;0;DSL;0;0;0;Month-to-month;0;Credit card (automatic);447;447;3;99689;0,29;3,8;0,72;Gold;28;Urban;11;1
3261-CQXOL;Female;0;1;1;1;0;No internet service;No internet service;No internet service;Two year;0;Bank transfer (automatic);2545;181335;289;163251;0,19;4,6;0,66;Gold;41;Suburban;36;0
8388-FYNPZ;Male;0;0;1;0;DSL;1;0;1;Month-to-month;0;Electronic check;5675;24515;8;186565;0,23;4,2;0,19;Gold;25;Suburban;45;1
4002-BQWPQ;Male;0;0;1;1;DSL;1;1;1;Month-to-month;0;Bank transfer (automatic);8175;20288;66;233014;0,03;4,1;0,11;Bronze;51;Urban;43;0
5651-YLPRD;Female;0;1;1;0;Fiber optic;0;1;0;Month-to-month;1;Electronic check;861;272375;158;118712;0,05;4,9;0,66;Bronze;48;Urban;21;0
2826-DXLQO;Male;1;1;0;No phone service;DSL;1;0;0;Month-to-month;0;Bank transfer (automatic);298;22045;16;129632;0,22;4,1;0,68;Silver;39;Urban;10;1
4378-BZYFP;Male;0;0;1;0;0;No internet service;No internet service;No internet service;One year;1;Mailed check;205;3658;75;249103;0,13;4;0,37;Silver;31;Urban;22;0
9489-UTFKA;Male;1;1;1;0;DSL;1;0;0;Month-to-month;0;Bank transfer (automatic);609;55195;23;100478;0,13;3,1;0,84;Bronze;22;Urban;54;1
4849-PYRLQ;Female;1;0;1;1;DSL;1;0;1;Two year;0;Bank transfer (automatic);7325;40542;199;102551;0,09;3,1;0,98;Gold;34;Urban;44;1
9117-SHLZX;Male;0;0;1;0;DSL;0;0;0;Month-to-month;1;Mailed check;457;457;3;128068;0,18;3;0,21;Platinum;35;Urban;9;1
9889-TMAHG;Male;1;0;1;0;Fiber optic;1;0;0;Month-to-month;0;Credit card (automatic);1003;83235;27;173608;0,06;4,8;0,58;Silver;36;Urban;41;0
4541-RMRLG;Male;0;0;1;0;0;No internet service;No internet service;No internet service;Month-to-month;0;Electronic check;1925;1123;34;115561;0,19;3,8;0,01;Silver;24;Suburban;23;0
7764-BDPEE;Male;0;0;1;0;0;No internet service;No internet service;No internet service;Month-to-month;0;Mailed check;2085;6065;9;213964;0,05;3,9;0,71;Gold;43;Rural;52;1
3429-IFLEM;Female;0;0;1;0;DSL;1;1;1;Two year;0;Credit card (automatic);7735;55501;302;104395;0,02;4,7;0,41;Bronze;42;Suburban;45;0
3158-MOERK;Female;0;0;1;1;Fiber optic;0;0;0;Month-to-month;1;Electronic check;960;1748;7;98756;0,01;4,2;0,19;Bronze;35;Suburban;51;1
7294-TMAOP;Female;0;0;1;0;Fiber optic;0;0;0;Month-to-month;0;Electronic check;9055;9055;4;245723;0,07;4,2;0,75;Gold;32;Suburban;15;1
5002-GCQFH;Male;0;1;1;1;Fiber optic;1;1;0;Month-to-month;1;Bank transfer (automatic);9385;47331;281;146333;0,27;3,6;0,81;Gold;46;Urban;11;1
0556-FJEGU;Male;0;0;1;0;DSL;0;1;1;Two year;0;Bank transfer (automatic);701;404895;285;232418;0,02;4,7;0,11;Silver;18;Urban;54;1
8919-FYFQZ;Male;1;1;0;No phone service;DSL;0;1;0;Month-to-month;1;Electronic check;3035;13597;125;193561;0,05;3,3;0,04;Gold;21;Urban;49;1
0604-THJFP;Female;0;1;1;0;DSL;0;1;0;Two year;1;Credit card (automatic);7595;454235;125;108024;0,16;3,1;0,33;Bronze;26;Urban;31;1
2834-JRTUA;Male;0;0;1;1;Fiber optic;1;0;1;Two year;1;Electronic check;10805;753215;216;85947;0,14;3,4;0,63;Silver;53;Suburban;23;1
5875-YPQFJ;Male;0;0;1;0;Fiber optic;0;0;0;Month-to-month;1;Electronic check;699;699;4;207192;0,01;3,5;0,79;Silver;49;Urban;3;1
5879-SESNB;Female;0;0;1;1;Fiber optic;0;0;0;Month-to-month;0;Electronic check;7525;88865;24;174238;0;3,6;0,55;Bronze;41;Suburban;41;0
6646-QVXLR;Male;1;1;1;1;Fiber optic;0;1;1;One year;1;Electronic check;10375;638335;247;147428;0,03;4,3;0,58;Bronze;54;Urban;32;1
6461-PPAXN;Female;0;1;1;0;DSL;1;0;0;One year;1;Bank transfer (automatic);5495;19160;153;240826;0,02;3,4;0,08;Platinum;35;Urban;17;1
3318-ISQFQ;Female;0;0;1;0;0;No internet service;No internet service;No internet service;Month-to-month;1;Bank transfer (automatic);195;4130;66;143355;0,11;4,4;0,53;Bronze;32;Rural;46;1
1106-HRLKZ;Male;0;1;1;0;0;No internet service;No internet service;No internet service;Two year;0;Mailed check;196;80895;203;209958;0,14;3,2;0,61;Bronze;37;Urban;16;1
2483-XSSMZ;Female;0;0;1;0;DSL;1;0;0;One year;1;Electronic check;4785;18864;94;224490;0,08;3,3;0,52;Silver;19;Urban;20;1
8603-IJWDN;Male;0;0;1;1;Fiber optic;0;0;0;Month-to-month;1;Electronic check;866;866;2;215905;0,01;4;0,88;Bronze;42;Urban;0;1
8165-ZJRNM;Female;0;1;1;1;0;No internet service;No internet service;No internet service;Two year;0;Bank transfer (automatic);2375;167925;353;211637;0,19;4,8;0,24;Gold;30;Urban;58;1
9369-XFEHK;Female;1;1;1;1;Fiber optic;0;1;0;Month-to-month;1;Bank transfer (automatic);806;26565;131;98402;0,26;4,7;0,26;Bronze;44;Suburban;45;1
2604-XVDAM;Female;0;0;1;0;DSL;0;0;0;Month-to-month;0;Bank transfer (automatic);438;54095;57;155851;0,06;4,9;0,13;Silver;30;Suburban;43;0
3717-OFRTN;Male;0;0;1;0;0;No internet service;No internet service;No internet service;Month-to-month;0;Bank transfer (automatic);1975;1975;3;92834;0,25;4,3;0,82;Bronze;45;Urban;24;1
9046-JBFWA;Male;0;0;1;0;0;No internet service;No internet service;No internet service;Month-to-month;0;Mailed check;1915;53735;80;147850;0,04;4,4;0,41;Gold;32;Suburban;58;1
3280-NMUVX;Male;0;1;1;0;0;No internet service;No internet service;No internet service;One year;0;Credit card (automatic);196;6788;179;117180;0,06;4,3;0,35;Silver;46;Suburban;30;0
1206-EHBDD;Female;0;1;1;0;Fiber optic;1;0;1;Two year;0;Bank transfer (automatic);803;451365;291;214955;0,01;4,2;0,98;Bronze;38;Urban;42;0
8361-LBRDI;Female;0;0;1;1;0;No internet service;No internet service;No internet service;Two year;0;Credit card (automatic);2435;142385;277;189688;0,04;3,3;0,93;Platinum;48;Urban;19;1
4883-KCPZJ;Female;0;1;1;1;0;No internet service;No internet service;No internet service;Two year;0;Credit card (automatic);2525;5554;67;186520;0,28;4,1;0,97;Bronze;40;Suburban;25;1
9108-EQPNQ;Female;0;1;1;1;0;No internet service;No internet service;No internet service;Two year;0;Credit card (automatic);261;22555;43;91695;0,14;3,8;0,14;Silver;54;Suburban;18;0
7277-KAMWT;Male;0;0;1;0;0;No internet service;No internet service;No internet service;Two year;0;Credit card (automatic);200;26845;44;207135;0,02;3,9;0,89;Platinum;20;Urban;29;0
3842-IYKUE;Female;0;0;1;1;Fiber optic;0;1;0;Month-to-month;0;Credit card (automatic);853;29175;82;234195;0,29;4;0,33;Silver;52;Urban;24;1
6641-XRPSU;Female;0;0;1;0;Fiber optic;0;0;0;Month-to-month;1;Credit card (automatic);700;24161;192;138481;0,26;3,3;0,01;Gold;31;Urban;35;1
1374-DMZUI;Female;1;0;1;1;Fiber optic;0;0;0;Month-to-month;1;Electronic check;943;42445;10;153438;0,23;3,7;0,39;Bronze;19;Urban;48;1
2545-LXYVJ;Male;0;1;1;0;0;No internet service;No internet service;No internet service;Two year;0;Bank transfer (automatic);207;14921;417;191491;0,28;3,1;0,51;Bronze;30;Urban;17;1
3234-VKACU;Male;0;0;1;0;DSL;0;0;0;Month-to-month;0;Electronic check;703;1324;7;228645;0,07;5;0,11;Bronze;19;Rural;3;0
8357-EQXFO;Female;0;0;1;0;Fiber optic;0;0;1;Month-to-month;1;Electronic check;9535;6609;19;201844;0,25;3,2;0,54;Platinum;29;Suburban;26;1
1989-PRJHP;Male;1;1;1;1;Fiber optic;0;0;0;Month-to-month;1;Electronic check;755;189395;112;174910;0,21;3,5;0,82;Platinum;44;Suburban;32;1
8120-JDCAM;Male;0;1;1;0;Fiber optic;0;0;0;Month-to-month;1;Mailed check;6955;2849;21;136494;0,26;4,8;0,38;Bronze;51;Urban;5;1
8917-FAEMR;Female;0;0;1;0;0;No internet service;No internet service;No internet service;Two year;0;Mailed check;1985;78425;182;223360;0,24;4;0,35;Bronze;22;Urban;6;1
7047-YXDMZ;Male;0;0;1;0;0;No internet service;No internet service;No internet service;Month-to-month;0;Mailed check;200;4177;109;126978;0,01;3,3;0,34;Bronze;42;Urban;0;1
2858-EIMXH;Female;1;1;1;1;Fiber optic;0;0;0;One year;1;Credit card (automatic);9585;501625;245;197845;0,23;3,8;0,92;Bronze;28;Urban;37;1
9524-EGPJC;Female;0;0;1;1;Fiber optic;0;0;0;Month-to-month;1;Electronic check;901;161275;85;210621;0,08;3,2;0,05;Bronze;30;Urban;34;1
6993-OHLXR;Female;0;0;1;0;Fiber optic;0;0;0;Month-to-month;0;Electronic check;6895;11975;10;134672;0,01;3,4;0,45;Gold;45;Urban;22;1
8818-XYFCQ;Male;0;1;1;1;Fiber optic;1;0;0;Month-to-month;1;Credit card (automatic);9955;320465;95;141821;0,03;3,1;0,26;Gold;38;Urban;15;1
6419-ZTTLE;Male;1;1;1;0;0;No internet service;No internet service;No internet service;One year;1;Electronic check;2075;4852;91;163661;0,28;3,9;0,89;Gold;43;Suburban;58;1
0929-HYQEW;Male;0;0;1;0;DSL;1;0;0;Month-to-month;1;Mailed check;5015;16085;8;149224;0,09;4,6;0,01;Silver;44;Suburban;33;0
6614-YOLAC;Female;0;1;0;No phone service;DSL;1;1;0;Two year;0;Mailed check;5865;414525;422;169405;0,16;4,2;0,41;Gold;43;Urban;33;0
7426-RHZGU;Male;0;0;1;0;Fiber optic;0;0;0;Month-to-month;1;Bank transfer (automatic);959;82745;51;134796;0,12;4,2;0,41;Gold;32;Suburban;30;0
4065-JJAVA;Female;0;0;1;0;DSL;0;1;0;Month-to-month;0;Electronic check;495;495;2;208554;0,29;3,4;0,89;Silver;23;Suburban;42;1
4695-VADHF;Male;0;1;1;0;DSL;0;0;1;Month-to-month;0;Electronic check;5745;99085;86;203777;0,01;3,7;0,22;Bronze;21;Urban;30;0
3863-IUBJR;Male;0;1;1;0;DSL;0;0;0;One year;0;Credit card (automatic);5365;69635;68;84023;0,23;4,7;0,64;Bronze;21;Urban;51;1
7649-SIJJF;Male;0;1;1;1;DSL;1;1;1;Two year;1;Mailed check;801;55854;193;247807;0,26;3,2;0,13;Silver;47;Suburban;10;1
9361-YNQWJ;Female;0;0;1;1;0;No internet service;No internet service;No internet service;One year;1;Bank transfer (automatic);244;16012;273;152959;0,13;4,7;0,95;Platinum;30;Urban;7;0
3748-FVMZZ;Male;0;0;0;No phone service;DSL;0;0;0;Month-to-month;1;Electronic check;4005;16245;22;119218;0,11;4;0,59;Silver;26;Suburban;50;1
9391-TTOYH;Female;0;0;1;0;0;No internet service;No internet service;No internet service;Month-to-month;1;Mailed check;195;4702;49;223285;0,22;4,7;0,63;Platinum;31;Urban;23;1
1452-XRSJV;Female;0;1;1;0;DSL;1;0;0;Month-to-month;0;Credit card (automatic);5105;20660;186;108460;0,27;3,6;0,43;Bronze;45;Urban;22;1
3422-WJOYD;Male;0;1;1;0;DSL;1;0;0;One year;0;Mailed check;5435;142645;89;204579;0,23;3,7;0,34;Gold;20;Urban;31;1
8242-SOQUO;Female;1;0;1;0;Fiber optic;0;1;0;Month-to-month;1;Electronic check;847;3925;28;144680;0,07;4,5;0,21;Gold;46;Suburban;52;1
7460-ITWWP;Female;1;1;1;0;Fiber optic;0;0;1;Month-to-month;1;Electronic check;861;386145;264;111017;0,27;4,6;0,06;Silver;50;Rural;14;1
7147-AYBAA;Male;0;0;1;0;Fiber optic;0;0;0;Month-to-month;1;Mailed check;7035;25529;213;172038;0,12;3,5;0,95;Platinum;32;Urban;27;0
7868-TMWMZ;Female;1;1;1;0;Fiber optic;1;1;1;Two year;1;Bank transfer (automatic);1100;666835;233;242062;0,17;4,9;0,36;Silver;32;Urban;19;0
4822-RVYBB;Male;1;0;1;1;Fiber optic;0;0;1;Month-to-month;1;Electronic check;1006;8194;43;99515;0,25;3,2;0,88;Bronze;24;Urban;13;1
6732-FZUGP;Female;0;0;1;1;Fiber optic;1;0;1;One year;0;Credit card (automatic);949;461525;252;241063;0,06;3,1;0,15;Bronze;29;Suburban;25;1
8436-BJUMM;Male;0;1;1;1;Fiber optic;0;0;0;Month-to-month;1;Electronic check;8375;20706;85;218706;0,24;4,2;0,94;Silver;24;Suburban;57;1
4184-TJFAN;Female;1;1;1;0;Fiber optic;1;0;0;Month-to-month;1;Mailed check;883;27375;15;240449;0,18;4,4;0,35;Platinum;23;Urban;49;1
8329-GWVPJ;Female;0;1;1;0;Fiber optic;0;0;0;Month-to-month;1;Bank transfer (automatic);6975;35577;107;113001;0,27;4,9;0,38;Bronze;43;Rural;56;1
1352-VHKAJ;Male;0;1;1;1;DSL;0;0;0;Month-to-month;0;Bank transfer (automatic);716;19571;118;81391;0,05;3,8;0,46;Silver;26;Suburban;51;1
4145-UQXUQ;Female;1;0;1;0;Fiber optic;0;0;1;Month-to-month;1;Electronic check;921;72995;23;189388;0,13;3,1;0,72;Gold;41;Urban;36;1
2632-TACXW;Female;0;1;1;1;0;No internet service;No internet service;No internet service;Two year;0;Bank transfer (automatic);2365;141675;153;122215;0,25;4,2;0,72;Bronze;47;Urban;1;1
8146-QQKZH;Female;0;1;1;0;DSL;1;0;1;Two year;0;Bank transfer (automatic);8185;59244;163;159720;0,01;3,6;0,48;Bronze;33;Urban;33;0
1767-CJKBA;Male;0;0;1;1;0;No internet service;No internet service;No internet service;Two year;0;Mailed check;251;16977;315;107114;0,03;3,9;0,52;Bronze;44;Suburban;33;0
6445-TNRXS;Male;0;1;1;1;Fiber optic;1;1;1;Two year;1;Bank transfer (automatic);1147;784985;228;222954;0,03;4;0,03;Bronze;50;Urban;57;1
4581-LNWUM;Female;0;0;0;No phone service;DSL;0;0;1;Month-to-month;0;Electronic check;4915;6494;63;193142;0,08;3,1;0,03;Bronze;40;Suburban;33;1
4869-EPIUS;Male;0;1;1;0;Fiber optic;0;0;0;One year;1;Electronic check;809;45575;126;228345;0,29;4;0,35;Bronze;36;Suburban;8;1
9948-YPTDG;Male;0;1;1;0;Fiber optic;1;1;0;Month-to-month;1;Electronic check;7945;301305;123;186206;0,05;3,9;0,56;Bronze;53;Suburban;43;0
1236-WFCDV;Male;1;0;1;0;Fiber optic;0;0;0;Month-to-month;0;Credit card (automatic);9045;12661;58;125647;0,11;4,4;0,56;Silver;36;Urban;52;1
1915-OAKWD;Female;0;0;1;0;0;No internet service;No internet service;No internet service;One year;1;Bank transfer (automatic);193;36035;82;122679;0,23;4,3;0,71;Silver;39;Rural;58;1
7296-PIXQY;Female;0;1;1;0;Fiber optic;0;0;0;Month-to-month;0;Electronic check;702;10465;45;80427;0,02;3,4;0,72;Gold;50;Urban;53;1
4883-QICIH;Male;0;1;1;0;Fiber optic;0;0;0;Month-to-month;1;Bank transfer (automatic);6975;23479;144;209669;0,17;3,4;0,24;Silver;27;Rural;51;1
3354-OADJP;Female;0;0;1;0;DSL;1;0;0;One year;0;Bank transfer (automatic);5425;44775;44;146267;0,16;3,5;0,77;Platinum;49;Urban;49;1
3524-WQDSG;Female;0;1;1;1;Fiber optic;0;0;1;Month-to-month;1;Bank transfer (automatic);993;420995;191;80799;0,25;3,4;0,02;Gold;32;Rural;2;1
0810-DHDBD;Female;0;0;1;1;DSL;1;0;1;One year;0;Credit card (automatic);740;387765;152;135659;0,07;4,3;0,72;Platinum;25;Suburban;29;0
4026-SKKHW;Male;0;0;1;0;DSL;0;0;0;Month-to-month;1;Mailed check;5025;1523;6;87025;0,13;5;0,01;Bronze;42;Rural;18;0
2829-HYVZP;Male;0;0;1;0;0;No internet service;No internet service;No internet service;One year;1;Mailed check;198;5722;158;94481;0,05;4,3;0,73;Gold;35;Urban;30;0
8329-IBCTI;Female;0;0;1;0;0;No internet service;No internet service;No internet service;Month-to-month;0;Mailed check;1965;1965;2;105411;0,18;4,2;0,53;Gold;32;Urban;15;1
1271-SJBGZ;Male;1;0;0;No phone service;DSL;0;0;1;Month-to-month;1;Electronic check;4365;52695;65;185928;0,08;3,8;0,44;Bronze;43;Urban;42;0
3845-JHAMY;Female;0;1;0;No phone service;DSL;0;0;0;Month-to-month;1;Credit card (automatic);355;5527;65;203014;0,01;3,6;0,69;Bronze;38;Urban;58;1
7013-PSXHK;Female;0;0;1;1;DSL;0;0;1;One year;1;Mailed check;8075;320865;230;226033;0,14;4,8;0,04;Silver;39;Urban;57;1
5669-SRAIP;Female;0;0;0;No phone service;DSL;0;0;1;Month-to-month;0;Electronic check;395;21075;25;232839;0,01;4,9;0,22;Bronze;51;Rural;55;1
5981-ITEMU;Male;0;1;1;1;Fiber optic;0;0;0;Month-to-month;1;Bank transfer (automatic);971;370695;239;131690;0,03;4;0,62;Bronze;54;Suburban;23;0
3486-NPGST;Female;0;0;1;0;0;No internet service;No internet service;No internet service;One year;0;Mailed check;1955;62075;122;132870;0,21;3,6;0,85;Silver;54;Urban;14;1
6941-PMGEP;Female;0;0;1;0;Fiber optic;0;0;0;Month-to-month;1;Electronic check;800;4125;25;247207;0,13;4,5;0,38;Silver;31;Rural;21;0
1624-WOIWJ;Female;0;0;1;0;Fiber optic;1;0;0;Month-to-month;1;Mailed check;847;83205;36;166928;0,26;3,3;0,26;Platinum;21;Suburban;31;1
2074-GKOWZ;Male;0;1;1;0;Fiber optic;0;0;0;Month-to-month;1;Bank transfer (automatic);8955;18555;7;150765;0,21;4,5;0,52;Silver;41;Rural;10;1
0376-YMCJC;Male;0;0;1;1;Fiber optic;0;0;0;Month-to-month;1;Electronic check;906;19432;103;103772;0;4,6;0,62;Silver;19;Rural;28;0
6100-FJZDG;Male;0;1;1;0;0;No internet service;No internet service;No internet service;One year;1;Bank transfer (automatic);2005;5059;142;210417;0,19;3,2;0,42;Bronze;18;Suburban;41;1
4829-ZLJTK;Female;1;1;1;1;Fiber optic;1;1;1;Two year;1;Electronic check;1124;804685;427;98799;0,03;5;0,88;Silver;19;Urban;58;1
1730-VFMWO;Female;0;1;1;0;DSL;0;0;0;Month-to-month;0;Bank transfer (automatic);502;18153;172;192051;0,23;5;0,52;Silver;30;Rural;23;1
7143-BQIBA;Male;0;0;1;0;DSL;1;0;0;Month-to-month;0;Bank transfer (automatic);6225;61295;36;209941;0,03;4,9;0,04;Gold;44;Urban;18;1
3800-LYTRK;Female;0;0;1;0;DSL;1;0;0;One year;0;Mailed check;557;79515;51;103555;0,16;4;0,22;Bronze;34;Suburban;54;1
0634-SZPQA;Female;0;0;1;1;Fiber optic;1;0;0;Month-to-month;1;Bank transfer (automatic);9005;21698;113;172152;0,02;3,5;0,45;Silver;34;Suburban;4;0
9646-NMHXE;Male;0;1;1;0;0;No internet service;No internet service;No internet service;Two year;0;Mailed check;1965;9731;138;207219;0,07;4,2;0,07;Silver;22;Urban;45;0
7030-NJVDP;Male;0;1;1;0;Fiber optic;1;0;0;Month-to-month;1;Electronic check;8925;22102;58;230405;0,13;3,8;0,22;Gold;41;Suburban;40;0
5536-RTPWK;Male;0;1;1;1;Fiber optic;0;1;0;Month-to-month;1;Bank transfer (automatic);9905;485375;167;215333;0,26;3,4;0,98;Platinum;25;Urban;56;1
8883-GRDWQ;Male;1;0;1;0;DSL;1;0;0;One year;0;Mailed check;540;10559;62;199833;0,05;3,8;0,32;Bronze;26;Urban;52;1
6166-ILMNY;Female;0;0;1;0;Fiber optic;0;0;0;Month-to-month;0;Bank transfer (automatic);6975;14455;6;149002;0,08;4,3;0,53;Silver;35;Urban;37;0
3097-NNSPB;Female;0;0;1;0;DSL;0;1;0;Month-to-month;1;Credit card (automatic);4905;911;5;126553;0,13;3,1;0,02;Gold;33;Suburban;0;1
7771-ZONAT;Male;0;0;0;No phone service;DSL;0;0;1;Two year;0;Bank transfer (automatic);5675;130485;47;83088;0,21;3,7;0,88;Gold;49;Urban;59;1
0655-RBDUG;Male;0;0;1;1;Fiber optic;0;0;1;Month-to-month;1;Bank transfer (automatic);9805;7130;14;125783;0,11;3;0,79;Silver;49;Suburban;29;1
2111-DWYHN;Male;0;0;1;0;0;No internet service;No internet service;No internet service;Month-to-month;0;Mailed check;211;211;5;81115;0,28;4,5;0,02;Bronze;19;Suburban;11;1
4194-WHFCB;Female;0;1;1;1;Fiber optic;0;1;0;Month-to-month;1;Bank transfer (automatic);9665;55808;218;152908;0,03;4,3;0,93;Bronze;21;Suburban;45;0
4121-AGSIN;Female;0;1;1;1;0;No internet service;No internet service;No internet service;One year;1;Credit card (automatic);245;14979;205;149109;0,11;3,1;0,32;Silver;22;Suburban;3;1
4361-BKAXE;Female;0;0;1;1;Fiber optic;1;1;1;Month-to-month;1;Bank transfer (automatic);1145;452745;193;82978;0,21;4,9;0,69;Silver;54;Urban;14;1
9845-PEEKO;Female;1;0;1;1;Fiber optic;0;1;0;Two year;1;Credit card (automatic);792;459035;169;188943;0,07;3;0,82;Bronze;54;Urban;16;1
0455-XFASS;Female;0;1;1;0;Fiber optic;0;0;0;Month-to-month;1;Electronic check;6955;2002;17;89422;0,02;4,2;0,74;Bronze;43;Urban;51;1
0301-KOBTQ;Male;0;0;1;0;0;No internet service;No internet service;No internet service;Two year;1;Bank transfer (automatic);2005;61445;164;169233;0,05;4,6;0,92;Silver;26;Urban;11;0
1751-NCDLI;Male;1;1;1;1;Fiber optic;0;0;1;Month-to-month;1;Electronic check;9885;45649;108;136174;0,02;4,6;0,86;Platinum;32;Urban;0;0
4367-NUYAO;Male;0;1;1;1;0;No internet service;No internet service;No internet service;Two year;0;Mailed check;2575;1397475;0;117743;0,04;3,1;0,99;Platinum;41;Urban;12;1
9878-TNQGW;Male;0;0;1;0;Fiber optic;0;0;0;Month-to-month;1;Electronic check;8095;17115;11;210288;0,28;4,8;0,18;Silver;41;Suburban;29;1
9170-ARBTB;Female;0;1;1;0;0;No internet service;No internet service;No internet service;One year;0;Credit card (automatic);196;10124;300;209000;0,17;4,8;0,03;Gold;52;Urban;9;0
4441-NIHPT;Female;1;0;1;0;Fiber optic;0;0;1;Month-to-month;1;Electronic check;743;94035;50;202778;0,24;4,1;0,64;Bronze;42;Suburban;35;1
8999-BOHSE;Female;1;0;1;0;Fiber optic;0;0;0;Month-to-month;0;Bank transfer (automatic);897;10477;48;109430;0,01;4;0,73;Silver;43;Urban;5;0
7241-AJHFS;Male;0;0;1;1;Fiber optic;1;0;0;Month-to-month;0;Bank transfer (automatic);8765;27664;85;108834;0,18;3,1;0,53;Bronze;40;Rural;8;1
7029-RPUAV;Male;1;1;1;1;Fiber optic;0;0;1;Month-to-month;1;Credit card (automatic);10045;162245;101;104435;0,15;4,1;0,07;Gold;23;Urban;49;1
4546-FOKWR;Female;0;0;1;1;Fiber optic;0;0;0;Month-to-month;1;Credit card (automatic);7475;112935;46;167212;0,28;3,8;0,84;Platinum;44;Suburban;1;1
9036-CSKBW;Female;0;0;1;1;Fiber optic;1;1;1;One year;0;Bank transfer (automatic);10745;56809;294;135797;0,22;4,5;0,96;Gold;36;Urban;5;1
5832-TRLPB;Male;0;0;1;0;DSL;0;0;1;One year;1;Bank transfer (automatic);7535;22439;133;134555;0,22;3,8;0,41;Silver;48;Urban;10;1
8590-YFFQO;Male;0;1;1;0;DSL;1;1;1;Two year;0;Credit card (automatic);6495;452325;310;165350;0,01;4,4;0,22;Gold;49;Urban;25;0
8659-IOOPU;Female;0;1;1;1;Fiber optic;1;0;1;Two year;0;Electronic check;10045;71597;287;94716;0,16;3,2;0,02;Platinum;19;Urban;27;1
1338-CECEE;Male;0;1;1;1;DSL;0;1;1;One year;0;Bank transfer (automatic);685;283995;119;140261;0,14;3,3;0,24;Bronze;35;Rural;12;1
7439-DKZTW;Male;0;0;1;0;Fiber optic;0;0;0;Month-to-month;1;Electronic check;8055;8055;2;238600;0,28;3,3;0,07;Gold;45;Urban;37;1
4646-QZXTF;Female;0;1;1;0;DSL;1;0;1;Month-to-month;0;Bank transfer (automatic);8125;5801;20;81995;0,08;3,1;0,91;Bronze;24;Urban;11;1
4607-CHPCA;Male;0;1;1;0;Fiber optic;0;0;0;One year;1;Electronic check;904;21786;68;102414;0,08;4,1;0,09;Gold;40;Suburban;18;0
9742-XOKTS;Male;0;1;1;1;Fiber optic;1;1;0;One year;0;Electronic check;8955;603855;342;224916;0,12;4,6;0,55;Bronze;53;Urban;17;0
6921-OZMFH;Male;0;1;1;1;DSL;0;0;0;Month-to-month;1;Mailed check;557;2594;17;247731;0,07;4,2;0,07;Bronze;41;Urban;18;0
9578-FOMUK;Male;0;0;1;1;0;No internet service;No internet service;No internet service;Month-to-month;1;Electronic check;248;32415;33;95522;0,04;4,1;0,28;Gold;45;Urban;27;0
4712-UYOOI;Female;0;1;1;0;0;No internet service;No internet service;No internet service;Month-to-month;0;Electronic check;200;41765;117;209632;0,26;4,4;0,57;Bronze;42;Urban;11;1
8824-RWFXJ;Male;0;1;1;0;DSL;0;1;1;Month-to-month;1;Mailed check;5615;16815;16;154034;0,17;3,7;0,72;Bronze;21;Urban;31;0
7722-CVFXN;Male;0;1;1;1;Fiber optic;0;1;0;One year;1;Electronic check;1052;563785;308;122322;0,26;3,7;0,84;Silver;36;Suburban;51;1
8717-VCTXJ;Male;0;0;1;0;0;No internet service;No internet service;No internet service;One year;1;Mailed check;1955;8394;251;147638;0,25;3,6;0,45;Gold;21;Urban;12;1
7363-QTBIW;Female;0;1;1;0;Fiber optic;0;0;0;Month-to-month;1;Electronic check;7975;7691;24;181334;0,08;4,4;0,75;Bronze;30;Suburban;51;1
4159-NAAIX;Female;0;0;1;1;Fiber optic;0;1;0;Two year;0;Bank transfer (automatic);9745;62530;225;219596;0,16;3,3;0,03;Gold;18;Suburban;22;1
0971-QIFJK;Female;0;1;1;1;0;No internet service;No internet service;No internet service;Two year;0;Bank transfer (automatic);2425;16418;347;110846;0,02;3;0,21;Gold;51;Suburban;35;1
9397-TZSHA;Female;0;0;1;1;0;No internet service;No internet service;No internet service;Two year;0;Credit card (automatic);246;167805;330;153643;0,27;4,2;0,19;Silver;24;Urban;57;1
3391-JSQEW;Male;0;1;1;0;DSL;0;1;0;Month-to-month;1;Mailed check;5015;20585;104;194930;0,12;4,9;0,36;Silver;42;Urban;29;0
0343-QLUZP;Male;0;0;0;No phone service;DSL;1;1;1;Two year;0;Bank transfer (automatic);396;24245;315;104399;0,12;4,2;0,04;Bronze;40;Urban;21;0
9763-PDTKK;Female;0;0;1;0;Fiber optic;1;0;1;Month-to-month;1;Bank transfer (automatic);944;3872;11;203182;0,09;4,6;0,28;Bronze;47;Suburban;37;0
2176-LVPNX;Female;1;0;1;1;DSL;1;1;1;Two year;0;Mailed check;8985;629345;205;128591;0,14;4,3;0,65;Bronze;24;Suburban;44;0
7627-JKIAZ;Female;0;1;1;1;Fiber optic;0;0;1;Month-to-month;1;Credit card (automatic);7895;283965;153;231786;0,08;4;0,65;Bronze;34;Urban;41;0
3312-UUMZW;Male;0;1;1;1;Fiber optic;0;1;0;Month-to-month;1;Credit card (automatic);9885;31459;139;115877;0,11;4,4;0,07;Bronze;50;Rural;2;0
1271-UODNO;Male;0;0;1;1;DSL;0;0;0;Two year;1;Credit card (automatic);5385;22007;168;164106;0,24;4,6;0,29;Bronze;19;Urban;8;1
8461-EFQYM;Female;0;0;1;1;0;No internet service;No internet service;No internet service;One year;1;Electronic check;2425;9144;89;158018;0,25;3,4;0,57;Gold;30;Suburban;14;1
6900-RBKER;Male;0;0;1;1;Fiber optic;0;0;1;Two year;1;Credit card (automatic);8945;457775;286;179854;0,09;3,7;0,32;Silver;49;Suburban;29;0
6891-JPYFF;Female;0;1;1;1;Fiber optic;1;1;0;Month-to-month;1;Credit card (automatic);10525;49975;146;244486;0,14;3,4;0,42;Platinum;39;Rural;25;1
1459-QNFQT;Male;0;1;0;No phone service;DSL;1;0;1;Two year;0;Bank transfer (automatic);595;41448;176;200832;0,26;3,9;0,71;Bronze;26;Rural;29;1
1047-NNCBF;Male;0;0;1;0;Fiber optic;0;0;0;Month-to-month;0;Credit card (automatic);7055;149355;111;166576;0,02;4,8;0,01;Bronze;34;Urban;4;0
3696-XRIEN;Female;0;0;1;1;DSL;1;0;1;One year;1;Credit card (automatic);825;41791;291;172508;0,27;3,7;0,28;Silver;35;Urban;57;1
4081-DYXAV;Female;0;0;0;No phone service;DSL;0;0;0;One year;1;Credit card (automatic);4485;89355;103;126835;0,07;3,7;0,14;Bronze;44;Urban;30;0
0074-HDKDG;Male;0;1;1;0;DSL;1;1;1;One year;1;Bank transfer (automatic);616;16110;130;122464;0,02;4,7;0,13;Gold;28;Suburban;56;1
8791-GFXLZ;Male;0;0;1;0;DSL;0;1;0;Month-to-month;1;Bank transfer (automatic);4905;59305;55;192454;0,17;4;0,96;Silver;45;Suburban;57;1
8111-SLLHI;Male;1;1;1;1;Fiber optic;0;1;1;Month-to-month;1;Electronic check;10565;42848;163;233995;0,17;4,1;0,38;Silver;25;Urban;21;0
0927-LCSMG;Male;0;0;1;0;Fiber optic;0;0;1;Month-to-month;0;Mailed check;7465;54455;16;196062;0,26;4,7;0,53;Bronze;35;Urban;53;1
9330-DHBFL;Female;0;1;1;0;DSL;1;1;1;One year;1;Mailed check;6625;15338;83;147445;0,03;4;0,73;Bronze;30;Urban;40;0
0098-BOWSO;Male;0;0;1;0;0;No internet service;No internet service;No internet service;Month-to-month;1;Electronic check;194;5298;94;190454;0,01;4,4;0,05;Silver;50;Urban;57;1
3452-ABWRL;Male;1;0;1;1;Fiber optic;0;0;0;Month-to-month;1;Credit card (automatic);8605;38656;142;201906;0,16;3,2;0,24;Bronze;32;Urban;14;1
5859-HZYLF;Male;0;1;1;0;0;No internet service;No internet service;No internet service;Two year;1;Credit card (automatic);1915;51575;127;178384;0,24;3,4;0,83;Bronze;39;Suburban;44;1
8257-RZAHR;Female;0;1;1;1;DSL;1;0;0;Month-to-month;1;Bank transfer (automatic);647;9410;55;140032;0,06;3,8;0,86;Silver;47;Urban;52;1
5293-WXJAK;Female;1;1;1;1;Fiber optic;0;0;1;Month-to-month;1;Bank transfer (automatic);10405;113365;25;193521;0,24;4;0,37;Bronze;23;Suburban;34;1
3156-QLHBO;Male;0;0;1;0;0;No internet service;No internet service;No internet service;Month-to-month;0;Mailed check;1925;4835;5;196378;0,12;4,9;0,37;Gold;51;Urban;18;0
2208-NQBCT;Female;0;1;1;0;Fiber optic;1;1;0;Month-to-month;0;Electronic check;8195;207005;123;97140;0,06;4,9;0,76;Bronze;36;Suburban;33;0
1779-PWPMG;Female;1;1;1;1;Fiber optic;1;1;1;Two year;1;Bank transfer (automatic);11465;833395;165;82670;0,23;4,7;0,03;Bronze;50;Suburban;17;1
6621-NRZAK;Female;0;1;1;0;0;No internet service;No internet service;No internet service;Two year;0;Credit card (automatic);200;120925;340;116519;0,03;3,6;0,12;Bronze;31;Urban;13;0
0831-JNISG;Male;0;1;1;0;0;No internet service;No internet service;No internet service;Two year;0;Mailed check;198;139625;282;124512;0,15;4,9;0,26;Bronze;36;Suburban;21;0
0774-IFUVM;Male;0;1;1;1;DSL;1;0;0;Month-to-month;1;Bank transfer (automatic);6515;72335;43;183565;0,02;4,4;0,39;Bronze;32;Urban;23;0
3082-WQRVY;Male;1;1;1;0;0;No internet service;No internet service;No internet service;One year;0;Mailed check;1965;22865;61;225763;0,11;3,8;0,05;Bronze;27;Rural;12;0
9553-DLCLU;Female;0;0;1;1;DSL;1;1;1;Two year;0;Credit card (automatic);8895;116175;68;185156;0,18;4,4;0,48;Bronze;19;Suburban;58;1
1641-BYBTK;Male;0;0;1;0;0;No internet service;No internet service;No internet service;Month-to-month;1;Mailed check;202;9835;20;245334;0,17;3;0,74;Bronze;19;Suburban;55;1
2460-NGXBJ;Male;1;1;1;1;Fiber optic;0;0;0;Month-to-month;1;Credit card (automatic);752;7753;51;105595;0,12;3,3;0,51;Gold;38;Urban;7;1
2446-ZKVAF;Male;0;1;1;1;DSL;0;1;0;Month-to-month;0;Credit card (automatic);568;107465;76;244512;0,13;4,7;0,07;Gold;29;Urban;41;0
0841-NULXI;Male;0;0;0;No phone service;DSL;0;0;0;Month-to-month;1;Electronic check;3555;3555;3;88630;0,07;4,3;0,44;Bronze;27;Urban;54;1
3522-CDKHF;Female;0;1;1;0;Fiber optic;1;0;0;Month-to-month;1;Bank transfer (automatic);755;23247;176;242322;0,14;3,7;0,71;Bronze;29;Urban;1;0
1430-SFQSA;Male;0;0;0;No phone service;DSL;1;0;0;One year;0;Mailed check;356;10726;150;187461;0,29;4;0,06;Silver;19;Suburban;41;1
0411-EZJZE;Female;0;0;1;1;DSL;0;0;0;Month-to-month;1;Electronic check;6025;1705;13;154191;0,26;4,8;0,06;Gold;18;Urban;26;1
7851-WZEKY;Female;0;0;1;1;Fiber optic;0;0;0;Month-to-month;1;Electronic check;9515;1969;10;180591;0,04;4,3;0,37;Platinum;19;Urban;33;0
8844-TONUD;Male;0;1;1;0;Fiber optic;0;0;1;Month-to-month;1;Mailed check;9665;116285;71;143753;0,01;3,8;0,19;Bronze;40;Urban;28;0
8807-ARQET;Female;0;0;0;No phone service;DSL;0;1;0;Month-to-month;1;Electronic check;4035;167785;198;140520;0,28;3,2;0,93;Silver;45;Rural;25;1
8992-CEUEN;Female;0;0;1;0;0;No internet service;No internet service;No internet service;Month-to-month;0;Electronic check;1885;1885;5;84008;0,16;3,6;0,58;Gold;34;Rural;22;0
4320-QMLLA;Male;0;0;1;0;DSL;0;0;0;Month-to-month;0;Mailed check;5485;3704;33;187408;0,16;5;0,29;Gold;38;Urban;35;0
8777-PVYGU;Female;0;1;1;0;DSL;1;0;1;One year;1;Mailed check;643;34106;245;80496;0,23;3,9;0,07;Bronze;51;Urban;53;1
8292-ITGYJ;Female;0;1;1;1;0;No internet service;No internet service;No internet service;Two year;1;Bank transfer (automatic);2465;11388;201;179767;0,09;3,9;0,37;Silver;26;Urban;8;0
6870-ZWMNX;Male;0;1;1;1;DSL;0;1;1;Two year;0;Credit card (automatic);761;526425;350;103212;0,14;4;0,13;Bronze;34;Urban;20;0
0621-CXBKL;Female;0;0;1;0;0;No internet service;No internet service;No internet service;Two year;0;Mailed check;187;10057;139;100637;0,29;4,8;0,24;Bronze;49;Rural;41;1
5268-DSMNQ;Female;1;1;1;1;Fiber optic;0;1;1;One year;1;Credit card (automatic);9795;593655;342;125227;0,02;4,2;0,64;Silver;22;Suburban;35;0
5334-JLAXU;Female;0;1;1;1;Fiber optic;1;1;0;Month-to-month;1;Credit card (automatic);941;54759;329;199753;0,05;4,4;0,05;Bronze;31;Rural;2;0
4086-YQSNZ;Female;1;1;1;0;Fiber optic;0;0;0;Month-to-month;1;Electronic check;804;22405;6;200118;0,04;3,8;0,27;Gold;42;Suburban;6;0
6242-MBHPK;Female;1;1;1;0;Fiber optic;1;0;0;Month-to-month;1;Electronic check;951;232605;121;89884;0,06;3,1;0,21;Gold;39;Suburban;22;1
5868-CZJDR;Male;0;0;0;No phone service;DSL;0;1;0;Month-to-month;1;Mailed check;3135;3135;2;196481;0,23;4,9;0,02;Gold;22;Suburban;31;1
9359-UGBTK;Female;0;0;1;0;DSL;1;0;1;One year;1;Bank transfer (automatic);7235;49915;223;148259;0,09;4,9;0,68;Bronze;26;Suburban;22;0
0135-NMXAP;Female;0;0;1;1;Fiber optic;0;1;0;Month-to-month;1;Bank transfer (automatic);8975;10524;59;129810;0,01;4,9;0,83;Bronze;48;Suburban;15;0
4782-OSFXZ;Female;1;1;1;1;DSL;1;1;1;Two year;1;Bank transfer (automatic);827;58312;187;209926;0,28;4,9;0,72;Bronze;38;Urban;4;1
6479-OAUSD;Male;0;0;1;0;0;No internet service;No internet service;No internet service;One year;0;Credit card (automatic);199;5108;131;84761;0,05;4,6;0,65;Silver;53;Suburban;12;0
7129-ACFOG;Female;0;0;1;1;DSL;1;0;0;Month-to-month;1;Electronic check;538;28395;26;96375;0;4,4;0,92;Silver;18;Urban;9;0
4189-NAKJS;Male;0;0;1;1;DSL;0;0;0;One year;1;Credit card (automatic);5155;12954;104;236290;0,07;4,7;0,06;Bronze;39;Rural;55;1
5562-BETPV;Male;0;1;1;0;0;No internet service;No internet service;No internet service;One year;0;Mailed check;1965;1965;2;241637;0,07;4,2;0,17;Silver;40;Urban;58;1
1282-IHQAC;Male;1;0;0;No phone service;DSL;0;1;1;One year;1;Credit card (automatic);4405;301165;220;182654;0,13;3,3;0,41;Silver;40;Urban;1;1
9127-FHJBZ;Male;0;1;1;1;Fiber optic;1;1;1;Two year;1;Electronic check;1140;809315;321;112975;0,28;3,8;0,37;Bronze;32;Urban;15;1
6270-OMFIW;Male;0;1;1;0;Fiber optic;0;1;0;One year;1;Electronic check;944;561025;355;238145;0,26;4,9;0,42;Silver;18;Rural;51;1
1641-RQDAY;Female;1;1;1;1;Fiber optic;0;1;0;Month-to-month;1;Electronic check;1004;321765;144;212955;0,14;3,7;0,21;Silver;23;Rural;0;0
0107-WESLM;Male;0;0;1;0;0;No internet service;No internet service;No internet service;Month-to-month;1;Electronic check;1985;1985;3;154489;0,12;4,7;0,15;Gold;52;Suburban;5;1
6994-ORCWG;Female;0;0;1;1;DSL;0;1;0;One year;1;Mailed check;5425;7732;63;88381;0,17;3,2;0,51;Silver;34;Urban;53;1
1346-UFHAX;Female;0;0;1;1;Fiber optic;1;0;0;Month-to-month;1;Credit card (automatic);800;102935;54;234310;0,07;3,7;0,93;Bronze;40;Urban;18;0
3992-YWPKO;Female;0;0;1;1;Fiber optic;0;1;1;Month-to-month;1;Credit card (automatic);1099;66945;30;224867;0,02;3,7;0,39;Silver;37;Urban;32;0
2933-XEUJM;Female;0;0;1;1;DSL;1;0;1;Two year;0;Mailed check;792;35938;111;142999;0,28;3,1;0,04;Gold;45;Rural;27;1
0125-LZQXK;Male;0;0;1;0;Fiber optic;0;0;1;Month-to-month;1;Electronic check;10135;155395;75;129907;0,06;3,2;0,71;Bronze;54;Suburban;4;1
5461-QKNTN;Male;1;1;1;1;Fiber optic;0;1;0;Month-to-month;1;Electronic check;943;395315;179;220710;0,06;3,4;0,29;Gold;35;Rural;11;1
4835-YSJMR;Male;0;0;1;0;DSL;0;0;0;Two year;1;Bank transfer (automatic);498;197115;228;150467;0,14;4,7;0,25;Bronze;24;Suburban;29;0
8399-YNDCH;Male;1;0;1;0;DSL;0;0;1;Month-to-month;1;Bank transfer (automatic);6005;123615;70;122623;0,15;3,1;0,32;Silver;37;Suburban;16;1
3164-YAXFY;Male;0;0;0;No phone service;DSL;1;0;1;Month-to-month;1;Electronic check;5375;31960;258;249564;0,01;3,6;0,72;Platinum;41;Urban;18;0
0887-WBJVH;Female;0;1;1;0;Fiber optic;0;0;0;One year;1;Electronic check;9345;48722;303;237483;0,04;3;0,82;Silver;33;Urban;39;1
4660-IRIBM;Male;0;1;1;0;Fiber optic;1;0;1;Month-to-month;1;Mailed check;879;15005;43;190724;0,11;4,4;0,59;Silver;30;Rural;41;0
5673-FSSMF;Female;0;0;1;1;DSL;0;0;0;Month-to-month;1;Electronic check;6015;6015;5;231606;0,21;4,2;0,32;Bronze;45;Urban;24;1
7670-ZBPOQ;Female;0;1;1;1;DSL;1;0;0;One year;1;Bank transfer (automatic);6105;347875;275;240253;0,07;4,3;0,31;Bronze;24;Suburban;34;0
8089-UZWLX;Female;1;0;1;1;Fiber optic;0;0;1;Two year;0;Bank transfer (automatic);10405;741355;161;183069;0,13;3,7;0,12;Silver;32;Suburban;8;0
0080-OROZO;Female;0;0;1;0;Fiber optic;0;0;1;One year;1;Electronic check;9925;35320;112;99996;0,17;3,4;0,93;Silver;40;Urban;31;1
3916-NRPAP;Male;0;0;1;0;Fiber optic;0;0;1;Month-to-month;0;Credit card (automatic);857;25675;14;185682;0,27;4,4;0,64;Bronze;40;Urban;38;1
6807-SIWJI;Male;0;0;1;1;Fiber optic;1;1;0;One year;1;Electronic check;10485;388725;86;163609;0,01;4,6;0,03;Platinum;48;Urban;55;1
8221-HVAYI;Male;0;1;1;1;DSL;1;1;1;Two year;1;Credit card (automatic);6915;249015;151;240477;0,04;3,3;0,66;Bronze;22;Suburban;37;1
1579-KLYDT;Male;0;0;1;1;Fiber optic;0;0;1;Month-to-month;1;Electronic check;9045;59345;23;181490;0,15;4;0,45;Silver;44;Urban;14;0
5232-NXPAY;Female;0;0;1;0;DSL;0;0;1;Two year;0;Mailed check;7445;35103;210;151325;0,22;3,5;0,97;Silver;27;Urban;44;1
8967-SZQAS;Female;0;0;1;0;DSL;0;1;0;Month-to-month;0;Electronic check;5045;76545;30;108930;0,03;3,3;0,82;Silver;24;Suburban;45;1
4468-KAZHE;Female;1;1;1;0;DSL;0;1;0;Month-to-month;1;Electronic check;600;125935;109;194426;0,13;4,5;0,17;Silver;49;Urban;36;0
0455-ENTCR;Male;0;1;1;1;DSL;1;1;0;Two year;0;Electronic check;8525;553835;389;97529;0,01;4,1;0,72;Bronze;40;Urban;25;0
8944-AILEF;Male;0;1;1;0;0;No internet service;No internet service;No internet service;Month-to-month;1;Credit card (automatic);1945;34085;88;133546;0,01;3,4;0,49;Platinum;26;Urban;55;1
5542-NKVRU;Female;0;0;1;0;0;No internet service;No internet service;No internet service;Two year;1;Bank transfer (automatic);2075;84445;209;87942;0,14;3,6;0,19;Silver;46;Urban;59;1
7126-RBHSD;Female;0;1;1;1;Fiber optic;1;0;0;Month-to-month;0;Electronic check;789;134895;42;87548;0,09;4,9;0,07;Silver;44;Suburban;30;0
5370-IIVVL;Male;0;0;1;1;Fiber optic;0;1;0;One year;1;Credit card (automatic);1045;37780;186;195248;0,25;4,7;0,55;Silver;38;Rural;29;1
6789-HJBWG;Female;0;0;1;0;DSL;0;1;0;Month-to-month;1;Electronic check;494;61165;25;229368;0,18;4,8;0,03;Bronze;23;Urban;1;0
3927-NLNRY;Male;0;1;1;0;Fiber optic;0;1;0;One year;1;Bank transfer (automatic);9425;486795;110;177780;0,14;3,9;0,65;Gold;43;Rural;6;0
9087-EYCPR;Female;0;0;1;1;0;No internet service;No internet service;No internet service;Two year;0;Mailed check;250;150505;197;80296;0,12;4,2;0,63;Silver;37;Urban;29;0
6791-YBNAK;Male;0;1;0;No phone service;DSL;0;0;0;Month-to-month;0;Credit card (automatic);2555;46785;71;147945;0,15;3,8;0,14;Silver;32;Suburban;32;0
6358-LYNGM;Male;0;0;1;1;Fiber optic;0;0;0;Month-to-month;1;Electronic check;749;749;5;139980;0,01;3,2;0,35;Gold;37;Suburban;47;1
6077-BDPXA;Female;0;0;1;0;Fiber optic;0;0;0;Month-to-month;1;Electronic check;7015;1942;14;136782;0,27;3,8;0,59;Gold;32;Urban;38;1
0013-MHZWF;Female;0;0;1;0;DSL;0;0;0;Month-to-month;1;Credit card (automatic);694;57145;34;245301;0,03;4,2;0,14;Bronze;46;Urban;46;1
5494-HECPR;Female;0;0;1;0;Fiber optic;0;0;0;Month-to-month;1;Electronic check;8025;8025;3;176382;0,05;3,6;0,85;Gold;23;Urban;37;1
8268-YDIXR;Male;0;1;1;1;Fiber optic;1;1;1;One year;1;Electronic check;9315;525395;335;133444;0,04;4,7;0,03;Bronze;33;Suburban;19;0
9824-BEMCV;Male;0;1;1;0;Fiber optic;0;0;0;Month-to-month;1;Electronic check;690;114965;62;115036;0,04;3,3;0,01;Silver;18;Urban;18;1
1373-ORVIZ;Female;0;1;1;1;DSL;0;0;0;Month-to-month;1;Electronic check;6635;7408;41;119322;0,02;3,7;0,12;Bronze;23;Urban;8;0
4291-SHSBH;Male;0;0;1;0;Fiber optic;0;0;0;Month-to-month;1;Electronic check;6955;52135;18;238239;0,02;3,2;0,53;Bronze;33;Urban;21;1
6980-IMXXE;Female;0;1;1;0;0;No internet service;No internet service;No internet service;Two year;0;Bank transfer (automatic);202;141265;357;131667;0,25;3,8;0,62;Bronze;50;Urban;31;1
9866-QEVEE;Male;0;0;1;1;Fiber optic;0;0;0;Month-to-month;1;Bank transfer (automatic);860;153245;90;174527;0,23;3,1;0,04;Bronze;24;Suburban;29;1
9897-KXHCM;Female;0;1;1;0;Fiber optic;0;0;0;Month-to-month;1;Electronic check;803;25005;8;163337;0,13;3,5;0,29;Bronze;27;Suburban;5;0
0040-HALCW;Male;0;1;1;0;0;No internet service;No internet service;No internet service;Two year;0;Credit card (automatic);204;10906;125;131468;0,18;3,8;0,81;Silver;25;Suburban;16;0
0784-GTUUK;Male;0;1;1;1;0;No internet service;No internet service;No internet service;One year;1;Credit card (automatic);2375;14468;292;152894;0,21;4;0,07;Bronze;38;Urban;36;1
7979-CORPM;Male;0;0;1;1;Fiber optic;0;1;0;Month-to-month;1;Credit card (automatic);9055;228255;110;143138;0,15;4,1;0,28;Gold;43;Urban;14;0
2294-DMMUS;Female;0;1;1;1;DSL;0;0;0;Month-to-month;1;Credit card (automatic);7045;430045;191;102588;0,14;3,5;0,04;Bronze;54;Urban;59;1
0872-JCPIB;Male;0;0;1;1;DSL;1;0;0;Month-to-month;0;Bank transfer (automatic);6575;11112;98;142901;0,19;4;0,01;Bronze;35;Suburban;6;0
3055-MJDSB;Male;0;0;0;No phone service;DSL;0;0;0;Month-to-month;1;Mailed check;246;1901;23;228743;0,17;4;0,35;Silver;21;Urban;13;0
9091-WTUUY;Male;0;1;1;0;DSL;1;0;1;Two year;0;Mailed check;6925;444775;238;163038;0,19;3,6;0,19;Bronze;37;Rural;19;0
1618-CFHME;Female;0;0;1;1;Fiber optic;0;0;0;Month-to-month;1;Electronic check;759;14335;11;242717;0,18;4,7;0,27;Bronze;36;Urban;59;1
3165-HDOEW;Male;0;1;1;0;DSL;0;0;0;Month-to-month;1;Mailed check;4585;4585;3;218709;0,22;4,1;0,82;Platinum;50;Rural;29;1
6581-NQCBA;Female;0;1;0;No phone service;DSL;0;0;0;Month-to-month;1;Electronic check;4995;8102;72;211732;0,19;3,7;0,16;Bronze;40;Suburban;17;0
7115-IRDHS;Female;0;1;1;1;0;No internet service;No internet service;No internet service;Two year;0;Bank transfer (automatic);2465;183005;258;187211;0,16;4,9;0,78;Gold;26;Suburban;56;1
8496-DMZUK;Male;0;0;1;1;Fiber optic;1;1;1;One year;0;Bank transfer (automatic);904;282065;92;86922;0,02;4,7;0,68;Bronze;35;Urban;21;0
2040-VZIKE;Female;0;1;1;1;Fiber optic;1;0;0;Month-to-month;1;Mailed check;10085;484735;290;173697;0,13;5;0,33;Gold;19;Urban;24;0
9068-VPWQQ;Male;0;1;1;1;DSL;1;0;1;Two year;0;Credit card (automatic);7535;47293;221;197217;0,07;4,4;0,55;Bronze;34;Suburban;23;0
0178-SZBHO;Male;0;1;1;1;Fiber optic;0;1;0;Month-to-month;0;Electronic check;872;401745;262;149506;0;3,8;0,44;Platinum;33;Suburban;30;0
0384-RVBPI;Male;0;0;1;0;DSL;1;0;1;Month-to-month;0;Credit card (automatic);644;13986;58;204338;0,17;3,6;0,13;Bronze;41;Urban;48;1
1689-MRZQR;Male;0;1;1;0;Fiber optic;0;0;0;Month-to-month;0;Electronic check;783;25643;96;107843;0,18;4,3;0,91;Bronze;48;Urban;17;0
1299-AURJA;Female;0;1;1;1;0;No internet service;No internet service;No internet service;Two year;0;Bank transfer (automatic);247;16859;148;220118;0,29;5;0,57;Silver;18;Suburban;33;1
4525-VZCZG;Male;0;0;1;0;Fiber optic;1;1;0;One year;1;Electronic check;10585;582665;248;183064;0,11;4,3;0,88;Silver;45;Rural;17;0
1543-LLLFT;Male;1;1;1;1;Fiber optic;0;1;1;One year;1;Mailed check;983;606655;211;206417;0,12;4,8;0,82;Bronze;50;Urban;13;0
5835-BEQEU;Male;0;0;1;1;Fiber optic;0;0;0;Month-to-month;1;Electronic check;7695;2284;16;196585;0,06;3,7;0,08;Bronze;54;Urban;3;0
2788-CJQAQ;Male;0;0;1;0;0;No internet service;No internet service;No internet service;One year;0;Mailed check;1945;2702;50;110346;0,02;3,8;0,21;Gold;21;Suburban;6;0
5565-FILXA;Female;1;0;1;1;Fiber optic;0;0;0;Month-to-month;1;Electronic check;9615;15292;93;203152;0,23;4,8;0,15;Bronze;18;Suburban;6;1
0319-QZTCO;Female;0;1;1;0;DSL;0;1;0;Month-to-month;1;Credit card (automatic);587;1686;8;191769;0,07;4,5;0,83;Silver;50;Urban;0;0
2120-SMPEX;Male;0;0;1;0;0;No internet service;No internet service;No internet service;Month-to-month;1;Mailed check;2015;53635;136;182391;0,18;5;0,86;Silver;27;Urban;39;0
0096-FCPUF;Male;0;0;1;1;DSL;1;0;0;Month-to-month;1;Mailed check;645;188845;153;153143;0,21;4,5;0,53;Silver;20;Suburban;51;1
0668-OGMHD;Female;0;1;0;No phone service;DSL;1;0;0;Month-to-month;0;Electronic check;285;62935;106;116787;0,14;3,9;0,01;Bronze;54;Urban;23;0
5552-ZNFSJ;Male;0;0;1;0;DSL;0;0;0;Month-to-month;0;Electronic check;453;453;5;113583;0,26;4,1;0,14;Silver;38;Urban;31;1
2223-KAGMX;Female;0;0;1;0;0;No internet service;No internet service;No internet service;Month-to-month;0;Bank transfer (automatic);194;2893;75;223635;0,13;4,8;0,81;Bronze;26;Suburban;9;0
6507-ZJSUR;Male;1;1;1;0;Fiber optic;0;0;0;Month-to-month;1;Electronic check;9045;211725;103;201943;0,09;4,1;0,93;Bronze;41;Urban;8;0
9408-HRXRK;Female;0;1;1;1;Fiber optic;1;1;0;Month-to-month;1;Electronic check;10515;47309;113;244762;0,27;3,5;0,02;Silver;25;Urban;38;1
5593-SUAOO;Female;0;1;1;1;Fiber optic;0;1;1;One year;0;Bank transfer (automatic);8315;203305;51;191233;0,26;3,9;0,01;Platinum;41;Urban;2;1
7321-PKUYW;Female;0;0;1;1;Fiber optic;0;0;0;Month-to-month;0;Electronic check;9015;98795;62;94925;0,05;4;0,33;Bronze;41;Suburban;43;0
2833-SLKDQ;Male;0;0;1;0;DSL;0;0;0;Month-to-month;0;Mailed check;4505;4505;4;163184;0,01;3,2;0,03;Bronze;27;Urban;34;1
6766-HFKLA;Female;0;1;1;1;Fiber optic;0;0;1;Two year;0;Bank transfer (automatic);1032;574435;290;231180;0,03;4,5;0,83;Silver;52;Urban;4;0
7595-EUIVN;Female;0;0;1;0;Fiber optic;0;1;0;Month-to-month;0;Electronic check;758;758;3;156515;0,09;3,2;0,49;Bronze;21;Urban;6;1
7617-EYGLW;Male;0;0;1;0;0;No internet service;No internet service;No internet service;Month-to-month;0;Electronic check;1945;1945;2;216427;0,29;3,8;0,64;Silver;26;Urban;11;1
2026-TGDHM;Female;0;0;1;0;Fiber optic;0;0;0;Month-to-month;1;Electronic check;793;52315;17;126069;0,17;4,6;0,41;Platinum;28;Suburban;22;0
9220-ZNKJI;Female;1;1;1;0;Fiber optic;0;0;1;Two year;0;Credit card (automatic);888;48053;260;180854;0,11;3,9;0,35;Platinum;30;Rural;24;0
4030-VPZBD;Female;0;0;0;No phone service;DSL;0;0;0;Month-to-month;1;Electronic check;309;5905;7;134471;0,27;4,7;0,22;Bronze;44;Suburban;16;1
2226-ICFDO;Female;0;1;1;1;DSL;1;0;1;Two year;1;Credit card (automatic);859;611075;201;112705;0,14;3,7;0,77;Silver;47;Urban;13;0
0723-VSOBE;Female;1;0;0;No phone service;DSL;0;0;0;One year;0;Electronic check;342;15966;178;208501;0,09;4,9;0,07;Platinum;29;Urban;34;0
5529-GIBVH;Female;0;0;1;0;0;No internet service;No internet service;No internet service;Two year;0;Mailed check;2015;10462;106;196361;0,28;3,4;0,36;Bronze;36;Urban;0;1
4187-CINZD;Female;1;0;1;0;Fiber optic;0;1;0;One year;0;Credit card (automatic);9525;44242;199;167273;0,25;3,1;0,32;Silver;21;Urban;21;1
9992-UJOEL;Male;0;0;1;0;DSL;0;1;0;Month-to-month;1;Mailed check;503;9275;6;103241;0,25;4,7;0;Bronze;51;Urban;27;1
4741-WWJQZ;Female;0;1;1;0;Fiber optic;1;0;0;Month-to-month;1;Electronic check;8015;19455;10;238486;0,15;4,5;0,06;Bronze;40;Urban;57;1
6625-UTXEW;Female;0;1;1;0;DSL;0;1;0;Month-to-month;1;Electronic check;5125;6121;38;130818;0,24;3,5;0,62;Platinum;43;Suburban;22;1
6818-WOBHJ;Female;1;1;1;1;Fiber optic;0;1;0;Month-to-month;1;Bank transfer (automatic);896;61276;259;231967;0,05;5;0,51;Gold;24;Suburban;17;0
6244-BESBM;Male;0;1;1;0;Fiber optic;0;0;0;Two year;1;Credit card (automatic);952;66717;141;172307;0,17;4;0,43;Bronze;35;Suburban;45;0
1004-NOZNR;Male;1;0;1;0;Fiber optic;1;0;0;One year;0;Credit card (automatic);948;52643;128;146920;0,03;4,9;0,83;Gold;21;Urban;56;1
1251-STYSZ;Female;1;0;1;1;Fiber optic;1;0;0;Month-to-month;1;Electronic check;8025;3037;14;198642;0,09;4;0,05;Silver;25;Suburban;44;0
2612-PHGOX;Male;0;1;1;1;DSL;0;1;1;Two year;1;Bank transfer (automatic);761;48188;250;145453;0,24;3,9;0,38;Gold;39;Urban;43;1
2408-TZMJL;Male;0;1;1;1;Fiber optic;1;1;1;One year;1;Electronic check;11015;644805;259;102689;0,15;3,9;0,16;Bronze;43;Urban;36;0
8480-PPONV;Male;0;1;1;1;Fiber optic;1;1;1;Two year;0;Bank transfer (automatic);11555;715905;196;219324;0,01;3,7;0,82;Bronze;30;Urban;2;0
8780-IHCRN;Male;0;1;1;1;0;No internet service;No internet service;No internet service;Two year;0;Credit card (automatic);2465;15745;301;110844;0,23;4,1;0,58;Bronze;34;Urban;13;1
4598-ZADCK;Female;0;0;0;No phone service;DSL;1;1;1;One year;1;Electronic check;536;28792;288;175687;0,05;3,9;0,09;Silver;53;Urban;38;0
1257-SXUXQ;Male;0;1;1;0;0;No internet service;No internet service;No internet service;Month-to-month;0;Mailed check;1945;8605;25;103365;0,19;3,1;0,65;Bronze;32;Urban;6;1
9681-KYGYB;Male;1;1;1;1;Fiber optic;1;1;1;Month-to-month;1;Electronic check;882;415945;105;217098;0,03;3,5;0,43;Bronze;35;Urban;16;0
7182-OVLBJ;Female;0;1;1;1;Fiber optic;1;0;0;Two year;1;Bank transfer (automatic);10115;663835;243;178303;0,28;3,4;0,81;Platinum;44;Suburban;5;1
5095-ETBRJ;Female;0;1;1;0;DSL;1;1;0;Two year;0;Mailed check;568;311205;133;108523;0,09;4,7;0,92;Platinum;23;Urban;46;1
7005-CYUIL;Female;1;1;1;0;Fiber optic;1;1;1;Two year;1;Electronic check;994;716825;210;221554;0,07;4,2;0,06;Silver;51;Urban;18;0
4821-WQOYN;Female;0;1;1;0;0;No internet service;No internet service;No internet service;Two year;1;Credit card (automatic);201;132625;428;192105;0,04;4,5;0,73;Gold;22;Urban;14;0
4730-AWNAU;Male;0;1;0;No phone service;DSL;1;0;1;One year;0;Credit card (automatic);607;223455;92;128888;0,28;4,9;0,06;Platinum;29;Urban;38;1
3452-FLHYD;Male;0;1;1;0;0;No internet service;No internet service;No internet service;One year;1;Bank transfer (automatic);2095;49515;99;193884;0,21;4,3;0,56;Silver;46;Suburban;4;1
2388-LAESQ;Female;1;1;1;1;Fiber optic;1;1;1;Two year;1;Bank transfer (automatic);11485;831795;322;186968;0,22;5;0,76;Silver;54;Urban;14;1
9531-NSBMR;Female;0;0;1;0;0;No internet service;No internet service;No internet service;One year;1;Bank transfer (automatic);1925;6798;173;130110;0,15;3,6;0,05;Gold;29;Urban;51;1
6260-ONULR;Male;0;0;1;0;DSL;0;0;0;Month-to-month;1;Mailed check;628;628;4;211565;0,14;3,4;0,59;Silver;42;Suburban;44;1
4389-UEFCZ;Female;0;1;1;1;Fiber optic;1;0;1;Two year;1;Electronic check;1055;75440;146;162001;0,03;3,8;0,09;Bronze;51;Suburban;25;0
8711-LOBKY;Male;0;1;1;0;0;No internet service;No internet service;No internet service;Two year;0;Mailed check;1985;118825;195;119767;0,17;3,9;0,02;Bronze;28;Urban;38;0
9134-CEQMF;Male;1;1;1;0;Fiber optic;0;0;0;Month-to-month;1;Electronic check;895;6767;28;109550;0,07;4,8;0,01;Silver;40;Urban;44;0
8985-OOPOS;Female;0;0;1;0;DSL;0;0;1;One year;0;Credit card (automatic);741;741;2;224905;0,29;4,1;0,69;Platinum;41;Rural;12;1
8800-ZKRFW;Female;0;1;1;1;Fiber optic;0;1;1;Month-to-month;1;Electronic check;1075;32425;102;214042;0,24;3,6;0,82;Silver;35;Suburban;30;1
2616-FLVQC;Male;0;0;1;0;0;No internet service;No internet service;No internet service;Two year;0;Mailed check;1955;124015;136;178315;0,12;4,5;0,85;Gold;27;Rural;12;0
9968-FFVVH;Male;0;0;1;1;DSL;1;1;1;One year;0;Bank transfer (automatic);688;411135;145;175494;0,05;4;0,64;Gold;22;Rural;22;0
3108-PCCGG;Male;1;1;1;1;DSL;1;1;1;Two year;0;Credit card (automatic);8445;589985;258;207424;0,24;3,3;0,83;Bronze;48;Suburban;39;1
7993-PYKOF;Male;0;1;1;0;Fiber optic;1;0;0;Month-to-month;0;Electronic check;750;63295;20;193855;0,04;4,2;0,07;Gold;42;Urban;31;0
8390-FESFV;Female;0;0;1;1;DSL;0;1;1;Two year;0;Bank transfer (automatic);845;51932;264;162681;0,06;4,8;0,09;Bronze;34;Suburban;36;0
3022-BEXHZ;Male;0;1;1;1;Fiber optic;0;1;1;Two year;1;Bank transfer (automatic);1112;75308;318;181489;0,06;4,7;0,76;Silver;45;Suburban;3;0
5027-XWQHA;Male;0;0;1;0;DSL;0;0;0;Month-to-month;0;Electronic check;4475;27095;31;210546;0,17;4,2;0,18;Gold;18;Urban;16;0
6248-TKCQV;Female;0;1;1;1;DSL;1;0;0;Two year;1;Bank transfer (automatic);806;54602;196;108900;0,24;3,8;0,24;Silver;19;Suburban;19;1
6729-GDNGC;Female;1;0;1;0;Fiber optic;0;0;0;Month-to-month;0;Bank transfer (automatic);807;16142;53;94126;0,09;3,2;0,39;Gold;19;Suburban;45;1
6198-ZFIOJ;Female;0;0;1;1;Fiber optic;0;0;0;Month-to-month;0;Electronic check;756;4025;12;191198;0,03;3,9;0,31;Bronze;44;Urban;10;0
5989-OMNJE;Female;0;1;0;No phone service;DSL;1;1;1;One year;0;Electronic check;576;136775;109;159303;0,14;4,5;0,32;Gold;25;Urban;41;0
4566-QVRRW;Female;0;1;1;0;DSL;0;0;0;Month-to-month;1;Electronic check;4405;4837;53;147061;0,22;3,7;0,17;Bronze;44;Urban;32;1
1291-CUOCY;Male;0;1;1;1;Fiber optic;0;1;1;Two year;1;Credit card (automatic);1106;79622;153;96978;0,07;3,5;0,29;Silver;54;Suburban;38;0
9795-SHUHB;Female;0;1;1;0;DSL;1;1;0;Two year;1;Credit card (automatic);582;38108;379;136344;0,07;4,9;0,02;Silver;34;Suburban;5;0
3230-IUALN;Female;0;1;1;0;DSL;1;0;1;Two year;1;Mailed check;810;35336;99;126648;0,28;4,6;0,47;Silver;21;Urban;38;1
0042-RLHYP;Female;0;1;1;0;0;No internet service;No internet service;No internet service;Two year;0;Bank transfer (automatic);197;13969;287;81055;0,29;4,3;0,77;Bronze;48;Urban;55;1
8519-IMDHU;Male;1;1;1;1;Fiber optic;0;0;0;Month-to-month;1;Bank transfer (automatic);856;134555;72;155582;0,03;3,3;0,86;Bronze;22;Urban;46;1
4945-RVMTE;Female;0;0;1;0;DSL;0;0;1;Month-to-month;1;Bank transfer (automatic);5955;164645;153;161214;0,24;3,3;0,82;Silver;42;Urban;37;1
0201-OAMXR;Female;0;0;1;1;Fiber optic;1;1;1;One year;0;Credit card (automatic);11555;81276;339;187954;0,06;3,2;0,42;Silver;45;Urban;17;1
1866-NXPSP;Female;0;0;1;0;DSL;1;1;1;One year;1;Mailed check;7555;268015;187;118725;0,06;4,2;0,73;Silver;36;Urban;1;0
3372-KWFBM;Male;1;0;1;1;Fiber optic;0;0;0;Month-to-month;1;Electronic check;866;12810;53;216327;0,01;3,2;0,29;Silver;54;Urban;40;1
7831-QGOXH;Female;0;0;1;1;Fiber optic;0;0;0;Month-to-month;1;Electronic check;852;15539;94;133380;0,01;4,7;0,06;Platinum;40;Urban;37;0
6393-WRYZE;Female;0;1;1;1;Fiber optic;0;0;0;Month-to-month;1;Electronic check;9765;320755;78;133333;0,29;5;0,68;Platinum;53;Suburban;53;1
3941-XTSKM;Male;0;1;0;No phone service;DSL;0;1;1;One year;1;Credit card (automatic);451;204905;234;122459;0,24;3,7;0,65;Bronze;30;Rural;16;1
1661-CZBAU;Male;0;0;1;1;DSL;1;0;0;One year;1;Bank transfer (automatic);7095;36292;201;196518;0,22;3,9;0,08;Bronze;34;Urban;23;1
6599-RCLCJ;Male;0;1;1;1;Fiber optic;0;1;1;Month-to-month;1;Electronic check;10955;512455;247;116163;0,06;4,4;0,62;Silver;47;Urban;29;0
9831-BPFRI;Female;0;1;1;1;Fiber optic;0;1;1;One year;1;Electronic check;8955;347445;148;245043;0,27;4,9;0,16;Bronze;40;Rural;42;1
5158-RIVOP;Female;0;1;1;0;0;No internet service;No internet service;No internet service;Two year;0;Credit card (automatic);209;2023;50;164730;0,25;4,8;0,85;Bronze;20;Rural;23;1
9788-YTFGE;Male;0;0;1;0;0;No internet service;No internet service;No internet service;Month-to-month;1;Mailed check;1995;1475;28;99476;0,05;3,1;0,63;Bronze;30;Urban;3;1
9277-JOOMO;Female;0;0;1;1;0;No internet service;No internet service;No internet service;Month-to-month;0;Mailed check;246;8635;14;148580;0,26;3,3;0,81;Bronze;49;Urban;6;1
1907-YLNYW;Male;0;0;1;0;DSL;1;0;1;Month-to-month;1;Electronic check;667;5790;18;185576;0,08;4,5;0,77;Silver;52;Urban;14;0
1725-MIMXW;Male;0;0;1;0;0;No internet service;No internet service;No internet service;Month-to-month;1;Mailed check;1945;1945;2;166593;0,02;4,4;0,03;Bronze;19;Urban;56;1
8947-YRTDV;Male;0;1;1;0;Fiber optic;1;1;1;One year;0;Mailed check;948;313155;95;189071;0,02;3,3;0,07;Bronze;20;Urban;29;1
3161-ONRWK;Male;0;1;1;0;DSL;1;1;1;One year;1;Bank transfer (automatic);6585;39283;158;194832;0,02;4;0,18;Gold;46;Urban;58;1
0114-RSRRW;Female;0;1;1;0;0;No internet service;No internet service;No internet service;Month-to-month;1;Bank transfer (automatic);1995;18775;54;218579;0,03;4,6;0,09;Gold;27;Suburban;28;0
4565-NLZBV;Female;0;1;1;1;0;No internet service;No internet service;No internet service;Two year;1;Bank transfer (automatic);2465;171015;204;223190;0,01;3,4;0,24;Gold;37;Urban;48;1
0031-PVLZI;Female;0;1;1;0;0;No internet service;No internet service;No internet service;Month-to-month;0;Mailed check;2035;7635;23;148682;0,03;4,7;0,46;Bronze;51;Suburban;43;1
7206-GZCDC;Female;1;0;1;0;Fiber optic;0;0;0;Month-to-month;1;Electronic check;6925;6925;3;171713;0,02;3,1;0,91;Bronze;32;Urban;44;1
6682-VCIXC;Female;0;1;0;No phone service;DSL;1;1;0;One year;1;Bank transfer (automatic);5125;21516;117;184060;0,22;4,6;0,87;Bronze;18;Urban;52;1
4791-QRGMF;Male;0;1;1;1;Fiber optic;0;0;1;One year;1;Bank transfer (automatic);995;59611;304;215486;0,06;4,2;0,72;Bronze;43;Suburban;12;0
6475-VHUIZ;Female;0;1;1;0;DSL;0;0;1;Month-to-month;0;Electronic check;5425;122155;106;163030;0,02;3,6;0,02;Bronze;49;Suburban;39;0
3910-MRQOY;Female;0;1;1;0;0;No internet service;No internet service;No internet service;Two year;0;Bank transfer (automatic);194;149645;287;200360;0,08;4,4;0,34;Gold;19;Urban;38;0
0661-WCQNQ;Male;0;1;1;0;DSL;1;0;0;One year;1;Credit card (automatic);5625;12922;92;165973;0,07;4,6;0,68;Platinum;49;Urban;28;0
7537-RBWEA;Female;0;0;0;No phone service;DSL;0;0;0;Month-to-month;1;Mailed check;2515;2515;4;215009;0,07;4,9;0,13;Gold;46;Urban;25;1
4656-CAURT;Male;0;0;1;1;0;No internet service;No internet service;No internet service;Two year;0;Bank transfer (automatic);2395;17131;201;116731;0,06;3,7;0,08;Gold;37;Urban;35;0
0121-SNYRK;Male;0;0;0;No phone service;DSL;1;0;0;One year;1;Mailed check;354;17489;299;249737;0,17;4,4;0,91;Silver;40;Urban;34;0
1768-ZAIFU;Female;1;0;0;No phone service;DSL;0;0;0;Month-to-month;1;Electronic check;252;252;5;228572;0,01;4,2;0,35;Gold;29;Urban;48;1
4671-LXRDQ;Male;0;0;1;0;DSL;0;0;0;Month-to-month;1;Mailed check;450;9645;9;194360;0,25;4,1;0,71;Platinum;27;Urban;47;1
3733-LSYCE;Female;0;1;1;0;Fiber optic;0;1;0;Month-to-month;0;Bank transfer (automatic);7535;111455;41;81750;0,06;4,8;0,15;Silver;36;Urban;18;0
6265-FRMTQ;Male;0;0;1;0;0;No internet service;No internet service;No internet service;Two year;0;Bank transfer (automatic);204;6091;146;145018;0,14;3;0,69;Bronze;27;Suburban;1;1
1934-SJVJK;Male;0;0;1;0;0;No internet service;No internet service;No internet service;Month-to-month;0;Mailed check;2015;2015;2;215099;0;3,6;0,02;Bronze;36;Urban;52;1
3838-OZURD;Male;0;1;1;1;Fiber optic;0;1;1;Month-to-month;1;Credit card (automatic);1050;713325;140;216817;0,14;4,1;0,15;Silver;43;Urban;13;0
1371-DWPAZ;Female;0;1;0;No phone service;DSL;1;1;1;Two year;0;Credit card (automatic);5605;1397475;0;166984;0,02;3,4;0,71;Bronze;41;Suburban;15;1
9269-CQOOL;Male;0;0;1;0;DSL;0;0;0;Month-to-month;1;Credit card (automatic);547;16945;11;187983;0,29;4,8;0,71;Platinum;26;Suburban;48;1
2017-CCBLH;Female;0;0;1;0;0;No internet service;No internet service;No internet service;Two year;0;Mailed check;200;1416;43;108451;0,24;4,3;0,64;Silver;46;Urban;35;1
7690-KPNCU;Male;0;1;1;0;DSL;1;0;1;One year;1;Credit card (automatic);7305;468865;314;173743;0,15;4;0,48;Silver;46;Urban;39;0
0536-BGFMZ;Female;0;1;1;0;0;No internet service;No internet service;No internet service;Month-to-month;0;Mailed check;205;56305;139;151474;0,03;4,6;0,67;Bronze;54;Suburban;40;0
2293-IJWPS;Female;0;1;1;1;Fiber optic;0;0;1;One year;1;Credit card (automatic);10075;59850;211;92150;0,18;3,9;0,77;Silver;45;Rural;30;0
2845-HSJCY;Female;0;1;1;1;Fiber optic;0;0;1;Month-to-month;1;Electronic check;8725;12586;47;93406;0,23;4,1;0,97;Silver;20;Urban;47;1
5469-NUJUR;Male;0;0;1;0;0;No internet service;No internet service;No internet service;Two year;1;Mailed check;1995;3735;66;230853;0,06;3;0,89;Gold;40;Suburban;47;1
1184-PJVDB;Male;0;1;1;0;Fiber optic;0;0;0;Month-to-month;1;Electronic check;7995;8572;59;196047;0,17;3,7;0,79;Bronze;21;Rural;48;1
2625-TRCZQ;Female;0;1;0;No phone service;DSL;0;1;0;Month-to-month;1;Electronic check;4965;255335;110;203971;0,24;3,3;0,69;Platinum;31;Urban;34;1
4102-HLENU;Female;0;1;1;1;DSL;1;1;1;Two year;0;Mailed check;6565;432285;366;183157;0,23;4,4;0,57;Silver;30;Urban;21;1
7266-GSSJX;Male;0;1;1;0;0;No internet service;No internet service;No internet service;Month-to-month;1;Electronic check;2045;2508;47;98325;0,24;4;0,12;Silver;45;Suburban;20;1
7722-VJRQD;Male;0;1;0;No phone service;DSL;1;0;1;Two year;0;Bank transfer (automatic);6095;454905;270;174415;0,26;3,6;0,17;Platinum;37;Urban;27;1
7073-QETQY;Male;0;1;1;0;0;No internet service;No internet service;No internet service;One year;1;Electronic check;2035;13595;323;220508;0,28;3,9;0,82;Platinum;45;Urban;16;1
9415-DPEWS;Female;0;0;1;1;Fiber optic;0;0;0;Month-to-month;1;Electronic check;8835;16393;71;97669;0,12;3,4;0,08;Bronze;49;Urban;49;1
5624-RYAMH;Female;0;0;1;0;0;No internet service;No internet service;No internet service;Month-to-month;1;Electronic check;195;17885;49;207385;0,17;4,9;0,61;Gold;31;Urban;17;0
0196-JTUQI;Female;0;0;1;1;Fiber optic;0;0;0;Month-to-month;1;Credit card (automatic);752;63385;50;152010;0,24;3,1;0,44;Bronze;30;Urban;31;1
7130-YXBRO;Male;0;1;1;1;Fiber optic;1;1;1;Month-to-month;1;Bank transfer (automatic);11145;53151;176;212915;0,21;4,7;0,03;Silver;28;Suburban;22;1
9272-LSVYH;Male;0;0;1;0;Fiber optic;0;0;0;Month-to-month;0;Mailed check;7015;7355;31;130812;0,03;4;0,33;Bronze;32;Rural;5;1
7943-RQCHR;Female;0;0;1;1;Fiber optic;0;0;0;Month-to-month;1;Electronic check;9475;8899;39;96059;0;4,2;0,42;Silver;26;Urban;28;0
3793-MMFUH;Female;1;0;1;1;Fiber optic;0;0;0;Month-to-month;1;Electronic check;9505;12900;73;166269;0,11;3,6;0,49;Silver;20;Urban;5;0
3249-ZPQRG;Male;0;0;1;1;Fiber optic;0;1;0;Month-to-month;0;Electronic check;7845;33005;11;105395;0,08;4,9;0,93;Silver;22;Suburban;32;0
2568-BRGYX;Male;0;0;1;0;Fiber optic;0;0;0;Month-to-month;1;Electronic check;702;23795;17;100202;0,08;3,6;0,11;Silver;45;Urban;47;1
3084-DOWLE;Female;0;1;1;1;DSL;1;1;1;Two year;0;Bank transfer (automatic);920;64744;325;224345;0,07;4,2;0,52;Silver;32;Suburban;31;0
1084-MNSMJ;Female;0;1;1;0;DSL;1;1;1;Two year;0;Credit card (automatic);855;442195;251;183235;0,21;5;0,37;Bronze;20;Suburban;16;1
7721-JXEAW;Male;0;1;0;No phone service;DSL;0;1;0;Month-to-month;1;Bank transfer (automatic);4105;24527;149;125510;0,03;4,8;0,99;Gold;52;Rural;3;0
7249-WBIYX;Male;0;1;1;1;Fiber optic;0;0;0;Month-to-month;1;Electronic check;856;81385;48;167945;0,22;4,1;0,86;Silver;24;Urban;47;1
4238-HFHSN;Male;1;1;1;1;Fiber optic;0;1;0;Month-to-month;1;Electronic check;8215;490485;343;150649;0,21;5;0,44;Silver;47;Urban;57;1
6250-CGGUN;Male;0;0;1;0;Fiber optic;1;0;1;One year;0;Electronic check;844;448405;146;186723;0,08;4,4;0,1;Platinum;41;Urban;30;0
5478-JJVZK;Female;0;0;1;1;DSL;1;1;0;Month-to-month;1;Mailed check;609;203385;97;82881;0,08;3,4;0,51;Bronze;48;Urban;21;1
7596-IIWYC;Female;0;0;1;0;0;No internet service;No internet service;No internet service;Two year;1;Bank transfer (automatic);2025;5382;158;125913;0,19;3,8;0,17;Silver;31;Rural;26;0
6567-HOOPW;Female;1;0;1;0;Fiber optic;0;0;0;Month-to-month;1;Electronic check;792;792;2;191860;0,23;3,7;0,56;Silver;33;Rural;53;1
9793-WECQC;Male;0;0;1;0;Fiber optic;0;1;0;Month-to-month;0;Mailed check;953;21929;124;164785;0,26;3,7;0,23;Bronze;21;Suburban;20;1
4291-HPAXL;Male;0;0;1;0;0;No internet service;No internet service;No internet service;Month-to-month;0;Mailed check;1985;1985;3;142457;0,26;4,5;0,64;Bronze;20;Urban;19;1
8999-YPYBV;Male;0;1;1;0;DSL;1;1;1;Two year;1;Mailed check;8435;385805;134;246415;0,29;4,2;0,94;Gold;52;Suburban;33;1
1839-FBNFR;Female;0;1;1;0;0;No internet service;No internet service;No internet service;Two year;1;Bank transfer (automatic);1985;8548;213;219728;0,17;3,1;0,79;Bronze;26;Urban;22;1
3164-AALRN;Male;0;0;1;0;DSL;0;0;1;One year;1;Mailed check;700;3474;18;85741;0,27;4,8;0,27;Silver;21;Rural;43;1
3071-MVJCD;Male;0;1;1;1;DSL;1;1;1;Two year;0;Bank transfer (automatic);823;581515;292;227733;0,24;3,6;0,03;Silver;36;Urban;15;1
1697-BCSHV;Female;0;1;1;1;DSL;0;1;0;Month-to-month;1;Bank transfer (automatic);668;39704;199;177091;0,27;5;0,07;Silver;41;Urban;5;1
0562-KBDVM;Female;0;0;0;No phone service;DSL;1;1;1;Two year;1;Bank transfer (automatic);446;305815;306;108690;0;4,9;0,29;Gold;28;Suburban;15;0
1131-SUEKT;Male;0;1;1;0;Fiber optic;0;1;0;One year;1;Bank transfer (automatic);9845;61452;161;112833;0,29;4,9;0,09;Gold;32;Suburban;6;1
3717-OEAUQ;Male;0;0;1;0;Fiber optic;0;0;0;Month-to-month;0;Mailed check;707;1292;7;182566;0,14;4,6;0,05;Bronze;53;Suburban;13;0
4538-WNTMJ;Female;0;1;1;1;0;No internet service;No internet service;No internet service;One year;0;Mailed check;2495;11659;270;151240;0,24;3,4;0,71;Gold;48;Urban;2;1
3334-CTHOL;Female;0;0;1;1;DSL;0;0;0;Month-to-month;1;Bank transfer (automatic);4995;4995;3;186898;0,04;4,1;0,75;Gold;25;Suburban;32;1
4704-ERYFC;Female;0;1;1;0;Fiber optic;0;0;0;Month-to-month;1;Electronic check;6925;15540;101;157711;0,12;3,4;0,06;Bronze;19;Suburban;48;1
9432-RUVSL;Female;0;0;1;0;Fiber optic;1;0;1;Two year;1;Credit card (automatic);1025;490425;158;119023;0,08;3,5;0,34;Platinum;20;Suburban;51;1
8060-HIWJJ;Male;0;0;1;1;DSL;0;1;1;Two year;0;Credit card (automatic);8655;563255;326;120209;0,09;4,2;0,29;Gold;20;Urban;35;0
7684-XSZIY;Male;0;1;1;1;0;No internet service;No internet service;No internet service;Two year;0;Bank transfer (automatic);243;164325;181;173590;0,04;3,1;0,01;Bronze;38;Suburban;38;1
9089-UOWJG;Female;0;1;1;0;DSL;0;0;1;Month-to-month;1;Credit card (automatic);5835;74055;70;166612;0,24;4,9;0,36;Silver;29;Urban;28;1
8621-MNIHH;Female;1;1;1;1;Fiber optic;0;1;1;Month-to-month;1;Electronic check;9425;321755;129;160522;0;4,8;0,03;Gold;31;Urban;38;0
8039-ACLPL;Female;0;1;1;0;DSL;1;1;1;Two year;0;Credit card (automatic);6875;48882;211;191654;0,09;3,8;0,63;Silver;40;Urban;3;0
9885-AIBVB;Male;0;1;1;1;Fiber optic;0;1;1;Month-to-month;1;Electronic check;858;244025;66;225512;0,05;4;0,88;Gold;30;Suburban;38;0
1934-MKPXS;Male;0;1;1;0;0;No internet service;No internet service;No internet service;One year;0;Credit card (automatic);201;62055;88;199107;0,18;3,9;0,45;Silver;33;Urban;39;0
2592-YKDIF;Female;0;0;1;0;0;No internet service;No internet service;No internet service;Month-to-month;0;Mailed check;2035;2035;4;219032;0,08;4,8;0,75;Silver;34;Urban;40;1
2272-JKMSI;Female;0;1;1;1;Fiber optic;0;1;1;One year;1;Electronic check;1108;684095;207;102462;0,08;4,4;0,15;Bronze;35;Suburban;21;0
0471-LVHGK;Male;0;1;1;1;DSL;0;0;1;One year;1;Electronic check;730;30012;217;97821;0,15;3,6;0,89;Silver;30;Urban;14;0
9518-RWHZL;Female;0;0;1;1;Fiber optic;0;0;1;One year;1;Credit card (automatic);10005;62542;238;238330;0,02;3,9;0,15;Silver;43;Urban;3;0
8714-CTZJW;Female;0;0;1;0;Fiber optic;0;0;1;Month-to-month;1;Credit card (automatic);8285;3196;11;172889;0,04;3,9;0,19;Gold;48;Suburban;57;1
3569-EDBPQ;Female;0;0;1;1;Fiber optic;1;0;0;Month-to-month;1;Electronic check;8435;193805;107;168952;0,05;4,9;0,11;Silver;34;Urban;17;0
3131-NWVFJ;Female;0;1;1;0;0;No internet service;No internet service;No internet service;One year;0;Mailed check;1955;2945;67;233187;0,07;3,4;0,31;Bronze;49;Urban;56;1
7521-YXVZY;Male;0;0;1;0;0;No internet service;No internet service;No internet service;Month-to-month;0;Mailed check;1995;583;8;198066;0,29;3,2;0,55;Bronze;18;Urban;43;1
5419-CONWX;Female;1;0;1;0;Fiber optic;0;1;1;Month-to-month;1;Credit card (automatic);998;44285;10;159364;0,12;4,8;0,99;Silver;52;Urban;22;0
6240-EURKS;Female;0;0;0;No phone service;DSL;0;0;0;Month-to-month;1;Electronic check;350;5530;38;150077;0,18;4,8;0,79;Gold;53;Urban;37;0
2373-NTKOD;Male;0;0;1;0;DSL;0;0;0;Month-to-month;1;Electronic check;6625;54645;39;120644;0,07;4,7;0,38;Gold;36;Rural;3;0
1970-KKFWL;Female;0;0;1;1;0;No internet service;No internet service;No internet service;Two year;0;Bank transfer (automatic);233;7971;162;142643;0,15;4;0,58;Silver;45;Suburban;3;0
6960-HVYXR;Female;0;0;1;1;Fiber optic;0;0;0;Month-to-month;0;Electronic check;760;760;3;93311;0,02;4,3;0,62;Bronze;19;Urban;17;1
9337-SRRNI;Male;0;0;1;1;0;No internet service;No internet service;No internet service;Two year;1;Credit card (automatic);253;16738;354;209466;0,01;4,1;0,82;Bronze;46;Urban;0;0
0895-UADGO;Male;0;0;0;No phone service;DSL;1;0;0;Two year;1;Mailed check;4455;34345;41;110531;0,14;3,1;0,74;Bronze;46;Urban;31;1
5678-VFNEQ;Female;0;1;1;1;Fiber optic;1;0;1;One year;1;Credit card (automatic);1041;741225;308;94588;0,12;4,2;0,57;Gold;36;Urban;20;0
5977-CKHON;Female;0;1;1;1;Fiber optic;0;0;1;Month-to-month;1;Bank transfer (automatic);9255;40390;235;129416;0,04;3;0,67;Bronze;45;Rural;37;1
7024-OHCCK;Female;1;0;1;1;Fiber optic;0;0;0;Month-to-month;1;Electronic check;9385;17085;5;223452;0,21;3,6;0,75;Silver;51;Urban;25;1
2692-BUCFV;Male;1;0;1;0;Fiber optic;0;1;1;Month-to-month;1;Bank transfer (automatic);10145;29486;70;228890;0,03;4,9;0,13;Silver;48;Suburban;40;1
7861-UVUFT;Female;0;1;1;0;Fiber optic;0;0;1;Month-to-month;1;Electronic check;843;13084;46;241929;0,12;3,6;0,02;Platinum;54;Suburban;48;1
1830-GGFNM;Male;0;1;1;1;Fiber optic;1;1;1;Two year;0;Credit card (automatic);9455;607875;144;101711;0,19;4,9;0,69;Platinum;36;Suburban;20;0
5302-BDJNT;Male;0;0;1;1;Fiber optic;0;0;1;Month-to-month;0;Electronic check;955;34182;144;216169;0,29;3,5;0,85;Platinum;49;Urban;42;1
5223-UZAVK;Male;0;0;1;0;Fiber optic;1;1;0;One year;1;Credit card (automatic);1003;66038;367;196348;0,25;3,6;0,41;Gold;46;Urban;28;1
4859-ZSRDZ;Female;0;1;0;No phone service;DSL;0;0;1;Two year;1;Credit card (automatic);555;31669;125;239465;0,14;4,3;0,98;Gold;26;Urban;52;1
5651-WYIPH;Female;1;0;1;0;DSL;0;1;0;Month-to-month;1;Credit card (automatic);4985;86575;44;102076;0,22;4,5;0,22;Gold;24;Suburban;40;1
9350-VLHMB;Male;0;1;1;1;Fiber optic;0;1;0;Month-to-month;1;Bank transfer (automatic);8955;63731;255;164274;0,04;4;0,42;Gold;29;Urban;42;0
3498-LZGQZ;Male;0;1;1;0;0;No internet service;No internet service;No internet service;Two year;1;Mailed check;1915;117705;361;137609;0,15;4,8;0,38;Platinum;48;Urban;31;0
8785-CJSHH;Female;0;1;1;1;Fiber optic;0;1;0;Month-to-month;1;Electronic check;998;598575;195;240389;0,08;3,1;0,93;Silver;35;Suburban;58;1
5357-TZHPP;Male;1;0;1;1;Fiber optic;0;0;0;Month-to-month;1;Credit card (automatic);844;7325;36;138480;0,05;4,8;0,29;Silver;45;Urban;3;0
3870-SPZSI;Female;0;1;1;1;Fiber optic;1;1;1;Two year;1;Credit card (automatic);11305;786905;151;87044;0,13;3,4;0,47;Silver;38;Urban;12;1
0680-DFNNY;Male;0;1;1;1;Fiber optic;0;0;1;Month-to-month;1;Electronic check;1011;150405;38;135486;0,04;4,8;0,19;Silver;26;Urban;50;1
7560-QRBXH;Female;0;0;1;0;0;No internet service;No internet service;No internet service;One year;0;Mailed check;1995;9367;285;135162;0,21;3,8;0,52;Gold;51;Urban;34;1
7077-XJMET;Male;0;1;1;0;DSL;0;0;1;Month-to-month;1;Electronic check;7415;7414;70;109882;0,14;4,7;0,86;Gold;51;Rural;53;1
8752-GHJFU;Male;1;1;1;1;Fiber optic;1;1;1;One year;1;Electronic check;920;65852;143;134078;0,16;4,3;0,03;Silver;41;Urban;26;0
6896-SRVYQ;Male;1;0;1;0;Fiber optic;0;0;1;Month-to-month;0;Electronic check;7385;31224;255;138734;0,04;3,4;0,81;Bronze;33;Urban;0;1
7767-UXAGJ;Male;0;0;1;1;DSL;0;0;0;Month-to-month;1;Electronic check;5045;5045;4;188730;0,04;4,8;0,91;Platinum;45;Rural;48;1
4652-ODEVH;Male;0;1;1;1;0;No internet service;No internet service;No internet service;Two year;0;Mailed check;2445;108825;246;167985;0,18;3,5;0,07;Bronze;52;Urban;48;1
6510-UPNKS;Female;0;0;1;1;0;No internet service;No internet service;No internet service;One year;0;Credit card (automatic);248;61535;87;124028;0,03;3,5;0,76;Bronze;23;Urban;38;1
6718-BDGHG;Female;0;1;1;1;DSL;0;0;0;One year;1;Bank transfer (automatic);6485;29082;174;178938;0,03;4,6;0,26;Gold;28;Urban;13;0
9046-DQMTP;Male;0;0;1;0;0;No internet service;No internet service;No internet service;Month-to-month;0;Bank transfer (automatic);2075;7399;138;198319;0,09;3,2;0,18;Bronze;21;Rural;36;1
6439-LAJXL;Male;0;1;1;0;DSL;1;1;0;Month-to-month;1;Mailed check;6895;59385;42;112543;0,26;3,4;0,06;Bronze;31;Suburban;29;1
1571-SAVHK;Male;0;0;1;1;Fiber optic;0;0;0;Month-to-month;1;Mailed check;9995;113275;30;204279;0,02;4;0,71;Bronze;30;Urban;13;0
9052-VKDUW;Female;1;1;1;1;Fiber optic;1;1;1;Month-to-month;1;Credit card (automatic);1094;722745;137;109362;0,26;4,7;0,39;Bronze;32;Urban;10;1
9546-CQJSU;Female;0;0;1;1;Fiber optic;0;0;1;Month-to-month;1;Electronic check;914;1936;6;238387;0,16;3,3;0,04;Silver;25;Rural;30;1
1666-JZPZT;Male;0;0;1;1;DSL;0;0;0;Month-to-month;0;Mailed check;490;129135;130;238818;0,12;4,1;0,91;Bronze;41;Urban;56;1
5777-KJIRB;Female;0;0;1;0;DSL;0;0;1;One year;1;Mailed check;5025;202355;112;221129;0,09;4,4;0,73;Silver;28;Urban;27;0
0506-LVNGN;Female;1;0;1;0;Fiber optic;0;0;1;Month-to-month;1;Credit card (automatic);7555;34965;23;122915;0,09;4,7;0,27;Bronze;52;Suburban;26;0
7677-SJJJK;Male;0;1;1;0;0;No internet service;No internet service;No internet service;One year;0;Credit card (automatic);199;15395;47;232133;0,09;4,9;0,05;Gold;42;Suburban;2;0
2480-EJWYP;Female;1;1;1;1;Fiber optic;0;1;0;One year;1;Bank transfer (automatic);978;54588;137;131370;0,27;4,6;0,03;Bronze;40;Rural;5;1
3253-HKOKL;Female;0;1;1;0;Fiber optic;1;0;1;One year;0;Electronic check;1003;524445;243;245229;0,22;4,3;0,34;Bronze;24;Suburban;38;1
7055-HNEOJ;Male;0;1;1;0;DSL;0;0;1;Month-to-month;1;Mailed check;558;15455;11;191375;0,02;3,9;0,52;Bronze;22;Rural;18;0
5514-YQENT;Male;0;0;1;0;Fiber optic;1;1;1;Two year;1;Electronic check;11115;450715;224;222394;0,24;3,2;0,52;Silver;49;Suburban;40;1
3211-AAPKX;Male;0;0;1;1;Fiber optic;0;0;0;Month-to-month;1;Mailed check;9855;203195;54;149812;0,08;4,4;0,21;Silver;45;Urban;33;0
8445-DNBAE;Male;0;0;1;1;DSL;0;0;0;Month-to-month;1;Electronic check;5005;5005;4;114017;0,19;5;0,78;Silver;20;Urban;27;1
2951-QOQTK;Male;0;0;1;1;Fiber optic;0;0;0;Month-to-month;0;Credit card (automatic);808;33245;21;136792;0,14;4,5;0,03;Platinum;47;Suburban;11;0
2958-NHPPS;Male;0;0;1;0;0;No internet service;No internet service;No internet service;Month-to-month;0;Electronic check;2085;4739;132;238814;0,23;3;0,58;Platinum;22;Urban;38;1
6806-YDEUL;Female;1;0;1;0;0;No internet service;No internet service;No internet service;Month-to-month;0;Bank transfer (automatic);195;1068;28;209198;0,09;4;0,27;Silver;50;Suburban;9;0
1735-XMJVH;Male;0;1;1;0;0;No internet service;No internet service;No internet service;Month-to-month;1;Mailed check;1935;1526;31;97629;0,19;4,2;0,43;Bronze;37;Suburban;51;1
6890-PFRQX;Male;0;0;1;1;DSL;1;0;1;Month-to-month;0;Mailed check;695;11994;80;208614;0,26;4,4;0,21;Silver;47;Urban;46;1
0222-CNVPT;Male;1;0;0;No phone service;DSL;1;0;0;Month-to-month;1;Credit card (automatic);488;255505;284;219317;0,12;4,4;0,63;Bronze;39;Urban;24;0
5899-OUVKV;Male;0;0;1;0;Fiber optic;0;1;0;Month-to-month;1;Electronic check;945;29792;132;176950;0,02;4,1;0,43;Gold;39;Urban;22;0
8681-ICONS;Male;0;1;1;0;0;No internet service;No internet service;No internet service;Month-to-month;1;Mailed check;2065;65485;61;144829;0,15;3,4;0,02;Bronze;46;Urban;55;1
1621-YNCJH;Female;0;1;1;1;Fiber optic;1;1;1;Two year;1;Credit card (automatic);10605;38344;206;90588;0,01;4,9;0,03;Gold;38;Suburban;58;1
3473-XIIIT;Female;0;1;1;1;Fiber optic;0;1;0;Month-to-month;1;Electronic check;1000;153475;76;211514;0,02;4,4;0,47;Platinum;35;Urban;25;0
6362-QHAFM;Male;0;1;1;1;Fiber optic;0;0;1;One year;1;Electronic check;1083;458615;197;185280;0,29;3,5;0,18;Silver;28;Rural;18;1
7893-IXHRQ;Male;0;0;1;0;0;No internet service;No internet service;No internet service;Month-to-month;0;Electronic check;2055;2055;2;120721;0,15;3,6;0,59;Silver;27;Urban;37;1
3070-BDOQC;Female;0;0;1;0;Fiber optic;0;1;1;Two year;1;Electronic check;9965;594105;278;248217;0,14;4,8;0,41;Silver;52;Suburban;19;0
2952-QAYZF;Male;0;0;1;1;Fiber optic;0;1;1;Month-to-month;1;Electronic check;853;42415;17;90599;0,02;4,8;0,65;Bronze;43;Urban;44;0
6234-PFPXL;Male;0;1;1;1;Fiber optic;1;0;0;Month-to-month;0;Credit card (automatic);959;223495;101;152594;0,03;3,8;0,95;Platinum;21;Urban;51;1
9824-QCJPK;Male;0;1;1;0;0;No internet service;No internet service;No internet service;One year;0;Mailed check;200;66675;87;214011;0,08;3,1;0,53;Silver;27;Urban;43;1
4763-PGDPO;Female;0;0;1;0;Fiber optic;0;0;0;Month-to-month;0;Electronic check;704;2810;18;102149;0,28;3,1;0,79;Bronze;33;Urban;17;1
4283-IVYCI;Male;0;0;1;0;DSL;1;0;0;Month-to-month;0;Mailed check;6495;5478;53;207616;0,02;3,6;0,75;Gold;47;Suburban;47;1
1866-OBPNR;Male;0;1;1;0;Fiber optic;0;1;0;Month-to-month;0;Credit card (automatic);746;746;2;221280;0;4,3;0,92;Bronze;20;Rural;10;1
8205-MQUGY;Male;0;1;1;0;DSL;1;0;0;Month-to-month;1;Electronic check;492;57115;70;189034;0,06;4,2;0,21;Bronze;51;Urban;57;1
8970-ANWXO;Female;0;0;1;1;DSL;0;0;0;One year;1;Mailed check;7375;17566;83;100951;0,02;4,3;0,83;Silver;42;Urban;24;0
9480-BQJEI;Male;0;0;1;1;Fiber optic;1;1;0;One year;1;Bank transfer (automatic);923;573145;339;126766;0,23;4,4;0,91;Silver;53;Suburban;42;1
5394-SVGJV;Male;0;0;1;1;Fiber optic;0;0;0;Month-to-month;0;Bank transfer (automatic);988;347555;189;137014;0,25;3;0,39;Silver;21;Suburban;0;1
6979-TNDEU;Female;0;0;1;0;0;No internet service;No internet service;No internet service;Month-to-month;0;Mailed check;192;15685;34;239423;0,09;3,2;0,31;Silver;27;Urban;31;1
9777-WJJPR;Male;0;1;1;1;Fiber optic;0;0;1;Month-to-month;0;Credit card (automatic);8865;26832;153;167122;0,28;3,7;0,95;Bronze;30;Urban;32;1
9283-LZQOH;Male;0;1;1;1;Fiber optic;0;0;0;Month-to-month;1;Credit card (automatic);744;89675;71;89308;0,17;3,3;0,63;Silver;23;Urban;6;1
7079-QRCBC;Female;0;0;1;1;Fiber optic;0;0;1;Month-to-month;1;Electronic check;9875;24073;86;139252;0,21;3,2;0,38;Bronze;24;Urban;30;1
9495-SKLKD;Male;0;1;1;1;Fiber optic;0;1;1;Month-to-month;1;Bank transfer (automatic);9595;445665;148;163211;0,18;4,3;0,79;Platinum;45;Urban;25;0
6048-UWKAL;Female;1;1;1;1;Fiber optic;0;1;0;Two year;0;Credit card (automatic);1054;699895;322;239136;0,04;4,6;0,03;Bronze;54;Urban;6;0
5067-DGXLL;Male;0;0;1;0;0;No internet service;No internet service;No internet service;Month-to-month;0;Mailed check;2025;368;10;206534;0,29;4,5;0,18;Bronze;32;Urban;35;1
5469-CTCWN;Male;0;1;1;1;Fiber optic;1;1;0;One year;1;Electronic check;1060;65477;307;88720;0,04;4,6;0,54;Platinum;47;Urban;45;0
9851-QXEEQ;Male;0;0;1;1;Fiber optic;0;1;1;Month-to-month;1;Electronic check;1047;43464;212;206204;0,08;4,3;0,57;Platinum;27;Urban;23;0
6281-FKEWS;Female;0;0;0;No phone service;DSL;0;0;1;One year;1;Electronic check;4905;22650;164;159993;0,24;4,5;0,83;Gold;29;Urban;4;1
8898-KASCD;Male;0;0;0;No phone service;DSL;0;0;1;One year;0;Mailed check;3555;130915;205;127113;0,19;3,5;0,46;Bronze;34;Urban;21;0
9242-TKFSV;Male;0;1;0;No phone service;DSL;1;1;1;Two year;1;Credit card (automatic);651;47543;178;128926;0,25;5;0,81;Silver;47;Urban;43;1
9290-SHCMB;Female;1;0;1;0;Fiber optic;0;0;1;Month-to-month;1;Electronic check;9685;123555;54;249275;0,15;3,4;0,31;Silver;18;Urban;35;1
0743-HNPFG;Female;0;1;1;0;DSL;1;1;0;One year;1;Credit card (automatic);6975;35625;103;216464;0,11;3,4;0,58;Gold;53;Urban;2;1
2277-BKJKN;Female;1;1;1;0;Fiber optic;0;1;1;Two year;1;Electronic check;992;721375;234;105905;0,28;3,6;0,21;Bronze;41;Suburban;49;1
9809-IMGCQ;Male;1;0;1;1;Fiber optic;0;0;0;Month-to-month;1;Electronic check;967;208295;76;130385;0,01;5;0,39;Bronze;38;Urban;55;1
5208-HFSBT;Female;0;0;1;0;DSL;0;1;0;Month-to-month;1;Credit card (automatic);5505;10275;7;110653;0,26;5;0,86;Silver;49;Suburban;58;1
5035-PGZXH;Female;0;0;1;1;Fiber optic;0;1;1;One year;1;Electronic check;1068;59144;267;171865;0,07;4,6;0,22;Bronze;35;Urban;36;0
8695-WDYEA;Male;0;0;1;0;DSL;1;0;0;Month-to-month;0;Mailed check;5125;5125;3;205813;0,25;4,3;0,81;Silver;30;Urban;57;1
6543-JXSOO;Female;0;1;1;0;DSL;1;1;0;One year;1;Mailed check;5775;128285;87;225871;0,04;4;0,28;Gold;54;Suburban;37;0
8016-ZMGMO;Female;1;1;1;1;DSL;0;1;1;One year;1;Bank transfer (automatic);7085;473885;194;95052;0,17;4,9;0,03;Gold;38;Urban;45;0
8605-ITULD;Female;0;0;1;0;0;No internet service;No internet service;No internet service;Month-to-month;0;Mailed check;1955;1955;3;217116;0,27;4,4;0,11;Silver;35;Urban;5;1
3254-YRILK;Male;1;0;1;1;Fiber optic;0;1;0;Month-to-month;1;Electronic check;882;17758;55;230943;0,14;4,9;0,75;Gold;43;Urban;51;1
6416-YJTTB;Male;0;0;1;0;Fiber optic;1;0;1;Month-to-month;1;Bank transfer (automatic);795;79565;25;231306;0,22;3,6;0,26;Bronze;22;Urban;24;1
2667-WYLWJ;Female;0;1;1;0;0;No internet service;No internet service;No internet service;One year;1;Mailed check;1975;1450;35;101381;0,24;3,7;0,65;Bronze;22;Urban;22;1
4472-VESGY;Female;0;1;1;1;Fiber optic;1;1;1;Month-to-month;0;Bank transfer (automatic);9815;49934;242;228346;0,22;4,7;0,07;Silver;48;Suburban;11;1
3195-TQDZX;Male;0;0;1;0;0;No internet service;No internet service;No internet service;Month-to-month;1;Electronic check;2025;6145;13;163108;0,28;3,3;0,35;Bronze;45;Urban;27;1
3128-YOVTD;Female;0;1;1;0;Fiber optic;1;1;0;Month-to-month;1;Bank transfer (automatic);7915;401855;196;129892;0,13;4,9;0,47;Bronze;30;Rural;57;1
0529-ONKER;Male;1;0;1;1;Fiber optic;0;0;0;Month-to-month;0;Electronic check;7565;114665;52;171501;0,05;4;0,04;Bronze;28;Urban;43;0
1728-CXQBE;Male;1;1;1;1;Fiber optic;0;1;1;Month-to-month;1;Electronic check;9425;60814;349;163391;0,01;4,9;0,95;Platinum;18;Urban;39;0
7041-TXQJH;Female;0;0;0;No phone service;DSL;0;0;1;Month-to-month;1;Credit card (automatic);402;147885;150;97920;0,07;3,7;0,32;Platinum;41;Rural;31;0
5014-GSOUQ;Male;0;0;1;0;0;No internet service;No internet service;No internet service;Two year;0;Mailed check;1995;24365;50;96702;0,04;4,4;0,18;Silver;30;Urban;54;1
5724-BIDBU;Male;0;1;1;1;DSL;1;0;0;One year;1;Electronic check;5535;263395;103;81894;0,17;4;0,37;Bronze;35;Rural;51;1
0481-SUMCB;Female;1;0;1;1;Fiber optic;0;0;1;One year;1;Bank transfer (automatic);10215;473535;151;110985;0,06;4,3;0,67;Bronze;41;Urban;24;0
1769-GRUIK;Female;0;0;1;0;Fiber optic;0;0;0;Month-to-month;1;Electronic check;711;124775;63;239359;0,01;4;0,07;Bronze;46;Urban;33;0
5240-IJOQT;Male;1;0;1;1;Fiber optic;0;0;0;Month-to-month;1;Electronic check;747;747;3;205702;0,01;4,9;0,92;Bronze;45;Urban;29;1
8819-WFGGJ;Male;0;1;0;No phone service;DSL;1;0;1;Two year;1;Bank transfer (automatic);541;37945;293;153527;0,25;4,4;0,88;Bronze;39;Urban;36;1
7427-AUFPY;Male;0;0;1;0;0;No internet service;No internet service;No internet service;Two year;0;Credit card (automatic);1965;10087;223;226511;0,18;3,5;0,29;Silver;37;Urban;17;0
2811-POVEX;Female;1;1;1;0;Fiber optic;0;1;1;Month-to-month;1;Bank transfer (automatic);8845;213055;101;208676;0,11;4,8;0,46;Silver;28;Urban;55;1
1092-GANHU;Male;0;0;1;0;Fiber optic;0;0;1;Month-to-month;1;Electronic check;7665;131355;86;122235;0,27;3,6;0,75;Bronze;37;Urban;56;1
7898-PDWQE;Male;0;1;1;1;DSL;1;1;1;Two year;0;Credit card (automatic);804;572715;372;238731;0,02;3,7;0,92;Gold;30;Urban;34;0
9972-EWRJS;Female;0;1;1;0;0;No internet service;No internet service;No internet service;Two year;1;Bank transfer (automatic);1925;13729;326;104976;0,29;3,2;0,34;Gold;41;Urban;47;1
9314-IJWSQ;Female;0;1;1;1;Fiber optic;0;0;0;Month-to-month;1;Electronic check;848;12039;81;162643;0,18;4,8;0,44;Silver;41;Rural;36;0
0661-XEYAN;Female;1;0;0;No phone service;DSL;0;0;0;Month-to-month;1;Mailed check;258;258;2;187631;0,06;3,6;0,09;Bronze;34;Urban;40;1
5799-JRCZO;Female;0;0;1;0;0;No internet service;No internet service;No internet service;Two year;0;Credit card (automatic);195;12151;175;136697;0,02;3,5;0,36;Platinum;22;Suburban;5;0
1921-KYSAY;Female;0;0;1;1;DSL;0;0;1;One year;1;Electronic check;686;287705;83;150382;0,23;4,8;0,48;Silver;47;Urban;18;1
6198-RTPMF;Female;0;1;1;1;Fiber optic;0;0;0;Month-to-month;0;Electronic check;926;15797;78;96651;0,13;4,6;0,09;Bronze;31;Urban;21;0
2924-KHUVI;Male;0;1;1;1;Fiber optic;1;0;0;One year;1;Electronic check;10055;551495;313;94633;0,26;3,3;0,08;Silver;32;Urban;56;1
1925-GMVBW;Female;0;0;1;0;0;No internet service;No internet service;No internet service;Month-to-month;0;Credit card (automatic);2055;961;14;159164;0,05;4,5;0,24;Silver;26;Suburban;31;0
7881-EVUAD;Female;0;0;0;No phone service;DSL;1;1;0;Month-to-month;1;Electronic check;426;724;11;80569;0,08;4,8;0,32;Silver;31;Suburban;26;0
6184-DYUOB;Female;0;1;1;0;0;No internet service;No internet service;No internet service;Month-to-month;1;Mailed check;196;5525;6;147509;0,03;3,2;0,35;Silver;27;Urban;58;1
9207-ZPANB;Male;0;0;1;1;DSL;1;1;1;One year;0;Electronic check;6745;24433;212;203425;0,06;4,7;0,91;Silver;39;Urban;15;0
5766-XQXMQ;Female;0;0;1;0;DSL;1;1;1;Month-to-month;1;Bank transfer (automatic);6885;19705;98;181126;0,07;4,1;0,1;Gold;48;Urban;25;0
9327-QSDED;Male;0;0;1;0;DSL;0;0;0;Month-to-month;0;Mailed check;4355;3354;19;207522;0,28;4,3;0,77;Silver;30;Suburban;38;1
1656-DRSMG;Female;0;0;1;1;Fiber optic;0;1;1;Month-to-month;1;Credit card (automatic);10985;700295;248;113038;0,02;4;0,48;Bronze;34;Urban;3;0
3012-VFFMN;Female;0;1;1;0;0;No internet service;No internet service;No internet service;Month-to-month;0;Mailed check;2065;15895;21;118138;0,13;4,4;0,01;Bronze;18;Suburban;15;0
2984-AFWNC;Female;0;0;1;0;Fiber optic;0;1;0;Month-to-month;0;Electronic check;954;29315;9;239829;0,16;3,1;0,07;Bronze;31;Suburban;51;1
0640-YJTPY;Male;0;1;1;0;0;No internet service;No internet service;No internet service;Two year;0;Bank transfer (automatic);210;149375;232;190740;0,27;4,5;0,39;Silver;52;Suburban;48;1
8096-LOIST;Female;0;0;1;0;DSL;0;0;0;Month-to-month;1;Electronic check;562;10934;99;191174;0,03;3,1;0,63;Bronze;18;Urban;18;1
9764-REAFF;Female;0;1;1;0;0;No internet service;No internet service;No internet service;Two year;0;Bank transfer (automatic);184;105785;245;129272;0,23;3,9;0,61;Silver;44;Suburban;27;1
3703-VAVCL;Male;0;1;1;0;Fiber optic;0;0;1;Month-to-month;0;Credit card (automatic);900;19005;6;217980;0,29;3,3;0,48;Bronze;39;Urban;56;1
7107-UBYKY;Female;0;1;1;1;0;No internet service;No internet service;No internet service;Month-to-month;1;Electronic check;2575;88255;155;221916;0,24;4,6;0,94;Gold;51;Urban;16;1
4881-GQJTW;Male;0;0;1;0;0;No internet service;No internet service;No internet service;Month-to-month;0;Credit card (automatic);196;3004;68;131455;0,29;3,6;0,02;Gold;26;Urban;44;1
8519-QJGJD;Female;0;0;1;0;Fiber optic;0;0;1;Month-to-month;0;Electronic check;7535;102595;43;148447;0,21;3,9;0,71;Bronze;53;Suburban;1;1
7876-DNYAP;Female;0;1;1;0;0;No internet service;No internet service;No internet service;Two year;0;Credit card (automatic);198;143695;252;157108;0,02;3,9;0,41;Silver;49;Urban;1;0
7905-NJMXS;Male;1;1;1;1;DSL;1;1;0;Month-to-month;0;Electronic check;642;4750;17;118333;0,12;4,5;0,71;Platinum;37;Suburban;23;0
2882-WDTBA;Male;0;1;1;0;DSL;1;1;1;Two year;1;Bank transfer (automatic);7575;538815;187;201219;0,19;4;0,68;Bronze;44;Suburban;53;1
2091-GPPIQ;Female;0;1;1;1;DSL;0;1;0;Two year;1;Electronic check;7895;573015;340;163029;0,11;4,6;0,01;Platinum;20;Suburban;54;1
6326-MTTXK;Male;0;0;1;1;Fiber optic;0;1;0;Month-to-month;0;Electronic check;10085;81955;21;119697;0,08;3,1;0,29;Silver;28;Urban;26;1
5071-FBJFS;Female;0;1;1;0;DSL;1;0;0;Month-to-month;0;Electronic check;503;2171;16;97634;0,17;3,4;0,19;Silver;41;Rural;3;1
2796-UUZZO;Male;0;1;1;0;Fiber optic;0;1;1;Month-to-month;1;Credit card (automatic);803;489635;304;205520;0,28;4,1;0,17;Bronze;46;Urban;47;1
2429-AYKKO;Male;0;0;1;0;0;No internet service;No internet service;No internet service;Two year;0;Bank transfer (automatic);1985;14341;174;104561;0,01;4,9;0,73;Gold;22;Suburban;58;1
9798-OPFEM;Female;0;0;1;0;0;No internet service;No internet service;No internet service;Two year;1;Electronic check;211;9371;196;229105;0,23;3,1;0,24;Silver;50;Urban;35;1
0330-IVZHA;Female;0;1;1;0;Fiber optic;0;0;0;Month-to-month;0;Electronic check;6995;33015;15;135063;0,22;3,1;0,47;Gold;25;Suburban;19;1
3794-NFNCH;Male;0;1;1;0;DSL;0;0;1;Month-to-month;1;Mailed check;500;14749;175;105921;0,29;3,3;0,25;Gold;36;Urban;11;1
5193-QLVZB;Male;0;0;1;1;Fiber optic;0;1;1;Two year;1;Bank transfer (automatic);10475;65365;247;99340;0,28;4,3;0,58;Silver;21;Suburban;53;1
7114-AEOZE;Female;0;0;1;0;0;No internet service;No internet service;No internet service;Two year;0;Bank transfer (automatic);1985;11281;313;142781;0,23;3,8;0,72;Bronze;52;Urban;27;1
2886-KEFUM;Female;0;1;1;1;Fiber optic;0;1;1;One year;1;Electronic check;1075;687375;264;94901;0,16;4,7;0,33;Bronze;47;Suburban;59;1
5522-NYKPB;Male;0;1;1;0;Fiber optic;0;0;0;Month-to-month;0;Electronic check;859;219905;54;90638;0,06;3,1;0,06;Bronze;22;Urban;28;1
4237-RLAQD;Male;0;0;1;0;DSL;0;0;0;Month-to-month;1;Mailed check;4585;4585;4;249668;0,16;3,4;0,82;Gold;20;Suburban;51;1
9957-YODKZ;Male;1;1;1;1;Fiber optic;0;0;1;Month-to-month;1;Electronic check;808;4571;34;124324;0,23;3,6;0,09;Bronze;33;Urban;45;1
6518-KZXCB;Male;0;0;1;1;0;No internet service;No internet service;No internet service;Two year;0;Mailed check;2525;5665;96;168356;0,27;4,3;0,71;Bronze;25;Suburban;32;1
2245-ADZFJ;Female;0;1;1;1;DSL;0;1;0;Two year;0;Bank transfer (automatic);8055;24716;163;112642;0,24;4,4;0,32;Bronze;22;Urban;48;1
7776-QGYJC;Female;0;1;1;0;Fiber optic;0;0;1;Month-to-month;1;Bank transfer (automatic);815;31073;215;105378;0,06;3,2;0,12;Gold;52;Urban;55;1
9313-QOLTZ;Male;0;0;1;0;0;No internet service;No internet service;No internet service;Month-to-month;0;Mailed check;209;5183;75;130867;0,18;4,9;0,55;Silver;25;Suburban;17;0
9651-GTSAQ;Female;0;1;1;0;Fiber optic;1;1;1;One year;1;Bank transfer (automatic);1061;576975;150;153686;0,01;3,7;0,23;Platinum;53;Suburban;11;0
3186-BAXNB;Female;0;0;1;0;Fiber optic;0;1;0;Month-to-month;0;Electronic check;917;917;4;122875;0;4,4;0,82;Gold;42;Suburban;56;1
4672-FOTSD;Male;0;0;1;1;DSL;1;1;0;Month-to-month;1;Electronic check;6725;8323;43;198171;0,06;4;0,04;Gold;25;Rural;9;0
0637-YLETY;Female;0;0;1;1;Fiber optic;0;1;1;Month-to-month;1;Credit card (automatic);956;155565;85;180061;0,03;3,4;0,01;Bronze;38;Urban;23;1
9818-XQCUV;Female;0;0;1;0;0;No internet service;No internet service;No internet service;Month-to-month;0;Mailed check;2035;453;11;144377;0,25;4,7;0,52;Bronze;26;Urban;46;1
7338-ERIVA;Male;0;0;0;No phone service;DSL;1;0;0;One year;0;Bank transfer (automatic);4505;17906;133;134691;0,08;4,6;0,59;Bronze;49;Urban;16;0
1157-BQCUW;Male;0;0;1;1;Fiber optic;0;0;0;Month-to-month;1;Electronic check;7495;7495;2;129063;0,09;3,8;0,73;Silver;30;Urban;57;1
8259-NFJTV;Female;0;1;0;No phone service;DSL;1;0;0;Month-to-month;0;Mailed check;3465;2466;35;171782;0,29;4,2;0,26;Gold;40;Urban;42;1
3223-DWFIO;Male;1;0;1;0;Fiber optic;0;0;0;Month-to-month;0;Electronic check;6935;26165;12;158343;0,11;3,5;0,84;Bronze;25;Suburban;31;0
2660-EMUBI;Male;1;0;1;1;Fiber optic;0;0;0;Month-to-month;1;Electronic check;9535;89835;52;163071;0;4,4;0,95;Bronze;52;Urban;55;1
6968-GMKPR;Female;0;0;1;0;Fiber optic;0;1;1;Month-to-month;1;Electronic check;8155;45095;203;216564;0,09;3,6;0,05;Silver;45;Urban;24;0
4751-ERMAN;Male;0;1;1;0;DSL;0;1;1;Two year;1;Bank transfer (automatic);754;548025;336;201399;0,04;4,7;0,76;Bronze;32;Urban;51;1
1436-ZMJAN;Female;0;1;1;0;DSL;0;0;1;Month-to-month;1;Credit card (automatic);678;65315;23;111357;0,03;3,4;0,52;Silver;46;Urban;6;1
3292-PBZEJ;Male;1;0;1;1;Fiber optic;0;1;1;Month-to-month;1;Electronic check;1114;118305;49;112314;0,02;3;0,07;Bronze;21;Urban;19;1
0799-DDIHE;Female;0;1;1;0;DSL;0;0;0;Month-to-month;0;Electronic check;463;63945;57;150283;0,18;3,5;0,33;Silver;51;Urban;28;0
3070-FNFZQ;Female;0;1;1;0;0;No internet service;No internet service;No internet service;Two year;0;Bank transfer (automatic);204;47875;99;139567;0,06;3,4;0,09;Silver;54;Rural;18;1
2812-SFXMJ;Male;0;0;1;0;0;No internet service;No internet service;No internet service;Month-to-month;0;Mailed check;2005;2005;2;127006;0,11;4;0,99;Silver;41;Urban;10;1
7675-OZCZG;Female;1;0;1;0;DSL;0;0;0;Month-to-month;0;Electronic check;450;1271;14;221758;0,26;3,4;0,23;Bronze;38;Suburban;32;1
5014-WUQMG;Male;0;1;1;0;Fiber optic;1;1;1;One year;1;Electronic check;961;439145;256;248521;0,13;4,5;0,64;Bronze;19;Urban;49;1
5312-TSZVC;Female;0;0;1;0;0;No internet service;No internet service;No internet service;One year;0;Mailed check;1965;2706;43;141606;0,27;3,5;0,28;Gold;24;Urban;54;1
2003-CKLOR;Male;0;0;1;0;Fiber optic;0;1;1;Month-to-month;0;Electronic check;995;67105;157;98891;0,15;4,4;0,65;Gold;28;Urban;53;1
0993-OSGPT;Female;1;1;1;0;DSL;0;1;1;One year;1;Bank transfer (automatic);6065;39759;142;181732;0,12;4,2;0,21;Silver;29;Suburban;14;0
9254-RBFON;Female;0;1;1;0;Fiber optic;0;0;1;One year;0;Bank transfer (automatic);986;170495;77;247795;0,23;5;0,79;Silver;21;Rural;30;1
1205-WNWPJ;Female;0;0;1;0;DSL;0;0;0;Month-to-month;1;Mailed check;595;41595;30;109877;0,02;5;0,11;Bronze;52;Urban;12;0
9391-EOYLI;Male;1;1;1;0;Fiber optic;0;0;0;Month-to-month;1;Electronic check;8045;9502;50;94026;0,03;4,7;0,09;Gold;43;Urban;55;1
7108-DGVUU;Female;1;1;1;1;DSL;0;1;1;One year;0;Bank transfer (automatic);717;149705;61;100422;0,02;4,5;0,84;Gold;35;Urban;58;1
2782-JEEBU;Male;0;0;0;No phone service;DSL;0;1;0;Month-to-month;1;Mailed check;360;78015;74;220316;0,15;3,8;0,68;Silver;54;Urban;47;1
5127-BZENZ;Female;0;1;1;1;DSL;1;0;0;One year;0;Bank transfer (automatic);652;351215;245;113481;0,24;4,5;0,07;Platinum;33;Suburban;18;1
2720-FVBQP;Female;0;1;1;1;DSL;0;0;0;Month-to-month;1;Credit card (automatic);4895;27325;23;169180;0,27;4,9;0,21;Bronze;29;Urban;5;1
9906-NHHVC;Female;1;0;0;No phone service;DSL;0;1;1;Two year;1;Bank transfer (automatic);535;35179;386;189384;0,12;3;0,86;Silver;54;Urban;27;1
4522-XRWWI;Male;0;1;1;1;DSL;1;0;0;One year;0;Credit card (automatic);8045;33759;106;138031;0,18;4,1;0,12;Platinum;36;Rural;21;0
3766-EJLFL;Female;0;1;1;1;Fiber optic;1;0;1;Two year;1;Bank transfer (automatic);10905;750855;325;219593;0,15;3,4;0,16;Bronze;32;Urban;27;1
5939-SXWHM;Male;0;1;1;1;0;No internet service;No internet service;No internet service;Two year;0;Bank transfer (automatic);263;124505;173;212818;0,29;4,1;0,54;Bronze;39;Suburban;15;1
8152-UOBNY;Female;1;0;1;1;Fiber optic;0;1;0;One year;1;Electronic check;1068;534795;185;163127;0,25;3,9;0,27;Gold;37;Suburban;49;1
7351-KYHQH;Female;1;0;1;0;DSL;0;1;1;Month-to-month;1;Electronic check;6495;49365;34;172254;0,27;4,2;0,22;Bronze;30;Urban;32;1
7643-RCHXS;Female;0;1;1;0;0;No internet service;No internet service;No internet service;Two year;0;Electronic check;1935;126385;300;148232;0,08;4,1;0,58;Gold;40;Urban;49;1
8246-SHFGA;Male;0;0;1;0;0;No internet service;No internet service;No internet service;Month-to-month;0;Credit card (automatic);211;38555;101;223084;0,23;4,9;0,37;Bronze;48;Urban;40;1
8387-MOJJT;Female;0;1;1;0;Fiber optic;0;0;0;Month-to-month;1;Credit card (automatic);7795;33840;105;160224;0,08;4,1;0,14;Silver;43;Rural;44;0
0620-XEFWH;Male;0;1;1;0;0;No internet service;No internet service;No internet service;Month-to-month;0;Mailed check;1885;842;9;234529;0,06;4,7;0,53;Bronze;49;Suburban;47;1
6485-QXWWE;Female;0;0;1;1;0;No internet service;No internet service;No internet service;Two year;0;Bank transfer (automatic);260;16387;303;109960;0,28;3,6;0,39;Bronze;38;Urban;53;1
2761-OCIAX;Male;1;0;1;0;Fiber optic;0;1;0;Month-to-month;1;Electronic check;747;1654;8;167695;0,01;3,9;0,73;Gold;34;Suburban;50;1
7321-VGNKU;Female;0;1;1;0;Fiber optic;0;0;0;Month-to-month;1;Electronic check;7035;12025;6;210066;0,29;3,9;0,01;Gold;46;Suburban;25;1
5327-CNLUQ;Male;0;1;1;1;Fiber optic;1;1;1;Two year;1;Bank transfer (automatic);969;447345;111;218982;0,04;3,6;0,62;Bronze;46;Urban;22;0
7552-KEYGT;Male;0;1;1;0;0;No internet service;No internet service;No internet service;Two year;0;Bank transfer (automatic);1955;52055;63;82693;0,25;3,8;0,44;Bronze;39;Urban;0;1
5816-JMLGY;Female;0;1;1;0;DSL;0;1;1;Two year;1;Bank transfer (automatic);804;571785;390;195313;0,08;4,2;0,41;Gold;36;Suburban;28;0
3068-OMWZA;Male;1;0;1;1;Fiber optic;0;0;1;Month-to-month;1;Electronic check;888;888;2;226930;0,11;4,2;0,23;Gold;31;Urban;7;1
2927-QRRQV;Male;0;1;1;1;Fiber optic;0;1;1;One year;1;Electronic check;9465;43125;151;108810;0,07;4,3;0,03;Gold;40;Suburban;41;0
6032-KRXXO;Male;0;0;1;0;Fiber optic;0;0;0;Month-to-month;1;Electronic check;9025;275535;87;100092;0,18;3,7;0,85;Silver;19;Suburban;38;0
7459-RRWQZ;Female;0;0;1;1;DSL;1;0;0;Month-to-month;1;Bank transfer (automatic);6465;99455;51;138105;0,01;3,6;0,33;Bronze;49;Urban;2;0
6265-SXWBU;Male;0;1;1;1;Fiber optic;0;1;1;One year;0;Credit card (automatic);9575;651125;157;241577;0,02;4,2;0,68;Gold;50;Suburban;12;0
7941-RCJOW;Male;0;0;1;0;0;No internet service;No internet service;No internet service;Two year;1;Credit card (automatic);1955;121865;264;108555;0;3,3;0,95;Gold;24;Urban;19;1
6374-NTQLP;Male;1;1;1;0;Fiber optic;1;0;1;Two year;1;Credit card (automatic);1041;74477;163;151934;0,02;3,5;0,56;Silver;51;Suburban;42;0
4154-AQUGT;Male;1;1;1;0;Fiber optic;0;1;0;Month-to-month;1;Bank transfer (automatic);8905;116935;67;152788;0,03;3,1;0,04;Silver;21;Urban;54;1
2387-KDZQY;Male;0;0;1;0;0;No internet service;No internet service;No internet service;One year;1;Mailed check;201;2795;49;157257;0,13;3,1;0,27;Silver;40;Suburban;51;1
3584-WKTTW;Male;0;1;1;1;Fiber optic;1;0;1;One year;1;Electronic check;11155;572035;212;97939;0,24;3,5;0,93;Gold;37;Suburban;4;1
3399-BMLVW;Male;0;1;1;0;DSL;1;1;0;Two year;0;Credit card (automatic);605;312145;281;222897;0,27;3;0,68;Gold;39;Urban;44;1
1971-DTCZB;Female;0;1;1;1;DSL;1;1;1;Two year;1;Bank transfer (automatic);9095;64686;331;235223;0,07;3,5;0,67;Gold;46;Urban;11;0
3092-IGHWF;Male;0;1;1;1;Fiber optic;0;1;1;One year;0;Electronic check;874;59188;276;208068;0,17;4,3;0,43;Silver;54;Urban;47;1
3374-PZLXD;Male;0;0;1;0;0;No internet service;No internet service;No internet service;Month-to-month;0;Mailed check;197;6756;112;80036;0,23;3,1;0,85;Silver;20;Urban;16;1
3813-DHBBB;Male;0;1;0;No phone service;DSL;1;1;0;Two year;1;Bank transfer (automatic);5095;35217;223;173948;0,09;3,9;0,71;Gold;39;Urban;13;0
2812-REYAT;Female;0;1;1;0;0;No internet service;No internet service;No internet service;One year;1;Bank transfer (automatic);2005;9231;229;163707;0,12;4,8;0,28;Bronze;37;Rural;52;1
6518-PPLMZ;Male;0;1;1;0;0;No internet service;No internet service;No internet service;Two year;1;Mailed check;194;111035;316;119051;0,16;4,6;0,06;Silver;42;Suburban;25;0
4939-KYYPY;Male;0;0;1;1;DSL;0;0;1;Month-to-month;0;Electronic check;5945;161165;125;160738;0,04;3,6;0,43;Silver;51;Urban;29;0
8017-LXHFA;Female;1;0;1;0;Fiber optic;0;1;0;Month-to-month;1;Electronic check;9475;22936;97;153596;0,01;4,8;0,01;Platinum;46;Suburban;41;0
5930-GBIWP;Male;0;0;1;1;DSL;1;1;1;Two year;1;Credit card (automatic);815;555325;339;140071;0,05;3,7;0,81;Bronze;27;Urban;44;0
6022-KOUQO;Female;0;1;0;No phone service;DSL;0;0;0;Month-to-month;0;Bank transfer (automatic);2905;4475;7;210613;0,19;3,1;0,12;Bronze;54;Suburban;31;1
6352-TWCAU;Female;0;0;1;1;Fiber optic;0;0;0;Month-to-month;1;Electronic check;8645;30291;78;153601;0,02;5;0,51;Bronze;37;Urban;29;0
2361-UPSND;Female;0;1;1;0;DSL;1;1;0;One year;0;Mailed check;706;323105;195;109873;0,06;4,7;0,34;Bronze;40;Urban;11;0
6035-RIIOM;Female;0;0;1;1;Fiber optic;0;1;0;Two year;1;Bank transfer (automatic);972;512945;314;247720;0,01;3,9;0,34;Bronze;28;Urban;35;0
2929-QNSRW;Female;0;1;1;1;Fiber optic;0;1;0;One year;1;Electronic check;9825;550835;151;151468;0,02;4,3;0,48;Silver;25;Rural;18;0
1262-OPMFY;Female;0;1;1;0;Fiber optic;0;0;1;Month-to-month;1;Bank transfer (automatic);7575;6559;42;106470;0,06;4,3;0,1;Gold;46;Urban;43;0
9504-DSHWM;Male;0;0;1;1;DSL;1;0;0;Month-to-month;0;Bank transfer (automatic);592;11912;56;88328;0,27;3,4;0,41;Silver;53;Urban;24;1
5035-BVCXS;Male;0;0;1;0;Fiber optic;0;1;0;Month-to-month;1;Mailed check;759;8664;45;217405;0,01;3,4;0,18;Bronze;42;Urban;32;1
6267-DCFFZ;Female;1;1;1;1;Fiber optic;0;1;0;Month-to-month;1;Electronic check;9005;26272;71;201173;0,02;3,9;0,61;Gold;51;Urban;41;0
3533-UVMOM;Male;0;1;1;0;DSL;1;1;1;Two year;0;Bank transfer (automatic);7095;474145;258;126638;0,12;4,8;0,24;Silver;49;Urban;20;0
2439-LYPMQ;Male;1;1;1;1;Fiber optic;0;1;1;Month-to-month;1;Electronic check;1026;40092;190;91268;0,02;3;0,11;Bronze;40;Suburban;57;1
4248-QPAVC;Female;1;1;1;1;Fiber optic;1;0;1;Month-to-month;1;Bank transfer (automatic);8535;146345;57;193920;0,18;4,6;0,05;Bronze;38;Urban;1;0
1899-VXWXM;Male;0;0;1;1;Fiber optic;0;1;1;One year;1;Credit card (automatic);1061;50828;223;190379;0,07;3,1;0,02;Gold;36;Urban;36;1
1478-VPOAD;Female;0;0;1;0;DSL;0;0;0;Month-to-month;0;Electronic check;438;438;5;228117;0,25;4;0,43;Gold;42;Urban;20;1
9995-HOTOH;Male;0;1;0;No phone service;DSL;1;1;1;Two year;0;Electronic check;590;37076;359;87887;0,15;4,3;0,43;Silver;40;Urban;25;0
2988-PLAHS;Female;0;0;1;0;DSL;0;0;1;One year;1;Electronic check;6995;22045;8;104918;0,25;4,4;0,19;Bronze;36;Urban;31;1
1371-OJCEK;Female;0;0;1;1;0;No internet service;No internet service;No internet service;One year;0;Bank transfer (automatic);2435;11337;172;115497;0,12;3,1;0,78;Gold;22;Urban;26;1
4999-IEZLT;Male;0;0;0;No phone service;DSL;0;0;0;One year;0;Credit card (automatic);2945;198315;172;173562;0,03;3,8;0,13;Bronze;36;Urban;16;1
8883-ANODQ;Female;0;1;1;1;Fiber optic;0;1;1;Two year;1;Credit card (automatic);844;574675;405;91929;0,23;4,2;0,92;Gold;52;Urban;3;1
4690-LLKUA;Male;1;0;1;0;DSL;0;0;0;Month-to-month;1;Electronic check;4505;7706;97;182201;0,29;3,1;0,59;Silver;29;Urban;38;1
2351-RRBUE;Female;0;1;1;0;0;No internet service;No internet service;No internet service;One year;0;Mailed check;2065;13405;29;196566;0,15;3,3;0,03;Bronze;42;Urban;14;1
5980-BDHPY;Male;0;1;1;1;DSL;1;1;1;Two year;1;Bank transfer (automatic);871;62301;386;108546;0,14;4,3;0,96;Bronze;22;Urban;32;0
1498-DQNRX;Female;0;1;1;0;0;No internet service;No internet service;No internet service;Month-to-month;0;Mailed check;1985;57305;118;248410;0,23;4;0,31;Bronze;29;Suburban;59;1
9469-WEJBT;Male;0;1;1;0;Fiber optic;0;0;1;Month-to-month;1;Electronic check;9035;34193;166;245355;0,26;3,3;0,45;Bronze;44;Suburban;13;1
3331-HQDTW;Female;0;0;1;1;Fiber optic;1;1;1;Month-to-month;1;Mailed check;1098;358725;80;162494;0,29;4,1;0,28;Bronze;21;Urban;25;1
9490-DFPMD;Female;1;0;1;1;Fiber optic;0;0;0;Month-to-month;1;Electronic check;8465;354135;210;126566;0,01;4,8;0,73;Silver;36;Urban;46;1
2581-VKIRT;Female;0;1;1;1;DSL;1;1;0;One year;0;Mailed check;655;38013;148;165464;0,24;3;0,49;Silver;41;Urban;1;1
5442-XSDCW;Male;0;1;1;0;Fiber optic;0;0;0;Month-to-month;1;Bank transfer (automatic);795;8685;58;208279;0,06;4,3;0,13;Silver;45;Rural;19;0
7426-WEIJX;Male;1;1;1;1;Fiber optic;1;0;0;Month-to-month;1;Electronic check;8095;48591;307;161991;0,16;3,1;0,01;Silver;50;Urban;25;1
2851-MMUTZ;Female;0;0;1;0;DSL;0;1;0;Month-to-month;1;Mailed check;5615;143935;130;172680;0,05;3;0,73;Gold;52;Urban;1;1
3049-NDXFL;Female;0;0;1;1;Fiber optic;0;0;0;Month-to-month;0;Mailed check;858;858;2;108013;0,01;3,3;0,24;Platinum;33;Urban;47;1
8580-AECUZ;Male;1;0;1;0;Fiber optic;0;0;0;Month-to-month;1;Electronic check;791;791;3;132132;0,28;3,8;0,14;Bronze;29;Urban;1;1
3307-TLCUD;Male;0;1;0;No phone service;DSL;1;0;1;Month-to-month;0;Mailed check;344;59275;51;239156;0,04;4,6;0,05;Silver;33;Urban;47;1
6625-FLENO;Male;0;1;1;0;0;No internet service;No internet service;No internet service;Two year;0;Mailed check;2075;118595;199;187855;0,19;3,6;0,08;Bronze;28;Suburban;16;0
2967-MXRAV;Male;0;1;1;0;0;No internet service;No internet service;No internet service;One year;0;Mailed check;188;188;2;232215;0,18;4,3;0,28;Bronze;45;Urban;17;1
7963-GQRMY;Female;0;1;1;0;DSL;0;0;0;Month-to-month;0;Mailed check;443;1345;17;171627;0,04;3,8;0,28;Silver;40;Urban;50;1
8189-HBVRW;Female;0;0;1;1;Fiber optic;1;1;1;Month-to-month;0;Electronic check;908;49212;223;202772;0,01;3,5;0,83;Silver;34;Rural;47;1
4163-KIUHY;Male;0;0;1;1;0;No internet service;No internet service;No internet service;Month-to-month;1;Electronic check;256;90125;112;225251;0,17;4;0,15;Gold;36;Urban;3;0
1228-FZFRV;Male;0;1;1;1;Fiber optic;1;0;1;Month-to-month;0;Credit card (automatic);10595;53418;179;221294;0,06;4,6;0,62;Silver;28;Urban;16;0
3500-NSDOA;Male;0;1;1;1;DSL;0;1;0;Two year;0;Credit card (automatic);708;485995;257;144068;0,24;4,7;0,96;Bronze;21;Urban;32;1
1171-TYKUR;Male;0;1;1;1;0;No internet service;No internet service;No internet service;Month-to-month;0;Electronic check;254;11392;206;235021;0,29;4,7;0,84;Gold;27;Urban;22;1
3761-FLYZI;Female;1;1;1;1;Fiber optic;0;1;1;Month-to-month;1;Bank transfer (automatic);1088;708245;264;96116;0,06;3,7;0,06;Bronze;36;Suburban;52;1
2058-DCJBE;Male;0;0;1;0;Fiber optic;0;0;0;Month-to-month;1;Electronic check;6975;3246;28;131369;0,06;4,6;0,32;Bronze;53;Urban;12;0
5364-XYIRR;Male;0;1;1;1;Fiber optic;0;0;0;Month-to-month;1;Electronic check;9465;481275;203;183100;0,14;3,4;0,14;Bronze;39;Suburban;6;1
4829-AUOAX;Female;0;0;1;1;Fiber optic;0;0;0;Month-to-month;0;Bank transfer (automatic);9605;43995;274;109655;0,22;4,5;0,95;Platinum;19;Suburban;57;1
1219-NNDDO;Female;0;0;1;1;Fiber optic;0;0;0;Month-to-month;1;Electronic check;7685;66355;48;127632;0,08;4,9;0,99;Silver;50;Urban;40;0
8388-DMKAE;Female;0;0;1;0;0;No internet service;No internet service;No internet service;Two year;0;Mailed check;2025;17465;22;225265;0,01;3;0,23;Silver;44;Urban;45;1
4403-BWPAY;Male;0;0;1;1;0;No internet service;No internet service;No internet service;One year;1;Credit card (automatic);248;3217;80;241848;0,16;3,9;0,67;Gold;36;Urban;0;0
9659-QEQSY;Female;0;0;1;1;Fiber optic;1;1;1;Month-to-month;1;Electronic check;11565;51255;110;98895;0,29;4,3;0,84;Silver;21;Suburban;39;1
5405-ZMYXQ;Female;0;0;1;1;Fiber optic;0;0;0;Month-to-month;1;Credit card (automatic);746;5489;42;232281;0,12;4,4;0,23;Gold;36;Urban;41;0
5047-LHVLY;Male;1;0;1;0;DSL;0;0;1;Month-to-month;1;Mailed check;5015;5015;3;103086;0,13;3,4;0,19;Silver;42;Urban;30;1
1442-OKRJE;Male;0;1;1;0;Fiber optic;1;1;1;One year;1;Bank transfer (automatic);10315;70313;363;165637;0,29;4,9;0,01;Platinum;23;Suburban;35;1
4737-AQCPU;Male;0;1;1;1;DSL;1;1;1;Two year;0;Credit card (automatic);721;501665;394;238279;0,21;4,2;0,41;Gold;30;Urban;24;1
9158-VCTQB;Female;0;1;1;1;Fiber optic;1;1;1;Month-to-month;1;Bank transfer (automatic);1136;459495;214;187334;0,22;3,3;0,09;Silver;39;Urban;44;1
2808-CHTDM;Female;0;1;1;1;0;No internet service;No internet service;No internet service;Two year;0;Mailed check;251;61145;118;231969;0,17;3;0,09;Bronze;21;Urban;49;1
6311-UEUME;Female;0;0;1;0;Fiber optic;0;0;0;Month-to-month;1;Electronic check;789;238415;93;143083;0,29;4,6;0,13;Platinum;19;Urban;40;1
0793-TWELN;Female;0;0;1;1;Fiber optic;1;0;0;Month-to-month;1;Electronic check;8015;31985;9;175028;0,21;3,2;0,02;Silver;20;Urban;39;1
3283-WCWXT;Male;0;1;1;1;0;No internet service;No internet service;No internet service;Two year;0;Mailed check;254;1533;21;146957;0,27;3,3;0,41;Silver;47;Suburban;29;1
1060-ENTOF;Female;1;1;1;1;Fiber optic;1;1;1;One year;1;Credit card (automatic);1054;70356;180;177551;0,21;4,1;0,78;Gold;21;Urban;37;1
0999-QXNSA;Male;1;0;1;0;DSL;0;0;0;Month-to-month;1;Mailed check;4575;3442;33;158506;0,22;4,2;0,61;Silver;46;Urban;20;1
5451-MHQOF;Male;0;1;1;1;0;No internet service;No internet service;No internet service;One year;1;Mailed check;2445;143165;189;218355;0,09;4,4;0,51;Bronze;50;Urban;18;0
4836-WNFNO;Female;0;1;1;1;0;No internet service;No internet service;No internet service;Two year;0;Credit card (automatic);250;18492;424;174024;0,09;3,8;0,59;Bronze;30;Suburban;15;0
9225-BZLNZ;Male;0;1;1;1;DSL;1;1;1;Two year;1;Electronic check;8525;60831;328;161481;0,23;4,5;0,01;Silver;49;Suburban;32;1
0354-VXMJC;Male;0;1;1;0;0;No internet service;No internet service;No internet service;Two year;0;Credit card (automatic);196;42665;121;80255;0,09;4,9;0,48;Bronze;45;Urban;46;1
4422-QVIJA;Female;0;0;1;1;DSL;0;0;0;Month-to-month;0;Mailed check;5015;165535;88;95487;0,17;3,5;0,99;Silver;54;Urban;5;0
9365-SRSZE;Male;1;1;1;0;Fiber optic;0;0;0;Month-to-month;1;Electronic check;7055;19439;147;99346;0,07;4,4;0,09;Gold;45;Suburban;41;0
6839-ITVZJ;Female;0;1;1;1;DSL;0;1;0;Month-to-month;1;Electronic check;6005;161615;147;115050;0,25;4,9;0,52;Bronze;44;Urban;36;1
8332-OSJDW;Male;0;1;1;1;0;No internet service;No internet service;No internet service;One year;0;Mailed check;264;31495;47;88744;0,03;4,4;0,03;Bronze;42;Urban;7;0
4735-BJKOU;Female;0;0;1;0;0;No internet service;No internet service;No internet service;Two year;0;Mailed check;2015;80485;177;235828;0,25;4,4;0,54;Gold;47;Urban;0;1
0274-JKUJR;Male;0;1;0;No phone service;DSL;1;1;1;Month-to-month;0;Mailed check;5885;4657;35;141596;0,18;3,4;0,57;Silver;23;Urban;12;1
5740-YHGTW;Male;0;1;1;1;Fiber optic;1;1;0;Month-to-month;1;Credit card (automatic);9755;666905;188;236218;0,06;4,1;0,58;Bronze;47;Urban;25;0
8917-SZTTJ;Male;0;1;1;0;0;No internet service;No internet service;No internet service;Two year;0;Credit card (automatic);1965;116175;240;199640;0,16;4,1;0,85;Gold;26;Suburban;15;0
1696-MZVAU;Male;0;1;0;No phone service;DSL;0;0;0;One year;1;Credit card (automatic);2525;94775;140;135032;0,08;4,4;0,39;Silver;23;Urban;48;1
7359-WWYJV;Male;0;1;1;1;Fiber optic;1;1;1;Two year;0;Credit card (automatic);11445;837505;186;122687;0,01;5;0,52;Bronze;46;Urban;38;0
0375-HVGXO;Female;0;0;0;No phone service;DSL;0;0;0;Month-to-month;1;Electronic check;347;347;3;233048;0,11;3,1;0,01;Bronze;40;Urban;46;1
4906-ZHGPK;Male;0;1;1;1;DSL;0;1;0;One year;1;Electronic check;707;37700;122;142863;0,02;3,1;0,79;Bronze;23;Urban;55;1
8593-WHYHV;Male;0;0;1;1;Fiber optic;0;0;0;Month-to-month;1;Electronic check;853;2648;6;211663;0,03;3,2;0,26;Gold;39;Urban;45;1
3795-GWTRD;Female;0;1;1;0;DSL;1;1;1;Two year;0;Credit card (automatic);7555;470785;160;86277;0,01;4,5;0,82;Silver;19;Urban;57;1
1298-PHBTI;Male;0;1;1;1;Fiber optic;0;1;0;Two year;1;Electronic check;848;61524;415;141860;0,02;3,3;0,27;Silver;48;Urban;27;1
6223-DHJGV;Female;0;0;1;0;0;No internet service;No internet service;No internet service;One year;1;Mailed check;2065;9581;176;213332;0,11;4,2;0,01;Gold;23;Urban;48;1
6961-MJKBO;Male;0;0;1;0;0;No internet service;No internet service;No internet service;Two year;0;Bank transfer (automatic);2045;9430;275;104741;0,19;3,6;0,15;Bronze;22;Urban;56;1
6097-EQISJ;Female;0;1;1;1;Fiber optic;0;1;1;One year;1;Credit card (automatic);10245;661515;246;199720;0,11;3,9;0,99;Bronze;37;Rural;22;0
4423-YLHDV;Female;0;1;1;1;Fiber optic;1;0;1;Month-to-month;1;Bank transfer (automatic);1044;220025;68;117211;0,02;3,4;0,32;Bronze;29;Urban;6;1
8158-WPEZG;Male;0;0;0;No phone service;DSL;0;1;0;Month-to-month;1;Electronic check;3565;4251;44;86869;0,22;4,7;0,11;Bronze;25;Suburban;23;1
0107-YHINA;Male;0;0;1;1;Fiber optic;0;0;1;Month-to-month;1;Electronic check;9975;9975;3;167616;0,21;4,2;0,12;Silver;50;Urban;45;1
4918-FYJNT;Female;1;1;1;1;Fiber optic;0;1;1;Month-to-month;0;Electronic check;9045;50448;133;174515;0,03;4,9;0,31;Silver;48;Urban;7;0
0727-BNRLG;Male;0;0;1;1;Fiber optic;0;1;1;Two year;1;Credit card (automatic);9765;674355;314;230494;0,02;4,1;0,04;Bronze;20;Urban;44;0
4854-CIDCF;Female;1;0;1;0;Fiber optic;0;0;1;Month-to-month;0;Electronic check;7385;1964;8;246685;0,08;3,2;0,51;Bronze;36;Urban;0;1
8640-SDGKB;Male;0;0;1;0;DSL;0;0;1;Month-to-month;1;Electronic check;744;2997;17;140110;0,01;3,3;0,21;Bronze;25;Urban;3;1
3280-MRDOF;Male;1;0;1;1;DSL;0;0;1;Two year;1;Credit card (automatic);691;20939;138;114033;0,12;5;0,52;Platinum;47;Urban;42;0
6435-SRWBJ;Female;0;0;1;1;Fiber optic;0;0;1;Month-to-month;1;Electronic check;8275;41775;13;125213;0,13;4,5;0,14;Silver;48;Urban;40;0
9964-WBQDJ;Female;0;1;1;1;0;No internet service;No internet service;No internet service;Two year;1;Credit card (automatic);244;17254;159;92938;0,14;3,1;0,43;Silver;46;Urban;18;1
6303-KFWSL;Female;0;0;1;1;DSL;0;1;0;One year;1;Electronic check;5525;16202;148;210842;0,21;4,4;0,06;Bronze;23;Suburban;21;1
1702-CCFNJ;Male;0;1;1;1;DSL;0;1;0;Month-to-month;0;Bank transfer (automatic);6135;316955;199;82274;0,09;3,8;0,06;Silver;19;Urban;35;0
8932-CZHRQ;Male;0;0;1;1;DSL;1;1;1;One year;0;Credit card (automatic);7675;523325;151;164390;0,09;3,6;0,04;Bronze;40;Urban;0;0
0386-CWRGM;Female;0;1;1;0;0;No internet service;No internet service;No internet service;Two year;0;Mailed check;194;96785;275;242887;0,02;3,3;0,03;Platinum;47;Suburban;18;1
5515-RUGKN;Male;0;0;1;0;DSL;0;0;0;Month-to-month;1;Credit card (automatic);5475;43805;17;230033;0,21;4,7;0,24;Gold;26;Urban;50;1
0404-AHASP;Male;0;1;1;0;0;No internet service;No internet service;No internet service;Two year;0;Credit card (automatic);197;14219;344;100044;0,17;3,1;0,06;Silver;24;Suburban;28;1
7279-NMVJC;Female;0;0;1;0;0;No internet service;No internet service;No internet service;One year;0;Bank transfer (automatic);199;32315;100;179372;0,01;3,6;0,59;Silver;32;Rural;18;0
2081-VEYEH;Male;0;0;1;0;Fiber optic;0;1;1;Month-to-month;1;Electronic check;10795;3186;8;233047;0,21;3,6;0,63;Silver;32;Urban;42;1
6407-UTSLV;Female;1;0;1;0;Fiber optic;0;1;0;Month-to-month;1;Bank transfer (automatic);838;1637;5;94706;0,16;3,3;0,16;Bronze;38;Urban;5;1
4116-TZAQJ;Female;0;0;1;0;Fiber optic;1;0;0;Month-to-month;1;Credit card (automatic);7425;63965;22;217046;0,14;4;0,29;Bronze;31;Rural;24;0
9060-HJJRW;Female;0;0;0;No phone service;DSL;0;1;1;One year;1;Credit card (automatic);564;29285;163;156464;0,15;3;0,21;Silver;28;Urban;38;1
2587-YNLES;Female;0;1;1;0;0;No internet service;No internet service;No internet service;Two year;0;Mailed check;201;10035;14;101213;0,19;3,6;0,54;Bronze;28;Urban;22;0
7398-SKNQZ;Female;0;1;1;1;Fiber optic;0;0;0;Month-to-month;0;Electronic check;949;2732;14;81950;0,02;4,9;0,46;Bronze;37;Urban;0;0
5935-FCCNB;Female;1;0;1;1;Fiber optic;0;0;0;Month-to-month;1;Electronic check;942;160815;38;90411;0,09;3,6;0,33;Silver;30;Urban;14;0
1958-RNRKS;Male;0;1;1;1;DSL;0;0;0;Month-to-month;0;Electronic check;499;144195;121;208603;0,04;3,7;0,79;Platinum;47;Rural;24;0
5136-RGMZO;Male;0;0;1;1;DSL;0;1;0;Month-to-month;1;Electronic check;7105;216815;185;142744;0,05;3,9;0,09;Platinum;37;Urban;3;0
8345-MVDYC;Female;0;0;1;0;DSL;1;0;1;Two year;0;Bank transfer (automatic);8165;36187;236;228843;0,19;4,1;0,97;Bronze;25;Urban;44;0
8226-BXGES;Male;0;1;1;1;Fiber optic;1;1;1;One year;0;Bank transfer (automatic);8945;569265;285;115053;0,26;4,6;0,12;Bronze;54;Urban;55;1
3877-JRJIP;Male;0;0;1;1;DSL;0;0;0;Month-to-month;1;Electronic check;5985;5985;3;218117;0,12;3,4;0,77;Silver;50;Urban;43;1
8375-DKEBR;Female;1;0;1;0;Fiber optic;0;0;0;Month-to-month;1;Electronic check;696;696;4;137623;0,05;4,7;0,37;Gold;43;Urban;0;1
9705-IOVQQ;Male;1;1;1;1;Fiber optic;0;1;0;One year;0;Electronic check;990;59693;250;109714;0,23;4,5;0,87;Platinum;25;Rural;39;1
1015-OWJKI;Male;0;0;1;0;0;No internet service;No internet service;No internet service;Month-to-month;0;Mailed check;1905;1905;3;245458;0,25;4,4;0,07;Gold;35;Suburban;56;1
7511-YMXVQ;Male;0;0;0;No phone service;DSL;0;0;0;Month-to-month;1;Electronic check;454;4188;22;189283;0,26;3,2;0,37;Silver;31;Urban;20;1
2040-XBAVJ;Male;0;1;1;1;Fiber optic;1;1;1;Two year;0;Bank transfer (automatic);11445;810055;399;88562;0,18;3;0,34;Bronze;35;Urban;54;1
7551-JOHTI;Female;0;0;1;0;0;No internet service;No internet service;No internet service;Month-to-month;0;Mailed check;195;195;3;135048;0,26;4,2;0,99;Bronze;38;Urban;42;1
8887-IPQNC;Female;0;1;1;0;DSL;0;0;0;Month-to-month;1;Mailed check;4425;31345;19;173295;0;4,7;0,99;Bronze;40;Urban;9;0
8646-JCOMS;Female;0;1;1;1;Fiber optic;0;1;1;One year;1;Bank transfer (automatic);9055;613095;229;92026;0,03;4,2;0,19;Silver;21;Urban;1;0
9804-ICWBG;Male;0;0;1;0;Fiber optic;0;0;0;Month-to-month;1;Electronic check;699;699;3;186147;0,03;3,4;0,63;Bronze;27;Suburban;16;1
1222-KJNZD;Male;0;1;1;0;0;No internet service;No internet service;No internet service;Month-to-month;1;Bank transfer (automatic);204;7453;212;111589;0,21;3,2;0,54;Gold;28;Urban;59;1
0106-GHRQR;Male;0;0;1;1;DSL;0;1;1;Month-to-month;1;Bank transfer (automatic);714;12121;78;188199;0,02;4,4;0,15;Gold;37;Suburban;12;0
5318-IXUZF;Female;0;0;1;0;Fiber optic;0;1;0;Month-to-month;1;Bank transfer (automatic);8715;18375;10;177274;0,15;4,4;0,17;Bronze;36;Urban;26;0
3768-VHXQO;Male;0;1;1;1;0;No internet service;No internet service;No internet service;Two year;0;Credit card (automatic);2485;15835;136;106844;0,14;3,3;0,99;Platinum;18;Rural;53;1
8952-WCVCD;Female;0;1;1;0;Fiber optic;1;1;1;One year;1;Bank transfer (automatic);10445;416205;150;234519;0,09;3,1;0,45;Silver;48;Urban;40;1
2418-TPEUN;Female;0;1;1;0;0;No internet service;No internet service;No internet service;Two year;1;Credit card (automatic);198;11199;219;170415;0,26;3,8;0,13;Platinum;19;Suburban;47;1
3963-RYFNS;Female;0;0;1;1;Fiber optic;1;1;1;Two year;1;Bank transfer (automatic);11645;801355;149;134708;0,05;4,2;0,21;Platinum;22;Suburban;27;0
3198-VELRD;Female;0;1;1;1;Fiber optic;0;0;0;Month-to-month;1;Bank transfer (automatic);8475;26485;9;150825;0,11;4,4;0,27;Bronze;51;Rural;48;1
8540-ZQGEA;Female;0;1;1;0;0;No internet service;No internet service;No internet service;Two year;0;Credit card (automatic);2005;11024;272;131574;0,23;4,6;0,51;Bronze;21;Suburban;9;1
1320-REHCS;Male;1;0;1;1;Fiber optic;0;1;1;Month-to-month;1;Electronic check;11075;58320;132;165548;0,01;4,2;0,34;Bronze;44;Suburban;48;1
4137-JOPHL;Female;0;0;1;0;Fiber optic;0;0;1;Two year;1;Bank transfer (automatic);897;43045;207;229884;0,02;3,2;0,46;Gold;20;Urban;51;1
9436-ZBZCT;Male;0;0;1;1;Fiber optic;0;0;0;Month-to-month;1;Electronic check;8995;11784;40;144230;0,24;4,4;0,17;Silver;43;Urban;9;1
7801-CEDNV;Male;0;1;1;0;DSL;1;0;0;One year;0;Credit card (automatic);487;142175;55;120581;0,28;5;0,33;Platinum;18;Urban;53;1
2057-BOYKM;Female;1;1;1;1;Fiber optic;1;1;1;Two year;1;Bank transfer (automatic);966;68275;213;105105;0,26;4,8;0,07;Bronze;33;Urban;45;1
3658-QQJYD;Male;0;0;1;0;DSL;1;1;0;One year;1;Credit card (automatic);743;469805;366;159830;0,01;4,7;0,89;Silver;52;Suburban;46;1
1803-BGNBD;Female;0;0;1;0;DSL;0;1;0;Month-to-month;1;Electronic check;543;6545;62;149157;0,18;3,6;0,02;Platinum;36;Urban;8;0
0134-XWXCE;Female;1;0;1;0;DSL;0;0;1;One year;0;Bank transfer (automatic);7485;326805;256;243514;0,02;4,5;0,76;Silver;33;Urban;33;0
6950-TWMYB;Male;0;1;1;0;Fiber optic;0;1;0;Two year;1;Bank transfer (automatic);7995;436205;213;167235;0,08;4,7;0,35;Bronze;50;Urban;45;0
5848-FHRFC;Female;0;0;1;0;0;No internet service;No internet service;No internet service;Two year;0;Bank transfer (automatic);2005;13869;165;82347;0,03;4,4;0,47;Silver;48;Urban;52;1
2243-FNMMI;Male;0;0;1;0;0;No internet service;No internet service;No internet service;Month-to-month;0;Mailed check;194;4154;83;127650;0,09;3,5;0,29;Bronze;39;Urban;38;0
2511-MORQY;Male;0;1;1;1;DSL;0;0;1;One year;0;Bank transfer (automatic);549;26141;190;228182;0,26;4,9;0,07;Bronze;37;Urban;59;1
5356-KZCKT;Male;0;0;1;1;0;No internet service;No internet service;No internet service;Two year;1;Credit card (automatic);2445;15136;311;215995;0,01;3,9;0,84;Bronze;23;Urban;3;0
9470-XCCEM;Male;0;1;1;1;Fiber optic;0;1;0;Month-to-month;1;Bank transfer (automatic);8965;31616;83;204926;0,17;3,3;0,29;Bronze;52;Urban;44;1
6519-CFDBX;Female;0;0;1;0;DSL;0;0;0;Month-to-month;1;Electronic check;454;8095;7;161147;0,13;3,2;0,24;Gold;20;Urban;53;1
3902-MIVLE;Male;0;1;1;1;DSL;1;0;1;Two year;0;Mailed check;757;46767;163;128135;0,14;4,3;0,68;Bronze;49;Rural;53;1
0409-WTMPL;Female;0;1;1;1;Fiber optic;1;1;1;One year;1;Credit card (automatic);11065;652665;191;99199;0,29;3,9;0,02;Gold;30;Rural;3;1
8763-KIAFH;Female;0;1;1;0;0;No internet service;No internet service;No internet service;One year;1;Mailed check;2055;5833;133;220138;0,09;3,2;0,64;Bronze;31;Urban;3;1
3669-WHAFY;Female;0;1;1;1;Fiber optic;1;1;1;Two year;1;Credit card (automatic);11515;80781;277;181583;0,19;4,5;0,09;Bronze;25;Urban;40;0
3055-VTCGS;Female;0;0;1;0;DSL;0;0;1;One year;0;Credit card (automatic);5855;35035;220;172290;0,13;4,6;0,62;Bronze;36;Urban;10;0
3144-KMTWZ;Male;0;1;1;1;Fiber optic;0;1;1;Month-to-month;1;Bank transfer (automatic);9325;666945;254;247647;0,02;4,5;0,51;Bronze;31;Rural;0;0
7279-BUYWN;Female;1;0;1;1;Fiber optic;1;1;1;Month-to-month;1;Electronic check;1132;46895;157;200787;0,15;3,4;0,11;Bronze;28;Urban;44;1
7156-MHUGY;Male;1;0;1;0;Fiber optic;0;0;0;Month-to-month;1;Electronic check;905;120115;66;194427;0,24;4,4;0,65;Silver;52;Suburban;20;1
7198-GLXTC;Male;0;0;1;0;Fiber optic;0;0;0;Month-to-month;0;Electronic check;790;14365;11;228063;0,03;3;0,45;Platinum;53;Suburban;58;1
2007-QVGAW;Female;0;1;1;0;0;No internet service;No internet service;No internet service;Two year;1;Bank transfer (automatic);1935;129265;395;233625;0,02;3,6;0,22;Bronze;20;Rural;24;0
5207-PLSTK;Male;0;1;1;0;DSL;1;0;0;Month-to-month;1;Mailed check;4875;4875;5;167493;0,05;3,8;0,35;Bronze;42;Suburban;8;0
2307-FYNNL;Male;1;0;1;1;Fiber optic;1;0;1;Two year;1;Electronic check;10905;71082;212;211706;0,23;4,7;0,49;Bronze;30;Suburban;24;1
5605-XNWEN;Male;1;1;1;1;0;No internet service;No internet service;No internet service;Two year;1;Bank transfer (automatic);250;180255;342;92771;0,22;3,8;0,09;Gold;33;Suburban;17;1
2155-AMQRX;Female;0;0;1;1;DSL;0;0;0;Month-to-month;1;Credit card (automatic);549;150515;105;205607;0,17;3;0,96;Silver;45;Suburban;6;1
6181-AXXYF;Male;0;1;1;1;0;No internet service;No internet service;No internet service;Two year;0;Credit card (automatic);2475;18591;217;229370;0,14;3,7;0,67;Gold;44;Urban;45;0
5091-HFAZW;Female;0;0;1;0;Fiber optic;1;1;0;Month-to-month;1;Electronic check;9115;1685;10;159876;0,27;4;0,01;Bronze;27;Rural;25;1
0516-VRYBW;Female;0;0;1;0;0;No internet service;No internet service;No internet service;One year;0;Bank transfer (automatic);2015;39085;38;247071;0,23;4,9;0,82;Bronze;35;Suburban;55;1
2519-LBNQL;Male;1;1;1;1;Fiber optic;0;1;1;One year;1;Electronic check;10435;633945;336;139648;0,24;4,9;0,32;Bronze;25;Urban;48;1
8623-ULFNQ;Female;1;0;1;1;DSL;0;0;0;Month-to-month;1;Electronic check;6605;16524;99;155783;0,24;3,4;0,06;Gold;24;Urban;17;1
8380-PEFPE;Male;0;0;1;0;Fiber optic;0;0;0;Month-to-month;1;Electronic check;7165;7165;4;124440;0,19;3,4;0,28;Bronze;39;Suburban;0;1
5687-DKDTV;Female;0;0;1;0;0;No internet service;No internet service;No internet service;Month-to-month;0;Mailed check;2035;775;18;111655;0,14;3,3;0,73;Silver;26;Urban;8;1
1568-LJSZU;Male;0;1;1;1;DSL;1;1;1;Two year;1;Credit card (automatic);922;639285;379;123039;0,26;4,6;0,72;Silver;46;Suburban;9;1
7530-HDYDS;Female;0;0;1;0;Fiber optic;0;1;1;Month-to-month;1;Credit card (automatic);8425;32645;172;135255;0,28;3;0,55;Silver;54;Urban;47;1
7789-HKSBS;Female;1;1;1;1;Fiber optic;1;0;1;One year;1;Bank transfer (automatic);1052;459915;187;152219;0,01;3,3;0,24;Bronze;46;Rural;10;1
7416-CKTEP;Female;0;1;1;0;0;No internet service;No internet service;No internet service;Two year;1;Bank transfer (automatic);196;113425;129;91244;0,02;4,1;0,25;Silver;45;Urban;31;0
2586-CWXVV;Male;0;1;0;No phone service;DSL;0;1;0;Month-to-month;0;Electronic check;304;162135;219;174594;0,29;3,5;0,38;Bronze;38;Urban;20;1
3096-IZETN;Female;0;0;1;0;Fiber optic;0;0;0;Month-to-month;0;Bank transfer (automatic);781;9473;31;138595;0,08;3,2;0,15;Platinum;50;Suburban;35;1
2348-KCJLT;Female;0;1;1;0;DSL;1;1;1;One year;1;Mailed check;615;27222;217;183898;0,26;3,7;0,34;Bronze;43;Urban;55;1
8401-EMUWF;Male;0;1;1;1;DSL;1;1;0;Month-to-month;1;Bank transfer (automatic);694;30583;170;108371;0,12;3,5;0,68;Bronze;32;Suburban;31;0
4193-IBKSW;Male;0;1;1;1;0;No internet service;No internet service;No internet service;Two year;0;Bank transfer (automatic);2475;17696;339;239950;0,04;4;0,83;Bronze;19;Urban;18;0
5377-NDTOU;Female;0;1;1;1;DSL;1;1;1;Two year;0;Mailed check;9105;629375;153;247229;0,02;5;0,33;Gold;29;Rural;7;0
5922-ABDVO;Female;0;1;1;1;Fiber optic;0;0;1;Month-to-month;0;Mailed check;8965;176105;44;85914;0,05;3,2;0,23;Bronze;50;Urban;34;1
2474-LCNUE;Female;0;1;1;1;DSL;0;0;0;Month-to-month;1;Credit card (automatic);7365;164275;111;107180;0,07;3,7;0,83;Silver;32;Urban;21;0
0839-QNXME;Female;0;0;1;0;0;No internet service;No internet service;No internet service;Two year;0;Credit card (automatic);194;5785;68;214760;0,15;4,9;0,89;Bronze;18;Rural;3;0
3506-OVLKD;Male;0;0;1;1;0;No internet service;No internet service;No internet service;One year;0;Bank transfer (automatic);262;9549;79;160219;0,21;4,8;0,41;Bronze;50;Urban;28;1
9172-ANCRX;Female;0;0;1;1;Fiber optic;1;0;0;Month-to-month;1;Electronic check;987;97325;20;158616;0,03;3,8;0,03;Silver;21;Rural;30;1
6650-VJONK;Male;0;0;1;0;DSL;0;0;0;Month-to-month;1;Bank transfer (automatic);4385;4385;5;220988;0,13;4,4;0,69;Bronze;45;Suburban;7;0
2178-PMGCJ;Male;0;0;1;0;Fiber optic;0;0;0;Month-to-month;1;Mailed check;697;14904;108;175213;0,16;3,2;0,78;Silver;31;Urban;54;1
7492-TAFJD;Male;0;1;0;No phone service;DSL;1;1;1;Two year;0;Mailed check;3855;2800;23;238432;0,16;4,4;0,02;Gold;29;Urban;11;0
2773-MADBQ;Female;0;0;0;No phone service;DSL;1;1;1;Two year;1;Mailed check;531;190125;114;117805;0,16;4,9;0,06;Gold;23;Urban;4;0
6016-LVTJQ;Female;0;1;1;0;0;No internet service;No internet service;No internet service;Month-to-month;0;Mailed check;2065;7164;115;224525;0,16;4,1;0,59;Bronze;37;Urban;29;0
7860-KSUGX;Male;0;1;1;1;DSL;1;1;1;Two year;0;Credit card (automatic);6445;47200;367;206599;0;4;0,38;Silver;38;Urban;34;0
8966-KZXXA;Male;0;1;1;1;0;No internet service;No internet service;No internet service;Two year;0;Credit card (automatic);251;93095;167;233775;0;3,4;0,75;Platinum;33;Urban;36;1
6910-HADCM;Female;0;0;1;0;Fiber optic;0;0;1;Month-to-month;0;Electronic check;7635;7635;2;154176;0,03;4,3;0,43;Gold;29;Rural;3;1
4816-LXZYW;Female;0;0;1;1;Fiber optic;0;1;0;Month-to-month;1;Electronic check;7915;167695;62;174799;0,03;4,2;0,68;Bronze;37;Urban;55;1
9606-PBKBQ;Male;1;1;1;1;Fiber optic;0;0;0;Month-to-month;1;Electronic check;850;264205;76;178385;0,21;4,3;0,52;Silver;50;Urban;42;1
5149-QYTTU;Female;0;1;1;1;Fiber optic;1;1;1;One year;1;Credit card (automatic);9515;677085;329;168919;0,06;3,1;0,25;Platinum;19;Urban;20;1
2070-XYMFH;Female;1;0;1;1;Fiber optic;0;0;1;Month-to-month;1;Mailed check;7935;18353;116;218482;0,27;4,1;0,61;Silver;51;Urban;57;1
2085-BOJKI;Male;0;1;1;0;Fiber optic;0;0;1;One year;1;Bank transfer (automatic);9665;158825;52;161462;0,28;4,2;0,74;Gold;43;Suburban;57;1
0817-HSUSE;Male;0;0;1;0;DSL;0;0;1;Month-to-month;1;Electronic check;755;755;2;245320;0,29;3,4;0,97;Silver;50;Urban;15;1
5442-PPTJY;Male;0;1;1;0;0;No internet service;No internet service;No internet service;Two year;0;Mailed check;197;25835;27;111159;0,28;3,4;0,38;Bronze;47;Rural;52;1
1927-QEWMY;Female;0;1;1;0;0;No internet service;No internet service;No internet service;Two year;0;Credit card (automatic);205;150225;422;122039;0,08;3,6;0,06;Bronze;18;Suburban;17;0
1663-MHLHE;Male;0;0;1;0;0;No internet service;No internet service;No internet service;Month-to-month;0;Mailed check;192;192;3;127800;0,15;4,4;0,99;Bronze;25;Urban;56;1
5663-QBGIS;Male;1;1;1;1;Fiber optic;0;1;0;Two year;0;Bank transfer (automatic);9835;69294;365;120761;0,05;4,2;0,62;Bronze;18;Suburban;30;0
4450-MDZFX;Male;0;1;1;1;Fiber optic;0;0;0;Month-to-month;0;Bank transfer (automatic);7435;44533;269;174626;0,24;4,7;0,95;Gold;27;Suburban;37;1
6701-DHKWQ;Female;0;1;0;No phone service;DSL;0;1;1;Two year;0;Credit card (automatic);5135;32444;215;198368;0,27;3,6;0,01;Silver;49;Suburban;58;1
7554-AKDQF;Female;0;1;1;0;DSL;0;0;0;Month-to-month;0;Mailed check;4565;32345;16;160903;0,26;4,8;0,34;Gold;19;Urban;31;1
3536-IQCTX;Male;1;1;1;1;Fiber optic;0;0;0;Month-to-month;0;Electronic check;853;26611;79;198998;0,13;4,5;0,13;Silver;48;Urban;47;1
4911-BANWH;Female;0;0;1;1;Fiber optic;0;0;0;Month-to-month;1;Credit card (automatic);8655;26974;138;246439;0,23;3,8;0,84;Bronze;21;Urban;32;1
8496-EJAUI;Male;0;0;1;0;Fiber optic;0;1;0;Month-to-month;1;Credit card (automatic);7385;14245;96;216885;0,03;3,2;0,88;Bronze;29;Urban;18;1
0794-YVSGE;Male;0;1;1;0;0;No internet service;No internet service;No internet service;Two year;0;Bank transfer (automatic);203;140115;329;139894;0,01;3,5;0,05;Platinum;48;Urban;19;0
5423-BHIXO;Female;0;0;1;1;DSL;0;1;0;Month-to-month;1;Electronic check;542;17396;131;131444;0,23;4,9;0,19;Silver;40;Suburban;47;1
6908-VVYHM;Male;0;1;1;1;Fiber optic;0;1;0;Month-to-month;1;Electronic check;9065;59310;140;245341;0,13;3,6;0,13;Silver;50;Urban;9;0
2959-EEXWB;Female;0;1;0;No phone service;DSL;1;0;0;Month-to-month;1;Bank transfer (automatic);509;233385;264;141748;0,03;3,7;0,59;Platinum;25;Urban;25;1
1839-UMACK;Male;0;0;1;1;0;No internet service;No internet service;No internet service;One year;0;Electronic check;2505;94985;218;121190;0,03;3,4;0,51;Bronze;33;Urban;45;1
3030-YDNRM;Male;0;0;1;1;Fiber optic;0;0;0;Month-to-month;1;Electronic check;7485;57245;25;120318;0,26;4,6;0,69;Gold;32;Urban;17;1
7321-KKSDU;Male;0;0;1;0;0;No internet service;No internet service;No internet service;Two year;0;Mailed check;205;6968;189;248090;0,14;3,6;0,31;Gold;43;Urban;44;0
3402-XRIUO;Female;1;1;1;1;DSL;1;1;0;Month-to-month;1;Mailed check;6355;13818;96;204078;0,25;3,7;0,04;Bronze;31;Suburban;58;1
3132-TVFDZ;Male;1;1;0;No phone service;DSL;0;0;0;Month-to-month;1;Electronic check;4485;257295;246;119759;0,25;3,8;0,02;Bronze;29;Rural;44;1
8286-AFUYI;Male;0;0;1;0;DSL;1;0;0;Month-to-month;0;Electronic check;4795;4795;4;96498;0,27;3,9;0,61;Platinum;44;Urban;57;1
8080-DDEMJ;Male;1;0;1;0;DSL;0;0;0;Month-to-month;0;Electronic check;451;451;5;105989;0,09;3,8;0,42;Silver;48;Urban;14;0
8356-WUAOJ;Female;0;1;1;0;DSL;0;0;0;Month-to-month;1;Electronic check;450;450;4;236640;0,28;4;0,92;Bronze;21;Suburban;35;1
6365-MTGZX;Male;0;0;1;0;Fiber optic;0;0;0;Month-to-month;1;Electronic check;960;212245;60;197035;0,05;4,6;0,64;Silver;47;Urban;17;0
1349-WXNGG;Male;0;0;1;0;0;No internet service;No internet service;No internet service;Month-to-month;0;Bank transfer (automatic);2005;2005;3;146577;0,02;4,6;0,04;Silver;21;Urban;30;1
8058-DMYRU;Male;1;0;1;1;Fiber optic;0;1;0;Month-to-month;1;Electronic check;9005;49318;308;185231;0,13;4,6;0,26;Gold;48;Urban;14;0
9350-ZXYJC;Female;0;0;1;1;0;No internet service;No internet service;No internet service;Two year;1;Credit card (automatic);253;11695;11;241171;0,25;3,2;0,91;Platinum;51;Urban;37;1
6990-YNRIO;Male;0;1;1;1;Fiber optic;1;0;1;Two year;0;Bank transfer (automatic);10865;693795;226;169900;0,14;4,6;0,02;Platinum;21;Suburban;28;0
8958-JPTRR;Female;0;1;1;1;0;No internet service;No internet service;No internet service;One year;0;Electronic check;243;12617;208;184679;0,25;3,2;0,33;Platinum;37;Rural;41;1
6959-GQEGV;Male;0;0;1;0;DSL;1;0;1;Month-to-month;1;Electronic check;7595;32738;169;103482;0,22;3,2;0,94;Bronze;35;Urban;14;1
3173-WSSUE;Female;0;1;1;0;0;No internet service;No internet service;No internet service;Two year;0;Credit card (automatic);197;141585;316;149212;0,06;4,9;0,65;Gold;25;Urban;56;1
1265-HVPZB;Male;0;1;1;0;DSL;1;1;1;One year;0;Credit card (automatic);664;39582;340;110048;0,28;4,6;0,53;Bronze;19;Urban;0;1
4115-UMJFQ;Male;0;0;0;No phone service;DSL;0;1;1;One year;1;Bank transfer (automatic);3575;249225;204;214137;0,02;4,1;0,02;Bronze;26;Urban;36;0
7369-TRPFD;Male;0;0;1;0;0;No internet service;No internet service;No internet service;One year;0;Mailed check;188;2792;47;213108;0,27;4,7;0,83;Gold;33;Rural;40;1
1098-KFQEC;Female;0;1;1;0;0;No internet service;No internet service;No internet service;Two year;0;Credit card (automatic);194;10830;153;115814;0,09;5;0,02;Silver;39;Urban;58;1
7190-XHTWJ;Female;0;0;1;0;0;No internet service;No internet service;No internet service;One year;0;Mailed check;193;7555;210;227996;0,15;4,2;0,25;Platinum;29;Urban;22;0
0621-TWIEM;Male;0;0;1;0;DSL;0;0;0;Month-to-month;1;Electronic check;4555;4026;45;209493;0,13;4,2;0,19;Bronze;22;Urban;45;0
3537-RYBHH;Female;1;1;1;1;DSL;1;1;1;Month-to-month;1;Credit card (automatic);6745;32520;147;140204;0,05;4,5;0,16;Gold;32;Urban;10;0
2485-ITVKB;Female;0;1;0;No phone service;DSL;0;0;0;Month-to-month;1;Electronic check;351;6875;10;112844;0,11;3,5;0,95;Bronze;25;Urban;37;0
3669-OYSJI;Male;0;0;1;0;DSL;0;0;0;Month-to-month;0;Credit card (automatic);462;462;5;161943;0,06;3,3;0,06;Bronze;41;Urban;15;1
1612-EOHDH;Female;0;0;1;0;DSL;0;0;0;Month-to-month;0;Electronic check;4515;4515;5;101518;0,06;4,5;0,64;Silver;36;Suburban;54;1
6702-OHFWR;Male;1;0;0;No phone service;DSL;0;1;1;Month-to-month;1;Electronic check;433;433;5;228131;0,06;3,7;0,95;Bronze;54;Urban;29;0
5296-BFCYD;Male;0;1;1;0;0;No internet service;No internet service;No internet service;Two year;1;Mailed check;201;93685;138;103052;0,15;3,3;0,23;Silver;35;Suburban;28;1
4510-PYUSH;Female;1;0;1;0;DSL;1;1;0;Month-to-month;1;Credit card (automatic);5715;225065;190;149803;0,24;3,6;0,01;Platinum;38;Suburban;40;1
9359-JANWS;Female;0;1;1;0;DSL;1;0;1;Two year;0;Credit card (automatic);589;38571;249;151524;0,17;3,7;0,06;Silver;31;Suburban;2;0
7517-SAWMO;Female;0;1;1;0;Fiber optic;1;0;0;Month-to-month;1;Electronic check;732;14411;101;169572;0,27;4,9;0,51;Bronze;32;Urban;39;1
4143-HHPMK;Male;0;0;1;0;Fiber optic;0;1;0;Month-to-month;1;Electronic check;8535;43386;255;219752;0,19;4,4;0,48;Bronze;20;Suburban;16;0
3279-DYZQM;Male;0;1;1;0;0;No internet service;No internet service;No internet service;Two year;0;Mailed check;1945;137845;362;147021;0,21;4,1;0,06;Silver;28;Suburban;25;1
7054-LGEQW;Female;0;0;1;0;DSL;0;0;0;Month-to-month;0;Mailed check;4595;4595;4;100043;0,02;4,9;0,45;Silver;20;Urban;53;1
0523-VNGTF;Female;1;0;0;No phone service;DSL;0;1;1;Month-to-month;1;Electronic check;505;25663;140;82419;0,13;4,8;0,29;Silver;47;Suburban;8;0
9575-IWCAZ;Male;0;1;1;1;0;No internet service;No internet service;No internet service;One year;0;Mailed check;251;1710;25;201831;0,21;4;0,27;Bronze;23;Urban;16;1
7105-MXJLL;Female;1;1;1;0;DSL;0;0;1;One year;0;Mailed check;607;15974;154;181799;0,02;4,8;0,22;Gold;23;Suburban;36;0
7064-FRRSW;Male;1;0;1;1;Fiber optic;0;1;0;One year;1;Electronic check;990;474435;275;228212;0,26;3,8;0,33;Bronze;48;Urban;55;1
7940-UQQUG;Female;0;1;1;1;Fiber optic;1;0;0;One year;1;Bank transfer (automatic);1044;67216;139;137600;0,23;3,5;0,35;Silver;39;Suburban;30;1
0923-PNFUB;Female;0;0;1;0;Fiber optic;0;1;0;Month-to-month;0;Electronic check;8375;24725;7;196467;0,07;3,5;0,31;Silver;38;Urban;57;1
3961-SXAXY;Male;0;0;1;0;DSL;0;0;0;Month-to-month;1;Bank transfer (automatic);4405;4405;2;158497;0,23;4,3;0,98;Bronze;23;Urban;30;1
7010-BRBUU;Male;0;1;1;1;0;No internet service;No internet service;No internet service;Two year;0;Credit card (automatic);241;173465;353;188611;0;4;0,93;Gold;46;Urban;10;0
3566-HJGPK;Male;0;0;1;0;DSL;0;0;0;Month-to-month;1;Mailed check;4555;4555;5;217559;0,07;4,3;0,57;Silver;28;Urban;37;0
3062-ICYZQ;Female;0;1;1;1;Fiber optic;1;1;0;Month-to-month;1;Electronic check;938;453935;145;140692;0,02;4,4;0,98;Silver;39;Rural;21;0
9938-PRCVK;Female;0;1;1;0;0;No internet service;No internet service;No internet service;Two year;0;Bank transfer (automatic);197;80425;164;142112;0,23;3;0,99;Silver;23;Urban;45;1
0973-KYVNF;Female;0;1;1;0;DSL;1;1;1;Two year;1;Credit card (automatic);7065;501115;386;242182;0,23;3,1;0,36;Platinum;47;Urban;2;1
5129-HHMZC;Female;0;1;1;1;DSL;1;1;0;Two year;0;Credit card (automatic);8645;35745;212;96360;0,24;4,1;0,45;Silver;42;Suburban;55;1
9637-CDTKZ;Male;0;1;1;1;Fiber optic;1;1;1;Two year;1;Credit card (automatic);1141;80864;300;163038;0;3,4;0,96;Bronze;53;Urban;48;1
3946-JEWRQ;Male;0;1;1;1;Fiber optic;0;0;0;One year;1;Credit card (automatic);952;45630;204;83017;0,15;4,3;0,61;Bronze;18;Urban;27;0
7873-CVMAW;Male;0;0;1;1;DSL;1;1;1;Two year;0;Credit card (automatic);8855;636235;290;166261;0,21;4,1;0,21;Bronze;39;Urban;31;1
0463-WZZKO;Male;0;0;1;0;0;No internet service;No internet service;No internet service;Month-to-month;1;Credit card (automatic);2075;671;9;146320;0,05;4,2;0,69;Bronze;26;Suburban;3;0
3494-JCHRQ;Male;0;0;1;0;Fiber optic;0;0;0;Month-to-month;1;Electronic check;7005;7005;4;111127;0,19;3,6;0,21;Platinum;25;Rural;39;1
6474-FVJLC;Male;0;0;1;1;Fiber optic;0;0;0;Month-to-month;1;Electronic check;860;16545;9;214268;0,03;4,3;0,34;Silver;51;Suburban;37;0
4524-QCSSM;Male;0;0;0;No phone service;DSL;1;1;0;Month-to-month;1;Bank transfer (automatic);4465;115655;142;155088;0,05;4,7;0,23;Gold;33;Rural;10;0
5832-EXGTT;Male;0;1;1;0;DSL;1;0;0;Month-to-month;1;Mailed check;602;183415;131;111921;0,14;5;0,24;Bronze;36;Urban;56;1
8840-DQLGN;Female;1;1;1;1;Fiber optic;1;1;0;Month-to-month;1;Bank transfer (automatic);1005;365335;176;84746;0,02;4,7;0;Silver;25;Rural;0;0
2039-JONDJ;Male;0;0;1;0;DSL;1;1;0;One year;0;Bank transfer (automatic);5545;147765;71;148535;0,04;4,1;0,88;Platinum;29;Urban;46;1
7217-JYHOQ;Male;0;1;1;0;DSL;1;1;0;Month-to-month;1;Credit card (automatic);703;170645;92;145350;0,06;3,4;0,03;Bronze;48;Urban;15;1
6695-FRVEC;Male;0;1;1;0;DSL;1;0;1;Two year;1;Bank transfer (automatic);604;39537;136;161131;0,06;4,4;0,09;Silver;50;Urban;33;0
4547-LYTDD;Female;0;0;1;1;Fiber optic;0;0;0;Month-to-month;0;Electronic check;7265;11943;47;102063;0,07;4,9;0,09;Platinum;36;Urban;44;0
9894-QMIMJ;Female;0;0;1;0;DSL;0;1;1;One year;0;Bank transfer (automatic);558;132785;112;197116;0,07;3,4;0,56;Platinum;44;Suburban;31;1
8069-YQQAJ;Male;0;0;0;No phone service;DSL;0;1;0;Month-to-month;1;Mailed check;311;4197;83;168913;0,12;3,5;0,99;Gold;41;Urban;43;0
6770-XUAGN;Female;0;1;1;0;0;No internet service;No internet service;No internet service;Month-to-month;1;Electronic check;210;210;2;158946;0,02;3,3;0,15;Gold;45;Suburban;45;1
4193-ORFCL;Female;1;0;1;0;DSL;0;0;0;Month-to-month;0;Mailed check;451;451;3;214670;0,13;4,5;0,01;Silver;21;Urban;32;1
1636-NTNCO;Male;1;0;0;No phone service;DSL;0;1;0;Month-to-month;1;Credit card (automatic);5095;20735;20;90564;0,23;3,8;0,44;Bronze;29;Urban;10;1
3466-WAESX;Male;0;0;1;1;DSL;1;1;0;Month-to-month;1;Electronic check;691;10837;45;129725;0,22;3,1;0,56;Gold;40;Urban;35;1
9281-PKKZE;Female;0;1;0;No phone service;DSL;0;0;0;Month-to-month;1;Electronic check;4395;200785;194;166134;0,04;4,7;0,29;Platinum;37;Urban;12;0
3638-VBZTA;Male;0;0;1;1;DSL;1;1;0;Two year;1;Bank transfer (automatic);865;588275;335;185940;0,01;4,1;0,03;Silver;45;Rural;56;1
7459-IMVYU;Male;0;0;1;1;DSL;1;1;1;Month-to-month;0;Electronic check;6995;265755;169;142085;0,26;3,7;0,42;Bronze;18;Suburban;19;1
7776-QWNFX;Male;1;1;1;0;DSL;0;1;0;Month-to-month;1;Bank transfer (automatic);504;15275;82;97862;0,02;3,7;0,31;Silver;28;Urban;24;0
6689-TCZHQ;Female;1;0;1;0;Fiber optic;0;0;0;Month-to-month;0;Electronic check;7895;3784;17;90265;0,04;3,6;0,92;Silver;48;Urban;5;0
8563-OYMQY;Male;0;0;1;0;Fiber optic;0;1;1;Month-to-month;1;Credit card (automatic);9095;16122;87;220777;0,01;3,9;0,04;Bronze;26;Urban;36;0
0754-EEBDC;Male;0;1;1;0;0;No internet service;No internet service;No internet service;Two year;0;Mailed check;199;7665;16;142471;0,19;3,7;0,23;Gold;23;Urban;25;0
5777-ZPQNC;Female;0;0;1;0;0;No internet service;No internet service;No internet service;One year;0;Electronic check;2015;2607;24;171080;0,17;4,1;0,81;Silver;23;Suburban;3;0
1951-IEYXM;Male;0;1;1;1;DSL;1;1;1;Two year;1;Credit card (automatic);906;644185;363;135828;0,03;4,5;0,83;Silver;20;Urban;44;1
3318-NMQXL;Male;0;0;1;0;Fiber optic;0;0;0;Month-to-month;1;Electronic check;920;2668;6;196884;0,27;4,3;0,11;Bronze;49;Urban;25;1
3143-ILDAL;Male;0;0;1;1;Fiber optic;0;1;0;Month-to-month;1;Electronic check;9445;51246;279;188007;0,12;3,6;0,97;Bronze;52;Suburban;17;0
1022-RKXDR;Female;0;0;1;1;0;No internet service;No internet service;No internet service;One year;1;Mailed check;2485;96225;115;126104;0,11;4,1;0,69;Silver;33;Urban;12;0
2361-FJWNO;Male;0;0;0;No phone service;DSL;0;1;0;One year;0;Credit card (automatic);360;13829;233;120934;0,09;4,7;0,27;Silver;19;Suburban;7;0
2272-UOINI;Female;0;0;1;0;DSL;1;1;0;Month-to-month;1;Electronic check;785;57105;24;194420;0,05;3,1;0,46;Bronze;53;Suburban;50;1
8232-UTFOZ;Male;0;0;1;0;0;No internet service;No internet service;No internet service;Two year;0;Credit card (automatic);1995;139935;228;86050;0,04;3,2;0,03;Bronze;24;Urban;46;1
3750-YHRYO;Male;0;1;1;0;0;No internet service;No internet service;No internet service;One year;0;Mailed check;2065;1500;18;88484;0,04;4,1;0,15;Bronze;52;Suburban;32;0
6637-KYRCV;Female;0;1;0;No phone service;DSL;0;1;0;Month-to-month;1;Electronic check;305;1672;16;142648;0,03;4,3;0,29;Silver;47;Suburban;42;0
5668-MEISB;Female;0;1;1;1;Fiber optic;1;1;1;Two year;0;Credit card (automatic);1061;76574;396;139945;0,07;3,4;0,58;Platinum;46;Urban;15;1
0129-QMPDR;Male;0;1;1;0;0;No internet service;No internet service;No internet service;One year;1;Bank transfer (automatic);205;86505;263;111323;0,09;4,5;0,83;Gold;18;Urban;41;0
7188-CBBBA;Female;0;0;1;1;Fiber optic;0;1;1;One year;1;Electronic check;955;615385;225;166332;0,29;4,3;0,36;Gold;18;Urban;38;1
5356-CSVSQ;Female;0;0;1;1;DSL;0;0;0;Month-to-month;0;Electronic check;646;1742;11;174605;0,17;4,8;0,35;Silver;24;Rural;30;0
3221-CJMSG;Male;0;0;1;0;DSL;0;0;0;Month-to-month;1;Credit card (automatic);511;12696;117;246433;0,03;3,3;0,47;Silver;20;Urban;39;1
4720-VSTSI;Female;0;0;1;1;Fiber optic;0;1;1;Month-to-month;1;Bank transfer (automatic);848;386255;243;90315;0,11;4,5;0,64;Bronze;53;Urban;22;0
3219-JQRSL;Female;1;1;1;1;DSL;1;1;1;Two year;0;Credit card (automatic);891;63524;314;127968;0,14;3,2;0,75;Gold;48;Urban;51;1
2801-NISEI;Male;0;0;1;0;DSL;1;0;0;Month-to-month;0;Electronic check;5495;13485;85;237591;0,01;4,1;0,33;Silver;42;Urban;15;0
3946-MHCZW;Male;0;0;1;0;DSL;0;0;1;Month-to-month;0;Mailed check;509;509;3;89107;0,05;4,1;0,59;Gold;41;Urban;55;1
4623-ZKHLY;Male;0;1;1;0;0;No internet service;No internet service;No internet service;Month-to-month;1;Bank transfer (automatic);2045;47155;105;135781;0,04;3,8;0,39;Silver;18;Urban;9;0
6732-VAILE;Male;0;1;1;1;DSL;0;1;1;Two year;1;Credit card (automatic);8595;593175;140;83869;0,28;4,7;0,72;Bronze;48;Urban;35;1
8201-AAXCB;Male;0;1;1;1;DSL;0;0;0;Month-to-month;0;Electronic check;6035;140465;111;160983;0,03;3;0,16;Bronze;54;Suburban;30;1
7696-CFTAT;Male;0;1;1;0;0;No internet service;No internet service;No internet service;Two year;0;Bank transfer (automatic);198;7261;126;238442;0,01;4;0,26;Gold;28;Suburban;43;0
1845-CSBRZ;Female;1;1;1;1;Fiber optic;0;0;0;Month-to-month;0;Bank transfer (automatic);8535;19616;113;87971;0,05;3,4;0,43;Bronze;20;Urban;31;1
2123-VSCOT;Female;0;1;1;1;DSL;0;0;1;Two year;1;Bank transfer (automatic);721;419485;139;176805;0,13;4,5;0,89;Bronze;29;Suburban;20;0
6651-AZVTJ;Male;0;1;1;1;Fiber optic;0;0;1;Month-to-month;1;Electronic check;998;487245;213;105651;0,06;3,1;0,57;Platinum;37;Urban;15;1
4566-GOLUK;Male;0;1;1;1;Fiber optic;0;0;1;Month-to-month;1;Bank transfer (automatic);10735;511895;184;136974;0,11;4,7;0,97;Silver;47;Suburban;55;1
2484-DGXPZ;Female;0;1;1;0;0;No internet service;No internet service;No internet service;Month-to-month;1;Mailed check;1955;65895;141;103446;0,04;4,7;0,01;Bronze;27;Urban;28;0
2018-QKYGT;Male;0;1;1;0;Fiber optic;0;0;0;Month-to-month;1;Electronic check;8105;8105;2;249180;0,14;4,7;0,46;Bronze;32;Urban;49;1
2792-VPPET;Male;0;0;1;0;0;No internet service;No internet service;No internet service;Month-to-month;1;Electronic check;205;7695;12;83823;0,08;3,3;0,42;Bronze;38;Urban;47;1
7409-JURKQ;Female;0;1;1;1;Fiber optic;0;1;1;One year;1;Bank transfer (automatic);1118;580975;225;224526;0,11;4,3;0,06;Silver;35;Urban;44;0
3247-MHJKM;Male;0;0;1;0;0;No internet service;No internet service;No internet service;Month-to-month;0;Mailed check;202;202;4;215004;0,03;3;0,81;Gold;49;Suburban;15;1
1964-SVLEA;Male;0;0;1;0;0;No internet service;No internet service;No internet service;One year;1;Mailed check;197;4159;88;221292;0,13;4,7;0,84;Bronze;36;Urban;57;1
4587-NUKOX;Female;0;0;1;0;Fiber optic;1;1;0;Month-to-month;1;Electronic check;791;2465;14;147965;0,29;4,4;0,67;Gold;47;Urban;14;1
7297-DVYGA;Female;0;0;1;0;0;No internet service;No internet service;No internet service;One year;1;Bank transfer (automatic);1985;99695;266;239280;0,01;4,1;0,64;Bronze;50;Rural;7;0
2239-CGBUZ;Female;0;1;1;0;DSL;1;1;0;One year;1;Bank transfer (automatic);605;314515;157;90510;0,26;4,5;0,95;Bronze;39;Suburban;14;1
0854-UYHZD;Female;0;1;1;0;0;No internet service;No internet service;No internet service;Two year;0;Mailed check;1955;2653;68;221609;0,25;3,2;0,38;Platinum;46;Urban;20;1
7243-LCGGZ;Female;0;0;1;0;0;No internet service;No internet service;No internet service;Month-to-month;0;Mailed check;209;209;3;185935;0,29;4,1;0,83;Bronze;41;Urban;20;1
8267-KFGYD;Male;0;0;1;0;0;No internet service;No internet service;No internet service;Month-to-month;1;Mailed check;2105;2105;2;149134;0,24;3,6;0,92;Gold;21;Suburban;6;1
4890-VMUAV;Male;0;0;1;1;DSL;1;1;1;One year;0;Electronic check;715;45763;140;152254;0,02;4,9;0,49;Gold;29;Urban;51;1
9261-WDCAF;Male;0;0;1;0;DSL;0;0;0;Month-to-month;0;Mailed check;5465;1891;10;224854;0,26;4,7;0,73;Bronze;53;Suburban;18;1
3764-MNMOI;Male;0;0;1;0;0;No internet service;No internet service;No internet service;Two year;0;Credit card (automatic);192;90815;236;194780;0,02;4,5;0,38;Silver;21;Suburban;21;0
7442-YGZFK;Male;0;0;1;1;DSL;0;0;0;Month-to-month;1;Credit card (automatic);498;498;4;205544;0,14;4,9;0,16;Silver;22;Urban;45;1
0420-BWTPW;Male;0;0;0;No phone service;DSL;0;0;0;Month-to-month;0;Mailed check;255;2152;41;145587;0,03;3,7;0,59;Platinum;36;Rural;37;1
8229-BUJHX;Female;0;1;1;0;0;No internet service;No internet service;No internet service;Two year;0;Bank transfer (automatic);205;150095;288;162238;0,23;4,8;0,02;Silver;48;Urban;12;1
7449-HVPIV;Male;0;1;1;1;Fiber optic;0;0;1;Month-to-month;1;Credit card (automatic);904;509915;206;155720;0,29;3,7;0,46;Silver;24;Suburban;25;1
5504-WSIUR;Female;0;0;1;1;Fiber optic;0;1;1;One year;1;Bank transfer (automatic);9025;638595;181;158004;0,23;4,5;0,87;Bronze;29;Urban;43;1
8183-ONMXC;Female;0;0;1;0;Fiber optic;0;0;0;Month-to-month;0;Electronic check;8075;15945;6;102072;0,26;4,5;0,09;Silver;27;Suburban;21;1
8466-PZBLH;Male;0;1;1;1;Fiber optic;1;0;0;Two year;0;Bank transfer (automatic);1046;688575;250;161015;0,21;3;0,03;Bronze;46;Rural;6;1
9614-RMGHA;Male;0;1;1;1;Fiber optic;0;1;0;Month-to-month;1;Bank transfer (automatic);9185;594085;153;152746;0,23;3,7;0,61;Bronze;38;Urban;51;1
8735-IJJEG;Male;0;1;1;0;DSL;0;0;1;Month-to-month;0;Credit card (automatic);502;66885;40;182260;0,16;3;0,33;Platinum;30;Suburban;34;1
0564-MUUQK;Female;0;1;1;1;Fiber optic;0;0;1;Month-to-month;1;Bank transfer (automatic);955;19162;87;217129;0,28;5;0,42;Bronze;40;Urban;2;1
5054-IEXZT;Male;0;0;1;0;Fiber optic;0;1;0;Month-to-month;1;Electronic check;7535;7535;4;208259;0,25;3,2;0,41;Bronze;23;Suburban;34;1
5834-ASPWA;Male;0;0;1;1;Fiber optic;0;0;0;Month-to-month;1;Electronic check;7545;7545;5;110916;0,25;4,1;0,09;Silver;48;Suburban;46;1
0701-RFGFI;Female;0;1;1;1;Fiber optic;0;0;0;Month-to-month;1;Bank transfer (automatic);954;461395;280;107268;0,02;4,6;0;Gold;26;Rural;15;0
0019-EFAEP;Female;0;0;1;1;Fiber optic;1;1;1;Two year;1;Bank transfer (automatic);1013;726125;329;103259;0,09;3,4;0,09;Bronze;41;Rural;44;1
5619-PTMIK;Female;0;1;1;1;DSL;1;0;0;Month-to-month;0;Electronic check;531;24598;169;159400;0,01;4;0,22;Bronze;33;Urban;15;0
3737-XBQDD;Male;0;0;1;1;Fiber optic;0;1;1;Month-to-month;1;Bank transfer (automatic);8485;20488;109;114293;0,28;4,2;0,43;Bronze;28;Urban;1;1
5882-CMAZQ;Female;0;1;0;No phone service;DSL;0;1;0;Month-to-month;0;Electronic check;3425;16355;25;191581;0,18;3,3;0,97;Bronze;53;Rural;37;1
5846-QFDFI;Female;0;1;1;1;Fiber optic;0;1;1;Month-to-month;0;Credit card (automatic);886;28887;81;87043;0,09;4,6;0,83;Silver;18;Suburban;16;0
4445-KWOKW;Female;0;0;1;1;DSL;1;1;0;One year;1;Bank transfer (automatic);6015;24216;152;187009;0,04;3,6;0,11;Silver;38;Urban;37;0
3511-APPBJ;Male;0;0;1;0;Fiber optic;1;0;1;One year;1;Credit card (automatic);9995;229275;123;118893;0,25;3,4;0,51;Silver;53;Urban;23;1
7967-HYCDE;Male;0;0;1;0;Fiber optic;0;0;0;Month-to-month;0;Bank transfer (automatic);707;5534;28;241940;0,25;4,1;0,73;Silver;54;Urban;21;1
2430-RRYUW;Male;0;0;1;0;DSL;1;1;0;One year;1;Mailed check;548;34657;282;106309;0,24;3,8;0,07;Gold;23;Suburban;49;1
3948-XHGNA;Male;0;0;1;0;DSL;1;0;0;Month-to-month;1;Bank transfer (automatic);4955;12104;104;103284;0,19;4,8;0,76;Silver;31;Suburban;22;0
3723-BFBGR;Male;1;0;1;1;DSL;0;1;0;Month-to-month;0;Credit card (automatic);548;12913;65;206801;0,11;4,8;0,46;Platinum;46;Urban;43;0
0565-IYCGT;Male;0;0;1;1;DSL;1;1;1;One year;1;Credit card (automatic);786;535645;237;193259;0,09;4;0,18;Silver;18;Urban;18;0
5447-WZAFP;Female;0;0;1;0;Fiber optic;0;1;1;One year;1;Mailed check;1003;52008;176;180804;0;3,7;0,46;Gold;25;Suburban;56;1
5110-CHOPY;Female;0;0;0;No phone service;DSL;1;0;1;Two year;0;Electronic check;536;323705;126;149000;0,25;3,7;0,65;Silver;36;Rural;43;1
5445-UTODQ;Female;0;1;1;0;Fiber optic;0;0;0;Month-to-month;1;Electronic check;811;57665;14;164179;0,03;3,5;0,61;Silver;40;Urban;58;1
4425-OWHWB;Female;0;0;1;0;0;No internet service;No internet service;No internet service;One year;1;Credit card (automatic);1935;43375;106;145049;0,19;4,1;0,07;Gold;28;Rural;55;1
7892-QVYKW;Female;0;1;1;1;Fiber optic;0;0;0;Month-to-month;0;Electronic check;856;18684;71;109265;0,15;4,6;0,06;Bronze;44;Urban;21;0
9675-ICXCT;Male;0;1;1;0;DSL;1;0;1;Two year;1;Electronic check;808;572855;293;103880;0,16;3,6;0,97;Silver;53;Suburban;16;0
1024-VRZHF;Male;0;1;1;1;Fiber optic;0;0;0;Month-to-month;1;Electronic check;7495;8257;35;164579;0,28;3,4;0,15;Gold;37;Suburban;1;1
4703-MQYKT;Male;0;0;1;0;0;No internet service;No internet service;No internet service;Two year;0;Mailed check;196;3904;121;211327;0,01;4;0,29;Gold;25;Rural;13;0
9497-QCMMS;Male;1;0;1;1;Fiber optic;0;0;0;Month-to-month;1;Electronic check;9355;9355;3;212574;0,23;3,1;0,77;Silver;53;Suburban;27;1
5692-ICXLW;Male;1;0;1;1;Fiber optic;0;1;0;Month-to-month;1;Electronic check;907;284515;115;145424;0,02;4,4;0,41;Silver;43;Urban;12;0
0602-DDUML;Female;0;0;1;0;DSL;0;1;1;Two year;0;Mailed check;6975;38944;312;150966;0,01;4;0,18;Bronze;52;Rural;55;1
2208-MPXIO;Female;0;1;1;0;0;No internet service;No internet service;No internet service;Two year;1;Bank transfer (automatic);200;8864;241;238497;0,13;4;0,47;Platinum;20;Suburban;37;0
1960-UYCNN;Male;0;0;1;1;Fiber optic;0;1;1;Month-to-month;1;Electronic check;9525;102155;27;147396;0,02;3,6;0,57;Bronze;21;Urban;16;0
0348-SDKOL;Female;0;1;1;1;Fiber optic;0;0;1;Month-to-month;1;Credit card (automatic);1021;58854;302;151694;0,24;4,8;0,45;Gold;46;Urban;8;1
3190-FZATL;Male;0;0;1;0;0;No internet service;No internet service;No internet service;Month-to-month;0;Mailed check;1995;2684;53;216878;0,16;3,2;0,92;Bronze;45;Urban;39;1
7336-RLLRH;Male;0;1;1;1;DSL;1;0;0;One year;0;Mailed check;8085;220435;106;97106;0,01;4,7;0,28;Bronze;36;Suburban;13;0
4373-MAVJG;Female;0;1;1;1;Fiber optic;0;1;0;Month-to-month;1;Bank transfer (automatic);909;12590;35;136731;0,01;3,8;0,66;Bronze;45;Suburban;1;0
8901-HJXTF;Female;0;1;0;No phone service;DSL;0;1;0;Month-to-month;0;Mailed check;292;3091;27;155010;0,18;4,8;0,11;Silver;35;Urban;41;0
7710-JSYOA;Female;0;1;1;1;Fiber optic;0;1;0;Two year;1;Bank transfer (automatic);933;639805;338;112599;0,24;4,5;0,39;Bronze;31;Urban;59;1
5419-KLXBN;Female;0;1;1;0;Fiber optic;0;1;1;Month-to-month;1;Bank transfer (automatic);8915;225775;99;151326;0,13;3,2;0,74;Bronze;31;Urban;20;1
3424-NMNBO;Male;1;1;1;1;Fiber optic;1;1;1;One year;1;Electronic check;10885;628725;217;155706;0,17;4,7;0,22;Bronze;46;Urban;34;0
9885-MFVSU;Female;0;1;0;No phone service;DSL;1;0;0;Two year;1;Credit card (automatic);4635;166205;172;89004;0,24;4,4;0,59;Bronze;20;Urban;29;1
4514-GFCFI;Female;1;0;1;1;Fiber optic;0;0;0;Month-to-month;1;Electronic check;8475;135015;80;195018;0,18;3,1;0,15;Bronze;51;Rural;16;1
0607-MVMGC;Male;0;1;1;1;DSL;0;1;1;One year;0;Credit card (automatic);7875;360065;118;105792;0,07;3,3;0,01;Bronze;26;Suburban;38;1
3365-SAIGS;Female;0;0;1;0;Fiber optic;0;1;0;Month-to-month;1;Electronic check;8355;132915;75;134645;0,18;4,3;0,52;Gold;22;Urban;24;0
9828-AOQLM;Female;0;1;1;0;DSL;0;0;0;Month-to-month;1;Electronic check;457;457;2;87232;0,19;4,3;0,68;Silver;46;Urban;43;1
8022-BECSI;Male;0;0;1;0;0;No internet service;No internet service;No internet service;One year;0;Mailed check;196;4225;110;134766;0,22;4,5;0,11;Silver;22;Urban;58;1
8000-REIQB;Female;1;0;1;0;Fiber optic;0;0;0;Month-to-month;1;Electronic check;6995;6995;4;200601;0,19;4,4;0,92;Platinum;30;Urban;38;1
9993-LHIEB;Male;0;1;1;0;DSL;1;0;1;Two year;0;Mailed check;6785;462765;390;161588;0,29;4,3;0,23;Silver;43;Rural;34;1
0266-CLZKZ;Female;0;1;1;1;Fiber optic;0;0;1;Two year;1;Bank transfer (automatic);10565;67179;152;85913;0,06;4,5;0,12;Platinum;26;Urban;5;0
7615-ESMYF;Female;0;1;0;No phone service;DSL;0;0;0;Month-to-month;0;Electronic check;446;971;4;192406;0,29;4,2;0,02;Bronze;21;Urban;2;1
3858-VOBET;Male;0;0;1;1;Fiber optic;0;0;0;Month-to-month;1;Electronic check;7495;171045;71;193693;0,16;3,5;0,17;Silver;48;Suburban;35;0
7020-OZKXZ;Female;1;0;1;0;Fiber optic;0;0;1;Month-to-month;0;Credit card (automatic);755;6374;27;173449;0,02;4,8;0,09;Bronze;22;Urban;47;1
3977-QCRSL;Female;0;0;1;0;0;No internet service;No internet service;No internet service;Month-to-month;0;Mailed check;2015;11795;14;90567;0,03;3;0,08;Silver;24;Urban;46;1
0017-DINOC;Male;0;0;0;No phone service;DSL;1;0;0;Two year;0;Credit card (automatic);452;246055;303;118379;0,11;3,7;0,05;Silver;45;Urban;0;0
1447-PJGGA;Female;0;0;1;0;Fiber optic;0;0;1;Two year;1;Electronic check;9525;546465;170;80319;0,23;4,5;0,39;Bronze;31;Urban;33;1
8565-CLBZW;Male;0;0;1;1;Fiber optic;0;0;1;Month-to-month;1;Mailed check;8985;216505;74;170005;0,21;3,9;0,95;Gold;41;Urban;0;1
9139-WQQDY;Female;0;1;1;1;Fiber optic;0;1;0;One year;0;Mailed check;10045;49418;246;190990;0,01;3;0,37;Silver;22;Rural;25;1
0224-HJAPT;Male;0;0;1;1;DSL;0;0;0;Month-to-month;0;Electronic check;4715;22315;18;84791;0,16;3,1;0,17;Bronze;51;Suburban;17;1
8086-OVPWV;Male;0;0;1;0;Fiber optic;0;0;0;Month-to-month;1;Electronic check;802;1811;10;211401;0,03;4,3;0,27;Silver;45;Suburban;35;0
9430-FRQOC;Female;0;0;1;1;Fiber optic;0;0;1;Month-to-month;1;Mailed check;871;34145;9;141032;0,03;4,9;0,24;Gold;25;Suburban;5;1
7639-OPLNG;Male;0;1;1;1;DSL;1;1;1;Two year;1;Bank transfer (automatic);7925;573185;276;168662;0,27;4,1;0,05;Bronze;38;Suburban;10;1
3074-GQWYX;Male;0;0;1;1;Fiber optic;0;0;0;Month-to-month;1;Bank transfer (automatic);759;35775;10;101300;0,01;4;0,29;Bronze;41;Urban;43;0
1492-QGCLU;Male;0;1;1;1;DSL;1;0;1;Month-to-month;0;Electronic check;857;46161;119;155700;0,26;3,6;0,52;Gold;41;Suburban;39;1
6845-RGTYS;Female;0;1;1;1;Fiber optic;1;1;1;Month-to-month;1;Electronic check;9875;45337;264;135609;0,28;3,5;0,67;Platinum;30;Urban;29;1
7328-OWMOM;Female;0;0;1;0;0;No internet service;No internet service;No internet service;One year;0;Credit card (automatic);201;58925;79;170045;0,11;3;0,78;Bronze;32;Urban;13;1
4418-LZMSV;Male;0;1;1;0;DSL;0;1;1;Month-to-month;0;Bank transfer (automatic);618;7501;53;141901;0,22;3,5;0,71;Platinum;42;Suburban;9;1
5155-AZQPB;Female;0;1;1;1;DSL;0;0;0;Month-to-month;0;Mailed check;499;141025;102;85703;0,13;3,9;0,21;Bronze;45;Suburban;56;1
8861-HGGKB;Female;0;0;1;1;Fiber optic;0;0;0;Month-to-month;0;Electronic check;8645;83085;33;143115;0,02;3,4;0,12;Platinum;25;Urban;30;1
1087-GRUYI;Male;0;1;1;0;0;No internet service;No internet service;No internet service;Two year;0;Bank transfer (automatic);204;7435;212;107676;0,01;3,2;0,54;Silver;48;Urban;57;1
7065-YUNRY;Female;0;0;1;0;DSL;0;0;0;Month-to-month;1;Mailed check;453;453;2;201332;0,01;4,4;0,02;Gold;24;Urban;54;1
7694-VLBWQ;Male;0;1;1;1;Fiber optic;0;1;1;One year;0;Electronic check;1041;704085;311;247995;0,13;4,8;0,08;Gold;34;Suburban;35;0
2546-KZAAT;Male;0;1;1;0;DSL;1;1;0;One year;1;Mailed check;754;386545;304;109802;0,04;4,9;0,53;Bronze;52;Rural;14;0
0181-RITDD;Male;0;1;1;0;Fiber optic;1;1;1;Two year;0;Mailed check;10815;682565;262;170331;0,25;4,2;0,33;Bronze;39;Suburban;29;1
5989-PGKJB;Female;0;0;1;0;Fiber optic;0;1;0;Month-to-month;1;Electronic check;8625;13401;91;204786;0,01;3,1;0,76;Silver;24;Suburban;47;1
4795-KTRTH;Female;1;1;1;1;Fiber optic;0;1;0;Month-to-month;1;Electronic check;810;37165;11;145169;0,12;4,5;0,31;Bronze;27;Urban;13;0
8272-ONJLV;Male;0;0;1;0;Fiber optic;0;0;1;One year;0;Electronic check;957;11840;44;148147;0,27;3,2;0,98;Silver;45;Urban;46;1
1488-PBLJN;Female;0;1;1;1;Fiber optic;1;1;1;Two year;1;Bank transfer (automatic);11685;84777;218;102075;0,15;4,3;0,76;Platinum;46;Suburban;22;0
0308-GIQJT;Male;1;0;1;1;Fiber optic;0;1;0;One year;0;Bank transfer (automatic);10575;738285;349;162015;0,16;4,6;0,06;Bronze;52;Urban;16;0
3778-FOAQW;Female;0;1;1;0;0;No internet service;No internet service;No internet service;One year;0;Mailed check;2015;45685;142;89304;0,29;4,5;0,51;Silver;39;Urban;26;1
4452-ROHMO;Female;0;0;1;0;0;No internet service;No internet service;No internet service;Two year;0;Mailed check;196;3316;45;209851;0,27;4,9;0,56;Bronze;26;Suburban;43;1
6481-OGDOO;Male;0;1;1;0;Fiber optic;1;1;0;One year;1;Credit card (automatic);906;605615;309;200729;0,05;4,5;0,07;Silver;53;Rural;12;0
3090-LETTY;Male;0;0;1;1;DSL;1;1;0;Month-to-month;0;Bank transfer (automatic);6095;1346;5;139622;0,14;4,4;0,05;Bronze;25;Urban;13;0
5349-AZPEW;Female;0;1;0;No phone service;DSL;0;0;0;Month-to-month;0;Mailed check;2505;1255;21;134215;0,29;3,5;0,48;Bronze;47;Rural;25;1
3753-TSEMP;Female;0;1;1;0;Fiber optic;0;0;0;Month-to-month;0;Electronic check;8815;13906;57;153973;0,11;4,8;0,37;Gold;47;Urban;42;0
8305-VHZBZ;Male;0;0;1;0;0;No internet service;No internet service;No internet service;Month-to-month;1;Mailed check;202;202;5;188654;0,11;3,4;0,27;Gold;48;Urban;10;1
9720-JJJOR;Male;0;1;1;0;DSL;1;1;1;One year;1;Bank transfer (automatic);603;25113;181;223593;0,06;4,8;0,95;Gold;39;Urban;37;0
8100-HZZLJ;Female;0;0;1;0;DSL;1;1;0;Month-to-month;1;Electronic check;6395;273705;146;104028;0,03;3,6;0,32;Gold;48;Suburban;0;0
8775-ERLNB;Male;1;1;1;1;Fiber optic;0;0;0;Month-to-month;0;Electronic check;743;743;2;119328;0,22;3,3;0,06;Silver;45;Urban;23;1
8309-IEYJD;Female;1;0;1;0;Fiber optic;0;0;0;Month-to-month;1;Mailed check;706;706;2;107301;0,23;4,7;0,17;Gold;22;Suburban;19;1
9172-JITSM;Female;0;1;1;0;Fiber optic;0;0;0;Month-to-month;1;Electronic check;908;23618;75;118015;0,29;3;0,86;Bronze;34;Urban;7;1
6298-QDFNH;Male;0;0;1;1;Fiber optic;0;1;0;Month-to-month;1;Electronic check;7935;173035;66;116845;0,23;4,7;0,59;Bronze;28;Urban;7;1
7398-HPYZQ;Male;0;1;1;1;DSL;1;1;1;Two year;0;Bank transfer (automatic);9055;64040;383;166818;0,07;3,5;0,78;Bronze;39;Urban;29;0
3546-GHEAE;Male;0;0;1;0;0;No internet service;No internet service;No internet service;Two year;0;Mailed check;1945;16535;29;156394;0,01;4,8;0,81;Bronze;42;Urban;17;0
7361-YPXFS;Female;1;0;1;1;DSL;0;1;1;Month-to-month;0;Bank transfer (automatic);6445;18676;114;123714;0,03;4,4;0,82;Bronze;30;Urban;53;1
6557-BZXLQ;Male;1;0;1;0;Fiber optic;0;0;0;Month-to-month;0;Electronic check;6965;10433;39;160722;0,01;4,3;0,55;Bronze;53;Urban;12;0
2550-QHZGP;Male;0;0;1;0;0;No internet service;No internet service;No internet service;One year;0;Mailed check;195;1286;38;105230;0,09;3,7;0,18;Silver;28;Suburban;57;1
7519-JTWQH;Female;0;0;1;1;Fiber optic;0;1;1;Two year;1;Bank transfer (automatic);1105;745545;337;172554;0,27;3,1;0,15;Bronze;22;Suburban;45;1
2538-OIMXF;Female;0;0;0;No phone service;DSL;0;0;0;Month-to-month;0;Mailed check;247;247;2;129262;0,18;4,7;0,57;Gold;31;Urban;46;1
8543-MSDMF;Male;0;0;1;0;DSL;1;0;1;Month-to-month;1;Electronic check;774;20615;14;121722;0,06;3,3;0,37;Silver;39;Urban;35;1
9961-JBNMK;Male;1;0;1;0;Fiber optic;0;0;1;Month-to-month;1;Bank transfer (automatic);968;20303;87;142796;0,27;3,7;0,56;Platinum;20;Urban;18;1
1170-SASML;Female;0;1;1;1;Fiber optic;0;1;1;Month-to-month;1;Bank transfer (automatic);854;58694;160;167052;0,03;4,2;0,05;Bronze;52;Urban;12;1
4872-JCVCA;Female;0;1;0;No phone service;DSL;1;1;1;Two year;1;Bank transfer (automatic);476;33778;272;180808;0,03;4;0,06;Silver;49;Suburban;40;0
5346-BZCHP;Female;0;1;1;0;0;No internet service;No internet service;No internet service;Two year;0;Mailed check;194;13462;271;216311;0,26;3,4;0,03;Silver;41;Urban;47;1
2038-LLMLM;Female;0;0;1;1;Fiber optic;0;0;1;Month-to-month;1;Electronic check;10385;494605;127;171951;0,12;3,3;0,03;Platinum;45;Rural;59;1
6173-ITPWD;Male;0;1;1;1;Fiber optic;0;1;1;Month-to-month;1;Bank transfer (automatic);8335;40650;271;130886;0,16;3,2;0,72;Bronze;38;Rural;25;1
9734-UYXQI;Female;0;0;1;1;DSL;0;0;0;Month-to-month;1;Electronic check;494;10655;10;183424;0,27;4,7;0,19;Bronze;50;Urban;59;1
1216-BGTSP;Male;0;0;1;1;Fiber optic;1;0;1;Month-to-month;1;Credit card (automatic);10845;49647;210;238267;0,29;3,1;0,65;Bronze;45;Suburban;8;1
4138-NAXED;Male;0;0;1;1;Fiber optic;0;1;0;Month-to-month;0;Bank transfer (automatic);810;408575;196;184697;0,08;5;0,55;Bronze;53;Urban;33;0
2189-UXTKY;Female;0;1;1;1;DSL;1;0;0;Month-to-month;1;Electronic check;792;174275;80;176299;0,06;3,4;0,98;Silver;27;Urban;52;1
0744-BIKKF;Male;0;0;1;1;DSL;1;1;1;Two year;0;Bank transfer (automatic);8665;62248;331;245746;0,02;3,2;0,84;Gold;54;Rural;30;1
7483-IQWIB;Male;0;1;1;1;Fiber optic;0;1;1;Month-to-month;1;Electronic check;9295;341525;154;229177;0,17;4,2;0,41;Bronze;42;Suburban;57;1
5248-KWLAR;Male;0;1;1;1;DSL;1;1;1;Two year;0;Electronic check;9035;632525;159;240811;0;3,2;0,62;Bronze;34;Urban;41;1
4958-GZWIY;Male;0;1;1;0;DSL;0;0;1;Month-to-month;0;Electronic check;487;34025;28;243041;0,12;4,2;0,12;Bronze;21;Suburban;6;0
7996-MHXLW;Female;0;0;1;1;0;No internet service;No internet service;No internet service;Two year;1;Credit card (automatic);2515;16836;344;94497;0,02;4,7;0,39;Bronze;27;Suburban;8;0
7833-PKIHD;Male;0;1;1;0;DSL;1;0;0;One year;1;Bank transfer (automatic);764;39663;195;212888;0,12;3,1;0,73;Platinum;42;Suburban;39;1
7061-OVMIM;Female;0;1;1;0;0;No internet service;No internet service;No internet service;One year;0;Bank transfer (automatic);1955;6085;66;198915;0,01;4,6;0,62;Gold;49;Urban;25;0
5153-RTHKF;Female;0;0;1;1;Fiber optic;0;0;0;Month-to-month;0;Electronic check;8535;28966;174;172019;0,25;3,8;0,48;Bronze;25;Suburban;51;1
1852-QSWCD;Male;0;1;1;1;0;No internet service;No internet service;No internet service;Two year;1;Mailed check;248;151485;179;189017;0,06;3,3;0,18;Bronze;29;Suburban;50;1
4832-VRBMR;Male;1;1;1;1;Fiber optic;0;1;1;One year;1;Bank transfer (automatic);10315;679245;197;149385;0,01;3,4;0,08;Platinum;38;Urban;32;1
9079-LWTFD;Male;0;0;1;1;Fiber optic;1;1;0;Month-to-month;0;Mailed check;10075;46692;124;185153;0,26;4,8;0,27;Bronze;44;Urban;32;1
6356-ELRKD;Female;0;0;1;0;Fiber optic;1;0;0;Month-to-month;1;Electronic check;956;956;3;113826;0,22;3,2;0,82;Silver;47;Urban;56;1
8624-GIOUT;Female;0;0;1;1;DSL;1;1;0;Month-to-month;1;Credit card (automatic);5975;29343;246;190034;0,07;4,7;0,61;Platinum;27;Urban;51;1
3392-EHMNK;Female;0;1;1;1;Fiber optic;0;1;0;Two year;0;Credit card (automatic);941;63028;273;164242;0,02;4,1;0,37;Silver;38;Urban;39;0
5986-WWXDV;Male;0;0;1;0;0;No internet service;No internet service;No internet service;One year;0;Bank transfer (automatic);1935;7792;109;203066;0,21;3,1;0,04;Bronze;18;Suburban;3;1
3061-BCKYI;Male;0;0;1;0;0;No internet service;No internet service;No internet service;Month-to-month;0;Mailed check;199;28375;77;130100;0,12;3,9;0,23;Bronze;26;Suburban;27;0
6179-GJPSO;Female;1;0;1;0;Fiber optic;1;1;0;Month-to-month;1;Credit card (automatic);10815;46007;237;205170;0,23;4,6;0,89;Platinum;20;Urban;53;1
7901-TBKJX;Male;1;0;1;1;Fiber optic;0;0;1;Month-to-month;1;Electronic check;10105;55940;307;215431;0,13;4,5;0,82;Bronze;36;Suburban;3;0
7228-PAQPD;Female;0;0;1;0;DSL;0;0;0;One year;0;Credit card (automatic);591;77285;41;176205;0,01;4;0,57;Bronze;23;Suburban;46;1
3177-LASXD;Female;0;0;1;0;Fiber optic;0;0;0;Month-to-month;0;Electronic check;7135;7135;3;92809;0,14;4,7;0,47;Gold;24;Urban;33;1
7746-QYVCO;Male;0;1;1;0;DSL;1;1;0;One year;1;Mailed check;5585;8578;95;144450;0,22;3,2;0,65;Gold;33;Urban;48;1
5804-HYIEZ;Male;0;1;1;1;Fiber optic;1;1;0;Month-to-month;1;Electronic check;10605;755405;356;118428;0,27;4,8;0,47;Silver;53;Urban;39;1
9919-FZDED;Male;1;1;1;1;DSL;1;1;1;Two year;1;Credit card (automatic);841;598165;151;152790;0,01;4,7;0,64;Bronze;21;Urban;47;1
5934-TSSAU;Female;0;1;1;0;Fiber optic;0;0;1;Month-to-month;1;Credit card (automatic);753;17029;51;191126;0,16;4,4;0,31;Silver;35;Urban;5;0
3486-KHMLI;Male;0;0;1;1;0;No internet service;No internet service;No internet service;Month-to-month;0;Mailed check;247;46715;80;170321;0,01;4,6;0,84;Bronze;49;Urban;32;0
4897-QSUYC;Female;0;0;1;0;0;No internet service;No internet service;No internet service;Month-to-month;1;Mailed check;2015;2015;5;82093;0,14;4,1;0,07;Bronze;49;Suburban;4;0
1084-UQCHV;Male;0;0;1;0;Fiber optic;0;0;0;Month-to-month;0;Bank transfer (automatic);6975;6975;4;124498;0,27;4,4;0,33;Gold;35;Urban;18;1
8290-YWKHZ;Female;1;1;1;1;Fiber optic;0;0;0;Month-to-month;1;Electronic check;932;29310;127;196251;0,11;4,1;0,83;Bronze;54;Urban;17;0
2955-BJZHG;Male;0;1;1;0;Fiber optic;0;0;0;Month-to-month;0;Electronic check;8085;140085;41;120985;0,28;3,7;0,49;Bronze;45;Rural;2;1
3806-DXQOM;Female;0;0;0;No phone service;DSL;1;1;0;Month-to-month;1;Electronic check;3365;13785;18;112009;0,19;4,1;0,17;Bronze;19;Suburban;33;0
6784-XYJAE;Female;0;0;1;1;DSL;0;0;1;One year;0;Electronic check;558;19415;190;208515;0,28;3,5;0,08;Silver;54;Suburban;57;1
3933-DQPWX;Female;0;0;0;No phone service;DSL;0;1;1;Two year;0;Credit card (automatic);397;193275;176;97718;0,23;3,9;0,07;Gold;54;Urban;1;1
6661-EIPZC;Female;0;1;0;No phone service;DSL;0;0;0;Month-to-month;1;Credit card (automatic);295;142305;244;96705;0,03;3,6;0,87;Gold;19;Suburban;0;0
8957-THMOA;Female;0;0;1;0;0;No internet service;No internet service;No internet service;Two year;0;Credit card (automatic);2015;97085;292;167618;0,07;3,2;0,81;Silver;36;Urban;34;1
2251-PYLPB;Male;0;1;1;1;DSL;1;1;1;Two year;0;Credit card (automatic);7955;58109;202;142598;0,12;3,6;0,66;Silver;22;Suburban;50;1
5555-RNPGT;Male;0;0;1;1;0;No internet service;No internet service;No internet service;Month-to-month;0;Credit card (automatic);248;2239;40;157878;0,05;4,7;0,14;Silver;30;Urban;3;0
1057-FOGLZ;Female;0;0;1;0;0;No internet service;No internet service;No internet service;Month-to-month;0;Mailed check;1965;3917;56;92239;0,15;3,8;0,09;Bronze;39;Urban;34;0
9300-RENDD;Male;0;0;1;0;Fiber optic;0;0;0;Month-to-month;1;Electronic check;7995;7995;5;126622;0,14;4,5;0,35;Bronze;24;Rural;7;0
0761-AETCS;Female;0;0;1;0;0;No internet service;No internet service;No internet service;Month-to-month;0;Electronic check;193;193;4;126665;0,29;3,4;0,85;Silver;19;Urban;43;1
8087-LGYHQ;Male;0;0;1;0;Fiber optic;0;0;1;Month-to-month;1;Electronic check;9405;81165;40;112274;0,13;3,8;0,96;Bronze;31;Urban;28;0
4137-BTIKL;Male;0;0;1;1;Fiber optic;1;0;0;Month-to-month;0;Mailed check;9075;17475;10;222491;0,24;3,2;0,24;Bronze;42;Urban;35;1
2190-BCXEC;Female;0;1;1;1;Fiber optic;0;0;0;Month-to-month;1;Credit card (automatic);7885;312685;143;188368;0,28;3,3;0,76;Silver;43;Urban;13;1
6227-FBDXH;Male;0;1;1;1;Fiber optic;0;0;1;One year;0;Bank transfer (automatic);995;684145;390;226075;0,26;4,2;0,57;Silver;22;Urban;41;1
2153-MREFK;Female;0;1;1;1;Fiber optic;1;0;1;One year;1;Electronic check;992;37546;152;241938;0,06;4,2;0,03;Silver;37;Suburban;48;1
2911-WDXMV;Male;0;0;1;1;Fiber optic;0;0;1;Month-to-month;1;Credit card (automatic);8055;140665;47;233060;0,15;3,4;0,54;Gold;29;Urban;29;1
7206-PQBBZ;Male;1;1;1;0;Fiber optic;0;0;0;Month-to-month;1;Electronic check;702;8347;52;188563;0,01;3,9;0,81;Silver;53;Urban;49;1
3106-ULWFW;Female;0;1;1;1;Fiber optic;0;0;0;Month-to-month;1;Credit card (automatic);852;6274;41;216746;0,12;4,7;0,28;Platinum;48;Suburban;6;0
0925-VYDLG;Female;0;0;1;1;Fiber optic;0;0;0;Month-to-month;0;Electronic check;7525;2420;9;173103;0,11;3,3;0,09;Bronze;34;Suburban;12;1
4547-FZJWE;Male;0;1;1;0;DSL;1;0;0;One year;0;Credit card (automatic);5945;31570;298;146446;0,25;3;0,24;Silver;33;Rural;21;1
7422-WNBTY;Male;0;1;1;1;Fiber optic;0;1;1;Month-to-month;1;Electronic check;9335;30920;185;109072;0,14;4,3;0,08;Bronze;27;Urban;56;1
0842-IWYCP;Female;0;0;1;0;DSL;0;0;0;Month-to-month;0;Bank transfer (automatic);4495;21689;142;113717;0,16;3,1;0,16;Bronze;52;Urban;44;1
3521-HTQTV;Male;0;0;1;1;0;No internet service;No internet service;No internet service;Two year;0;Bank transfer (automatic);261;98035;201;237723;0,29;5;0,84;Gold;50;Urban;53;1
3744-ZBHON;Female;0;0;1;0;0;No internet service;No internet service;No internet service;Month-to-month;0;Electronic check;202;6595;7;197202;0,02;4,2;0,42;Bronze;52;Suburban;1;0
3373-DIUUN;Male;0;1;1;0;0;No internet service;No internet service;No internet service;Two year;0;Mailed check;2125;7119;84;202389;0,15;3,9;0,08;Bronze;44;Urban;7;0
8383-SGHJU;Female;0;0;1;1;DSL;1;0;0;One year;0;Electronic check;594;19528;90;189525;0,23;3,9;0,53;Silver;24;Suburban;56;1
7607-QKKTJ;Male;0;1;1;1;Fiber optic;0;1;1;One year;1;Credit card (automatic);950;436885;250;84646;0,05;4,1;0,48;Bronze;44;Rural;20;0
7707-PYBBH;Male;0;0;1;0;DSL;1;1;0;Month-to-month;1;Mailed check;619;26471;184;119713;0,18;3,2;0,81;Silver;29;Urban;53;1
8984-HPEMB;Female;0;0;1;1;Fiber optic;1;1;1;Two year;1;Electronic check;11865;84776;185;147936;0,07;4,9;0,42;Bronze;50;Urban;19;0
4349-GFQHK;Male;0;0;1;1;DSL;0;0;1;Month-to-month;0;Electronic check;5435;5435;3;102185;0,26;4,3;0,08;Bronze;30;Urban;10;1
4139-DETXS;Female;0;1;0;No phone service;DSL;1;1;1;Two year;0;Bank transfer (automatic);6445;45280;321;164263;0,01;3,4;0,01;Gold;19;Urban;33;1
9779-DPNEJ;Female;0;1;1;0;Fiber optic;0;0;0;Month-to-month;1;Electronic check;8015;179065;51;132107;0,01;4,1;0,64;Silver;20;Suburban;43;0
9805-FILKB;Male;0;1;1;0;0;No internet service;No internet service;No internet service;One year;1;Bank transfer (automatic);202;8456;254;97563;0,18;3,3;0,07;Silver;28;Urban;4;1
5793-YOLJN;Female;0;1;1;0;0;No internet service;No internet service;No internet service;Two year;0;Mailed check;210;12103;286;150729;0,06;3;0,09;Silver;22;Urban;52;1
0673-IGUQO;Male;0;0;1;0;0;No internet service;No internet service;No internet service;Month-to-month;0;Mailed check;2045;2045;4;95701;0,09;4,3;0,22;Gold;19;Urban;47;1
4123-FCVCB;Female;0;0;1;1;DSL;0;0;0;One year;1;Mailed check;7585;85445;70;208331;0,12;4,3;0,06;Gold;45;Urban;29;0
8819-IMISP;Male;0;0;1;1;Fiber optic;0;1;0;Month-to-month;1;Electronic check;8045;24291;113;240482;0,11;4,2;0,43;Bronze;30;Urban;32;0
7802-EFKNY;Male;0;1;0;No phone service;DSL;0;0;0;Month-to-month;1;Electronic check;2495;1004;29;179280;0,16;3,4;0,38;Bronze;52;Urban;11;1
8311-UEUAB;Female;0;1;1;1;DSL;1;0;0;Two year;1;Electronic check;755;522945;313;118665;0,18;4,2;0,11;Bronze;30;Urban;4;0
5858-EAFCZ;Male;0;0;1;0;DSL;0;0;0;Month-to-month;0;Mailed check;4445;4445;4;95957;0,17;3,1;0,13;Bronze;29;Suburban;0;1
8035-BUYVG;Male;0;1;0;No phone service;DSL;1;1;1;One year;1;Electronic check;4235;171645;106;126008;0,02;4,2;0,84;Bronze;35;Suburban;34;0
1163-ONYEY;Male;0;1;1;1;DSL;1;1;1;Month-to-month;1;Credit card (automatic);7455;302355;226;141920;0,09;4,1;0,75;Bronze;35;Rural;58;1
9787-XVQIU;Male;0;0;1;1;Fiber optic;0;0;0;Month-to-month;1;Electronic check;753;753;3;243947;0,04;4,3;0,38;Gold;34;Suburban;24;1
8945-MUQUF;Male;0;0;1;1;Fiber optic;1;1;0;One year;1;Electronic check;948;48376;135;193828;0,23;4,8;0,83;Silver;39;Urban;3;1
5656-MJEFC;Male;0;1;0;No phone service;DSL;1;0;1;Two year;0;Credit card (automatic);4815;20323;86;203852;0,26;4,7;0,08;Bronze;30;Suburban;8;1
6082-OQFBA;Male;0;1;1;0;0;No internet service;No internet service;No internet service;One year;0;Mailed check;1965;4369;97;212698;0,08;5;0,62;Silver;36;Urban;53;1
8051-HJRLT;Female;1;0;1;0;Fiber optic;0;0;0;Month-to-month;1;Electronic check;7055;7055;4;170815;0,12;5;0,87;Gold;41;Urban;48;1
8974-OVACP;Female;0;0;1;0;0;No internet service;No internet service;No internet service;Month-to-month;0;Mailed check;2015;2015;4;244714;0,15;4,5;0,84;Bronze;36;Urban;43;1
4010-YLMVT;Female;0;0;1;1;Fiber optic;1;1;0;Month-to-month;1;Credit card (automatic);1066;589395;311;118311;0,16;4,9;0,37;Silver;38;Urban;50;1
1379-FRVEB;Male;0;0;1;1;Fiber optic;0;1;0;Month-to-month;1;Electronic check;910;143005;34;112356;0,02;4,7;0,75;Bronze;41;Suburban;2;0
8612-GXIDD;Male;0;1;1;1;0;No internet service;No internet service;No internet service;Two year;1;Bank transfer (automatic);254;3130;59;83809;0,01;4,5;0,43;Silver;47;Urban;29;0
6288-CHQJB;Female;0;1;1;0;DSL;1;0;1;Two year;0;Bank transfer (automatic);6995;387185;148;114875;0,22;3,2;0,84;Bronze;45;Urban;19;1
8160-HOWOX;Female;0;0;1;0;DSL;0;0;0;Month-to-month;1;Electronic check;6685;4581;38;89465;0,02;3,1;0,53;Silver;52;Urban;9;1
3023-GFLBR;Female;0;1;1;1;Fiber optic;0;0;0;Month-to-month;0;Credit card (automatic);8615;27457;174;153844;0,14;4,7;0,76;Silver;34;Suburban;19;0
6648-INWPS;Male;0;1;1;0;0;No internet service;No internet service;No internet service;Month-to-month;0;Electronic check;2015;34135;66;166889;0,25;4;0,08;Silver;51;Urban;39;1
4223-BKEOR;Female;0;0;1;0;DSL;1;0;1;One year;0;Mailed check;6485;13368;101;95250;0,14;4,6;0,59;Silver;26;Urban;2;0
4079-VTGLK;Male;1;1;1;1;DSL;0;0;1;Two year;0;Electronic check;7485;218175;97;126023;0,04;3,6;0,55;Silver;30;Suburban;10;0
1763-WQFUK;Male;0;0;1;0;DSL;0;0;0;Month-to-month;1;Mailed check;505;14775;11;181350;0,03;3,8;0,61;Bronze;31;Urban;14;1
1391-UBDAR;Male;0;0;1;0;Fiber optic;0;0;1;Month-to-month;0;Electronic check;729;81845;58;96427;0,27;4,4;0,07;Silver;43;Rural;51;1
8894-JVDCV;Female;0;0;1;1;Fiber optic;1;1;1;One year;1;Credit card (automatic);11505;713345;237;244348;0,23;4,8;0,92;Gold;38;Suburban;27;1
2023-VQFDL;Male;0;0;1;0;0;No internet service;No internet service;No internet service;Month-to-month;0;Electronic check;190;3488;61;151643;0,12;3,2;0,79;Gold;37;Urban;43;1
1345-GKDZZ;Male;0;0;1;0;0;No internet service;No internet service;No internet service;Month-to-month;0;Mailed check;1955;1286;23;214511;0,06;4,7;0,22;Platinum;28;Suburban;34;0
2014-MKGMH;Female;0;0;1;1;Fiber optic;0;0;1;One year;1;Electronic check;1011;46744;244;158672;0,28;4,6;0,83;Bronze;52;Rural;6;1
5628-FCGYG;Male;0;0;1;1;Fiber optic;0;0;0;Month-to-month;1;Electronic check;841;173745;70;97300;0,16;3,6;0,12;Bronze;48;Urban;53;1
2560-WBWXF;Male;0;0;1;1;0;No internet service;No internet service;No internet service;Two year;1;Bank transfer (automatic);2415;149885;183;140289;0,26;3,7;0,62;Silver;35;Urban;32;1
0248-IPDFW;Female;0;0;1;1;DSL;0;0;0;Month-to-month;1;Electronic check;501;501;4;228254;0,01;3,1;0,88;Bronze;31;Suburban;41;1
7978-DKUQH;Female;0;1;1;0;Fiber optic;0;0;1;Month-to-month;1;Electronic check;746;179775;132;237981;0,01;3;0,01;Bronze;22;Urban;48;1
4335-UPJSI;Female;0;0;1;0;0;No internet service;No internet service;No internet service;Two year;0;Mailed check;1975;4981;57;99659;0,03;4;0,85;Silver;34;Urban;37;1
0524-IAVZO;Female;0;1;1;1;Fiber optic;0;0;0;Month-to-month;1;Electronic check;850;262425;88;242475;0,16;3,2;0,08;Bronze;38;Suburban;18;1
2737-YNGYW;Female;0;0;1;0;Fiber optic;0;0;0;Month-to-month;0;Electronic check;8055;1841;5;244658;0,04;3,4;0,05;Bronze;31;Urban;56;1
1784-EZDKJ;Male;0;1;1;1;Fiber optic;0;1;1;One year;1;Bank transfer (automatic);1068;54988;172;90360;0,07;4,7;0,31;Platinum;20;Suburban;43;0
9297-FVVDH;Female;0;1;1;1;DSL;1;0;1;Two year;1;Electronic check;845;48454;216;101424;0,14;4,1;0,41;Bronze;48;Urban;28;0
8007-YYPWD;Female;0;0;1;1;0;No internet service;No internet service;No internet service;Two year;0;Bank transfer (automatic);2505;3691;74;178035;0,01;4,3;0,97;Bronze;42;Suburban;59;1
7101-HRBLJ;Female;0;1;1;0;DSL;1;1;1;Two year;1;Bank transfer (automatic);837;60969;331;128791;0,14;3,4;0,02;Bronze;34;Urban;1;1
5159-YFPKQ;Female;0;0;1;0;Fiber optic;0;0;1;Month-to-month;1;Electronic check;758;16075;8;214137;0,13;4,7;0,58;Gold;43;Urban;43;0
6635-CPNUN;Male;0;1;1;1;Fiber optic;0;1;1;Month-to-month;0;Credit card (automatic);966;268435;95;92300;0,23;4,7;0,08;Gold;34;Urban;18;1
4021-RQSNY;Male;1;1;1;1;Fiber optic;0;0;1;Month-to-month;1;Electronic check;985;300415;155;113370;0,11;4;0,22;Bronze;36;Urban;8;0
5453-YBTWV;Male;0;1;1;0;Fiber optic;1;1;1;Two year;1;Credit card (automatic);1011;69948;271;107209;0,29;4,8;0,76;Bronze;44;Urban;59;1
5039-LZRQT;Female;0;0;1;0;0;No internet service;No internet service;No internet service;One year;0;Mailed check;202;27325;76;100927;0,05;4,7;0,03;Gold;24;Urban;5;0
2931-VUVJN;Female;1;1;1;1;Fiber optic;1;1;1;One year;1;Electronic check;9405;54839;267;114579;0,18;4,5;0,99;Bronze;43;Rural;16;0
9061-TIHDA;Male;1;1;1;1;Fiber optic;0;0;0;Month-to-month;1;Electronic check;9525;123365;32;89032;0,03;4,5;0,05;Platinum;22;Urban;1;0
8699-ASUFO;Male;1;1;1;1;Fiber optic;0;0;0;Month-to-month;1;Mailed check;744;5279;32;173254;0,22;3,2;0,52;Silver;19;Urban;38;1
6418-PIQSP;Female;0;1;1;0;DSL;1;0;1;Two year;0;Mailed check;810;49859;204;158413;0,03;3,5;0,04;Bronze;33;Urban;5;1
8220-OCUFY;Female;0;0;1;0;DSL;1;0;1;One year;1;Electronic check;6025;125835;99;193528;0,25;3,1;0,96;Gold;28;Rural;13;1
3995-WFCSM;Female;0;0;1;0;DSL;0;0;1;Month-to-month;0;Electronic check;6085;1114;4;203916;0,17;3;0,17;Bronze;40;Suburban;48;1
1895-QTKDO;Female;0;0;1;0;DSL;0;0;0;Month-to-month;0;Credit card (automatic);4395;4395;2;152302;0,15;3,3;0,54;Bronze;52;Suburban;25;1
2038-OEQZH;Male;0;0;1;0;Fiber optic;0;0;1;Month-to-month;0;Electronic check;8605;3081;21;165757;0,25;4,8;0,04;Bronze;23;Urban;17;1
1178-PZGAB;Female;0;0;1;0;0;No internet service;No internet service;No internet service;One year;0;Credit card (automatic);2025;38365;55;236174;0,28;3,5;0,42;Gold;54;Urban;5;1
7927-AUXBZ;Female;0;0;1;0;Fiber optic;0;0;0;Month-to-month;0;Electronic check;8515;25559;160;245505;0,03;4,9;0,64;Bronze;18;Urban;11;1
2626-VEEWG;Male;0;1;1;0;0;No internet service;No internet service;No internet service;Two year;1;Credit card (automatic);194;12842;208;95932;0,12;4,2;0,66;Bronze;50;Suburban;37;0
2878-RMWXY;Male;1;1;1;1;Fiber optic;1;1;1;Two year;1;Credit card (automatic);10265;75503;329;105714;0,03;3,5;0,15;Bronze;35;Urban;21;1
1657-DYMBM;Male;0;1;1;0;0;No internet service;No internet service;No internet service;Two year;0;Credit card (automatic);199;111005;253;137803;0,05;4;0,05;Gold;20;Suburban;13;0
7311-MQJCH;Female;0;0;1;0;0;No internet service;No internet service;No internet service;One year;0;Electronic check;1955;996;20;213624;0,08;3,4;0,79;Bronze;36;Urban;12;1
7375-WMVMT;Male;1;1;1;0;Fiber optic;0;1;1;Two year;1;Credit card (automatic);955;670715;228;136627;0,03;5;0,44;Bronze;27;Urban;8;0
1136-XGEQU;Female;0;1;1;1;DSL;0;1;1;One year;1;Credit card (automatic);8415;41644;142;159810;0,08;4,7;0,17;Silver;37;Urban;49;1
2530-FMFXO;Male;0;1;1;1;Fiber optic;0;0;1;Two year;1;Electronic check;1032;587375;119;125380;0,23;3,1;0,31;Gold;28;Urban;41;1
6844-DZKRF;Male;0;0;1;0;DSL;0;0;0;Month-to-month;1;Credit card (automatic);502;10925;6;240322;0,26;4,9;0,21;Gold;49;Urban;31;1
4695-WJZUE;Female;1;0;1;1;Fiber optic;0;0;1;Month-to-month;1;Electronic check;8855;17925;9;144686;0,23;4,4;0,13;Bronze;37;Urban;9;1
7619-ODSGN;Male;0;1;1;1;DSL;1;0;0;Month-to-month;0;Electronic check;5475;133815;138;200321;0,19;3,2;0,38;Gold;49;Urban;26;1
5970-GHJAW;Male;0;1;1;0;0;No internet service;No internet service;No internet service;Two year;0;Credit card (automatic);1995;8624;252;125028;0,15;4,3;0,54;Silver;54;Suburban;13;0
8879-XUAHX;Male;0;1;1;1;Fiber optic;1;1;1;Two year;1;Electronic check;11625;856475;359;226367;0,21;4,3;0,07;Bronze;39;Urban;8;1
3689-MOZGR;Female;0;0;0;No phone service;DSL;0;0;0;Month-to-month;1;Electronic check;312;9262;149;193141;0,12;3,4;0,06;Gold;21;Urban;8;1
4195-PNGZS;Male;0;1;1;1;0;No internet service;No internet service;No internet service;Two year;0;Bank transfer (automatic);2445;17182;321;135248;0,25;4,5;0,99;Silver;30;Urban;25;1
5003-XZWWO;Male;0;1;1;1;DSL;0;1;1;Two year;0;Credit card (automatic);842;595685;215;90523;0,02;3,2;0,96;Silver;23;Urban;56;1
3988-RQIXO;Female;1;0;1;0;Fiber optic;0;0;0;Month-to-month;1;Electronic check;913;913;5;125530;0,21;4;0,83;Platinum;46;Urban;31;1
7622-FWGEW;Male;1;1;1;0;DSL;1;1;1;Two year;1;Bank transfer (automatic);8565;482445;262;93769;0,16;3;0,27;Silver;19;Urban;40;1
6922-NCEDI;Male;0;0;1;0;0;No internet service;No internet service;No internet service;One year;1;Mailed check;212;123865;237;192035;0,27;4,9;0,02;Bronze;42;Urban;34;1
2514-GINMM;Male;0;0;1;0;Fiber optic;0;0;0;Month-to-month;1;Electronic check;795;795;2;236629;0,08;4,5;0,83;Gold;49;Urban;25;1
9891-NQDBD;Female;0;1;1;1;0;No internet service;No internet service;No internet service;One year;0;Mailed check;2555;6722;106;159782;0,11;3,3;0,06;Bronze;43;Suburban;40;1
6131-IUNXN;Female;0;1;1;0;0;No internet service;No internet service;No internet service;Month-to-month;0;Mailed check;202;3822;72;158382;0,23;3,7;0,21;Silver;43;Urban;44;1
8548-AWOFC;Male;0;1;1;1;DSL;0;0;0;Month-to-month;0;Electronic check;6385;42646;360;248157;0,15;3,3;0,54;Bronze;39;Urban;41;1
9798-DRYDS;Female;0;1;1;1;DSL;0;0;1;One year;1;Mailed check;6195;10707;71;190939;0,27;4,5;0,18;Bronze;27;Urban;56;1
8532-UEFWH;Male;0;1;1;1;0;No internet service;No internet service;No internet service;Two year;0;Mailed check;2575;134585;183;224542;0,01;3,1;0,83;Silver;40;Urban;2;1
6296-DDOOR;Female;0;0;1;0;DSL;0;1;0;One year;0;Electronic check;582;104525;112;158712;0,11;4,7;0,78;Silver;21;Urban;29;0
7951-VRDVK;Female;0;0;1;0;DSL;1;1;1;One year;0;Bank transfer (automatic);8585;300355;87;198643;0,27;4,9;0,76;Silver;33;Urban;28;1
5931-FLJJF;Male;1;1;1;0;Fiber optic;0;0;0;Month-to-month;1;Mailed check;701;46755;25;187417;0,14;4,4;0,82;Gold;50;Urban;19;0
4815-YOSUK;Male;0;1;1;1;Fiber optic;1;1;1;One year;1;Credit card (automatic);1049;75375;156;217877;0,15;3,4;0,22;Bronze;30;Suburban;3;1
2659-VXMWZ;Male;0;1;1;1;Fiber optic;1;1;1;One year;1;Electronic check;1113;74821;332;208256;0,01;3,7;0,73;Silver;30;Urban;13;0
0380-NEAVX;Male;1;0;1;0;Fiber optic;0;1;1;One year;1;Electronic check;9985;334315;192;181422;0,08;4;0,36;Gold;50;Suburban;44;0
3207-OYBWH;Male;1;1;1;1;Fiber optic;0;1;1;Month-to-month;1;Bank transfer (automatic);9525;542705;177;169300;0,02;4,2;0,67;Gold;31;Suburban;51;1
4285-GYRQC;Female;0;1;1;0;Fiber optic;0;0;1;Month-to-month;1;Electronic check;8625;5871;38;86630;0,04;4,3;0,12;Silver;25;Suburban;38;0
7216-EWTRS;Female;1;1;1;1;Fiber optic;0;0;1;Month-to-month;1;Electronic check;1008;1008;3;204474;0,26;4,1;0,71;Bronze;43;Rural;20;1
4365-MSDYN;Male;0;1;1;0;0;No internet service;No internet service;No internet service;Month-to-month;1;Bank transfer (automatic);1955;16115;45;178869;0,23;3,7;0,97;Silver;39;Urban;6;1
7036-TYDEC;Female;0;0;1;1;Fiber optic;0;0;1;Two year;0;Electronic check;1040;70285;346;95701;0,06;4,8;0,04;Silver;18;Urban;5;0
5802-ADBRC;Female;0;1;1;1;Fiber optic;1;0;1;One year;1;Mailed check;1044;52329;260;225931;0,21;3,2;0,09;Bronze;33;Suburban;54;1
8076-FEZKJ;Male;0;0;1;0;0;No internet service;No internet service;No internet service;One year;0;Mailed check;195;22585;20;232255;0,18;3,9;0,12;Silver;46;Urban;39;0
5197-YPYBZ;Female;0;1;1;1;0;No internet service;No internet service;No internet service;Two year;0;Credit card (automatic);2525;2747;70;177285;0,06;4,6;0,43;Bronze;40;Rural;5;0
8337-MSSXB;Female;0;0;1;0;Fiber optic;0;1;0;Month-to-month;1;Electronic check;863;118095;68;197556;0,08;3,1;0,29;Platinum;22;Urban;24;1
4312-GVYNH;Female;0;1;0;No phone service;DSL;1;0;1;Two year;1;Bank transfer (automatic);4985;33702;225;95021;0,12;4,4;0,81;Gold;38;Urban;3;0
8495-LJDFO;Female;1;0;1;1;Fiber optic;1;0;1;Month-to-month;1;Bank transfer (automatic);10895;71113;340;144361;0,21;4,6;0,47;Bronze;53;Urban;59;1
0839-JTCUD;Female;0;1;1;1;DSL;1;1;1;Two year;0;Credit card (automatic);899;595885;206;212317;0,19;4,3;0,48;Bronze;37;Urban;36;0
5494-WOZRZ;Female;0;1;1;0;DSL;1;0;1;Two year;1;Credit card (automatic);820;599985;389;90355;0,16;3;0,72;Gold;25;Urban;56;1
1302-UHBDD;Male;1;0;1;0;Fiber optic;0;0;0;Month-to-month;0;Electronic check;8995;164845;49;178841;0,23;3,4;0,36;Gold;43;Rural;24;1
2234-EOFPT;Male;0;1;1;0;DSL;1;1;0;Two year;1;Bank transfer (automatic);7935;575325;346;240786;0,23;3,7;0,35;Platinum;42;Urban;17;1
8619-IJNDK;Female;0;1;1;0;DSL;1;1;1;Two year;0;Credit card (automatic);6405;44929;295;97198;0,19;3,5;0,76;Bronze;24;Urban;33;0
8378-LKJAF;Male;0;1;1;1;Fiber optic;0;0;1;Month-to-month;1;Credit card (automatic);10115;39567;90;146951;0,24;4,9;0,78;Bronze;39;Urban;24;1
8182-BJDSI;Female;0;0;1;1;Fiber optic;0;1;0;Month-to-month;1;Electronic check;8995;262555;83;212724;0,01;4,3;0,01;Platinum;50;Urban;21;0
2528-HFYZX;Male;1;1;1;0;Fiber optic;0;1;0;Month-to-month;1;Electronic check;7645;12334;34;98740;0,26;3,6;0,14;Bronze;22;Urban;55;1
1153-GNOLC;Male;0;0;0;No phone service;DSL;0;1;0;One year;1;Electronic check;391;13090;127;83810;0,18;4,9;0,21;Gold;29;Urban;45;0
3298-QEICA;Female;0;1;0;No phone service;DSL;1;0;0;Two year;0;Mailed check;346;81345;73;203743;0,25;4,5;0,35;Bronze;31;Urban;55;1
0788-DXBFY;Male;0;1;1;0;0;No internet service;No internet service;No internet service;One year;1;Electronic check;1955;11088;254;227641;0,16;3,6;0,29;Gold;24;Rural;55;1
3597-YASZG;Female;1;1;1;1;Fiber optic;0;1;0;Two year;1;Bank transfer (automatic);10445;734935;223;179855;0,07;3,8;0,67;Bronze;45;Suburban;13;0
3496-LFSZU;Male;0;1;1;0;Fiber optic;0;0;0;Month-to-month;0;Electronic check;705;2942;12;106783;0,16;3,4;0,83;Silver;33;Suburban;36;1
5242-UOWHD;Male;0;1;1;0;0;No internet service;No internet service;No internet service;Two year;0;Mailed check;2035;9292;223;201701;0,11;4,9;0,19;Silver;19;Urban;10;0
2482-CZGBB;Male;0;0;1;0;Fiber optic;0;0;0;Month-to-month;1;Electronic check;700;7400;21;158047;0,21;4;0,56;Platinum;48;Urban;26;1
6479-SZPLM;Male;0;1;1;0;0;No internet service;No internet service;No internet service;Two year;0;Credit card (automatic);1945;7545;202;89471;0,14;4,8;0,37;Bronze;53;Suburban;25;0
8097-VBQTZ;Male;0;0;1;0;DSL;1;1;0;Month-to-month;1;Mailed check;699;38833;292;190771;0,25;3,7;0,51;Bronze;31;Suburban;51;1
4500-HKANN;Male;0;1;1;1;DSL;0;1;0;Two year;0;Mailed check;597;14142;107;86163;0,02;4,7;0,62;Bronze;45;Urban;34;0
9917-KWRBE;Female;0;1;1;1;DSL;1;1;1;One year;1;Credit card (automatic);7835;32112;179;142071;0,21;3,1;0,89;Gold;49;Urban;15;1
3420-ZDBMA;Male;1;0;1;0;Fiber optic;0;0;0;Month-to-month;1;Mailed check;7145;3716;27;96065;0,07;5;0,19;Silver;45;Urban;51;1
2212-LYASK;Male;0;1;0;No phone service;DSL;0;1;1;One year;1;Credit card (automatic);4585;12464;74;202323;0,03;4,8;0,09;Silver;29;Urban;39;1
1393-IMKZG;Female;0;0;1;0;Fiber optic;0;0;0;Month-to-month;1;Electronic check;9585;9585;2;197969;0,25;3,7;0,63;Bronze;30;Suburban;19;1
8069-RHUXK;Female;0;1;0;No phone service;DSL;1;0;0;Two year;0;Credit card (automatic);357;25457;198;163456;0,24;4,5;0,39;Silver;39;Urban;14;1
3398-GCPMU;Female;1;1;1;1;DSL;1;1;1;Two year;1;Credit card (automatic);8955;644885;372;99154;0,01;4,5;0,16;Bronze;46;Urban;13;0
2908-WGAXL;Female;0;1;1;1;0;No internet service;No internet service;No internet service;Two year;1;Credit card (automatic);2495;14689;119;185703;0,16;4,8;0,12;Bronze;47;Suburban;45;0
3378-AJRAO;Male;0;1;1;1;0;No internet service;No internet service;No internet service;One year;0;Electronic check;2485;10136;190;100229;0,04;3,6;0,56;Gold;32;Urban;7;0
1013-QCWAM;Female;1;1;1;1;Fiber optic;0;1;0;Month-to-month;1;Electronic check;1008;669075;394;132587;0,16;3,9;0,03;Bronze;21;Suburban;23;0
0866-QLSIR;Female;0;0;1;1;DSL;1;1;0;One year;1;Mailed check;644;208875;184;129713;0,04;4,7;0,1;Silver;50;Suburban;32;0
6050-FFXES;Female;0;1;1;1;Fiber optic;0;0;1;Two year;0;Bank transfer (automatic);10535;724065;281;238069;0,17;4,6;0,41;Gold;26;Urban;15;0
7181-BQYBV;Female;0;1;1;1;Fiber optic;1;0;1;Month-to-month;1;Electronic check;10245;10245;2;101101;0,19;3,8;0,21;Platinum;33;Urban;26;1
0362-RAOQO;Female;0;0;1;0;0;No internet service;No internet service;No internet service;Two year;0;Credit card (automatic);1965;83025;213;120391;0,12;4,7;0,63;Gold;43;Urban;58;1
9554-DFKIC;Male;0;1;1;1;DSL;1;0;0;Month-to-month;1;Bank transfer (automatic);5445;15887;131;152723;0,15;3,1;0,24;Bronze;44;Urban;27;1
5527-ACHSO;Female;0;0;1;0;DSL;0;0;0;Month-to-month;0;Mailed check;705;8293;27;246020;0,26;4,6;0,49;Silver;28;Suburban;43;1
0829-DDVLK;Female;0;0;1;0;0;No internet service;No internet service;No internet service;One year;0;Credit card (automatic);201;30245;35;180264;0,03;3,4;0,48;Bronze;43;Suburban;13;1
1399-UBQIU;Male;0;0;1;0;DSL;0;0;1;Month-to-month;1;Electronic check;6935;71225;62;117921;0,24;3,6;0,45;Bronze;31;Suburban;8;1
1813-JLKWR;Female;0;1;1;0;0;No internet service;No internet service;No internet service;One year;0;Bank transfer (automatic);198;133665;299;108460;0,05;4;0,08;Silver;18;Suburban;45;0
0336-PIKEI;Male;1;1;1;0;DSL;1;1;1;Two year;0;Bank transfer (automatic);744;536075;382;232143;0,01;3,9;0,22;Gold;28;Urban;12;0
7322-OCWHC;Male;1;1;1;1;Fiber optic;1;1;1;Two year;1;Bank transfer (automatic);9305;673505;397;171725;0,06;4;0,09;Bronze;47;Suburban;50;1
9537-VHDTA;Female;0;0;1;0;DSL;1;0;0;Month-to-month;0;Mailed check;512;512;4;138445;0,23;4,1;0,79;Bronze;41;Suburban;21;1
4957-TIALW;Female;0;0;1;0;DSL;1;1;1;One year;0;Credit card (automatic);656;10100;61;162208;0,12;3,7;0,33;Silver;21;Urban;29;0
2054-PJOCK;Female;0;0;1;1;DSL;0;0;1;One year;0;Credit card (automatic);8055;484705;223;186283;0,26;3,4;0,18;Bronze;39;Rural;31;1
9150-HEPMB;Male;0;0;1;0;DSL;1;0;1;One year;0;Mailed check;527;30197;182;165779;0,16;4,5;0,28;Silver;25;Urban;15;0
9030-QGZNL;Female;0;0;1;0;0;No internet service;No internet service;No internet service;Two year;0;Mailed check;2085;16165;29;83060;0,01;3,8;0,33;Bronze;33;Suburban;50;1
6204-IEUXJ;Female;0;0;1;0;Fiber optic;0;0;1;Month-to-month;0;Credit card (automatic);801;21755;15;205806;0,22;4;0,56;Bronze;50;Suburban;24;1
3126-WQMGH;Female;0;1;1;1;DSL;0;0;0;Month-to-month;1;Credit card (automatic);5215;258375;215;93731;0,03;4,3;0,05;Silver;50;Urban;48;1
4529-CKBCL;Female;0;0;1;0;Fiber optic;0;0;0;Month-to-month;1;Electronic check;802;14605;11;157830;0,24;4,8;0,91;Gold;27;Urban;22;1
2506-CLAKW;Female;0;0;1;0;Fiber optic;1;1;1;Month-to-month;1;Bank transfer (automatic);9815;56745;22;195871;0,05;4,4;0,01;Silver;19;Urban;36;0
7176-WRTNX;Male;0;0;1;1;Fiber optic;1;1;1;Two year;1;Bank transfer (automatic);11495;771125;309;100719;0,01;3,1;0,28;Gold;21;Urban;27;1
1583-IHQZE;Male;0;0;1;1;Fiber optic;0;1;1;Month-to-month;1;Mailed check;11295;138475;54;129116;0,23;4,7;0,11;Bronze;40;Urban;2;1
5732-IKGQH;Male;1;1;1;0;Fiber optic;1;0;1;One year;1;Bank transfer (automatic);10445;548125;227;106325;0,29;5;0,26;Gold;44;Urban;59;1
9239-GZHZE;Female;0;1;1;1;Fiber optic;1;1;1;Two year;1;Credit card (automatic);11365;81242;346;233669;0,11;3,9;0,84;Bronze;50;Urban;58;1
7205-BAIAD;Female;0;0;1;0;0;No internet service;No internet service;No internet service;Two year;1;Bank transfer (automatic);206;8273;117;94551;0,25;4,9;0,62;Gold;50;Urban;22;1
0151-ONTOV;Female;0;0;1;0;Fiber optic;0;0;0;Month-to-month;0;Mailed check;709;709;4;173287;0,06;4,1;0,23;Silver;37;Urban;32;1
4140-MUHUG;Female;1;0;1;0;Fiber optic;0;0;1;Month-to-month;1;Electronic check;8685;22095;7;104278;0,24;3,9;0,87;Bronze;30;Urban;53;1
0093-EXYQL;Female;1;0;1;0;Fiber optic;0;0;0;Month-to-month;1;Electronic check;9155;36736;141;95141;0,02;3,7;0,08;Bronze;28;Suburban;38;0
8064-RAVOH;Male;0;0;1;0;DSL;0;0;1;Month-to-month;1;Electronic check;4985;4985;3;147913;0,06;4,3;0,75;Silver;36;Suburban;24;1
0219-QAERP;Male;0;1;1;0;0;No internet service;No internet service;No internet service;One year;0;Credit card (automatic);198;57665;138;113615;0,09;3,5;0,85;Bronze;49;Urban;24;0
0320-JDNQG;Male;0;1;1;0;Fiber optic;1;0;0;Month-to-month;1;Electronic check;9985;23313;133;202058;0,04;3,2;0,62;Platinum;20;Urban;38;1
7180-PISOG;Male;0;1;1;1;Fiber optic;0;0;0;Month-to-month;1;Electronic check;745;745;4;192684;0,11;3,1;0,05;Bronze;30;Rural;20;1
9168-INPSZ;Female;1;1;1;1;Fiber optic;0;0;1;Month-to-month;0;Electronic check;10415;449565;218;107452;0,06;3,6;0,37;Bronze;45;Urban;54;1
3571-RFHAR;Male;0;0;1;1;Fiber optic;0;1;1;Month-to-month;1;Electronic check;10915;69412;261;233797;0,19;3,8;0,22;Bronze;39;Suburban;58;1
0015-UOCOJ;Female;1;0;1;0;DSL;1;0;0;Month-to-month;1;Electronic check;482;34035;31;130391;0,03;4,1;0,56;Bronze;36;Urban;30;1
5334-AFQJB;Male;1;0;1;1;0;No internet service;No internet service;No internet service;Two year;1;Credit card (automatic);251;17899;164;200288;0;3,6;0,89;Silver;48;Urban;48;1
2754-SDJRD;Female;1;0;1;1;Fiber optic;0;0;0;Month-to-month;1;Credit card (automatic);10015;90855;24;193535;0,16;5;0,59;Silver;37;Suburban;29;0
9578-VRMNM;Female;0;0;1;1;DSL;0;0;1;Month-to-month;1;Credit card (automatic);652;104335;55;222770;0,17;3,6;0,92;Gold;41;Rural;38;0
1587-FKLZB;Male;1;1;1;1;Fiber optic;0;0;1;Month-to-month;1;Credit card (automatic);995;682215;256;166711;0,27;3,9;0,36;Bronze;49;Suburban;44;1
6140-QNRQQ;Male;0;0;1;0;Fiber optic;0;0;0;Month-to-month;1;Mailed check;7155;7155;2;157850;0,15;3,2;0,07;Platinum;26;Suburban;59;1
8963-JLGJT;Male;0;0;1;0;DSL;1;0;1;Month-to-month;0;Mailed check;559;15755;7;189733;0,16;3,5;0,65;Bronze;36;Urban;44;0
4307-KTUMW;Male;0;1;1;1;Fiber optic;1;0;1;Month-to-month;0;Electronic check;939;50292;164;82365;0,14;3,1;0,67;Platinum;40;Urban;41;1
1465-LNTLJ;Male;1;1;1;0;DSL;0;0;1;Month-to-month;1;Credit card (automatic);644;5817;47;177662;0,08;4,1;0,65;Bronze;42;Urban;51;1
5440-FLBQG;Male;1;1;1;1;Fiber optic;0;1;1;Two year;1;Bank transfer (automatic);1084;73182;229;123372;0,02;4,5;0,22;Gold;50;Urban;33;0
2135-DQWAQ;Female;0;0;1;0;Fiber optic;0;1;0;Month-to-month;1;Mailed check;853;42045;19;124134;0,12;3,4;0,14;Silver;19;Rural;37;1
4056-QHXHZ;Female;0;1;1;1;Fiber optic;1;0;1;Two year;0;Mailed check;10745;75767;200;117823;0,02;3,7;0,98;Bronze;20;Urban;6;0
7470-MCQTK;Female;0;1;0;No phone service;DSL;0;0;1;Month-to-month;1;Bank transfer (automatic);4875;6334;57;151158;0,17;3;0,05;Bronze;45;Urban;26;1
7488-MXJIV;Female;0;0;1;1;Fiber optic;0;0;0;Month-to-month;1;Electronic check;8565;32165;12;176076;0,09;4,7;0,47;Silver;54;Urban;12;0
7401-JIXNM;Female;0;1;1;1;DSL;1;1;1;Two year;0;Credit card (automatic);913;49650;152;213021;0,16;4,6;0,43;Bronze;52;Urban;28;0
9339-FIIJL;Male;0;1;1;1;DSL;0;1;1;Two year;0;Bank transfer (automatic);8595;61519;292;129396;0,04;3,1;0,36;Silver;31;Urban;22;1
2027-FECZV;Male;0;0;1;1;Fiber optic;0;1;1;Month-to-month;1;Electronic check;1067;12539;24;188336;0,28;3,7;0,78;Silver;41;Urban;7;1
2672-DZUOY;Male;0;0;0;No phone service;DSL;0;0;0;Month-to-month;1;Electronic check;2515;2515;2;111912;0,27;4,9;0,75;Gold;54;Urban;20;1
4706-DGAHW;Male;1;0;1;0;DSL;0;0;0;Month-to-month;0;Electronic check;452;452;2;136947;0,06;3,8;0,91;Platinum;20;Suburban;12;1
3870-MQAMG;Female;0;1;1;1;Fiber optic;0;1;1;One year;0;Electronic check;11035;589315;115;124387;0,01;4,1;0,04;Bronze;40;Urban;25;0
6670-MFRPK;Male;0;1;1;1;Fiber optic;0;0;1;Two year;1;Credit card (automatic);792;542065;167;96508;0,18;3,7;0,56;Bronze;51;Urban;42;0
6177-PEVRA;Female;0;0;1;0;DSL;1;1;0;Two year;0;Credit card (automatic);555;262735;161;125592;0,03;4,2;0,89;Bronze;26;Suburban;9;0
4800-CZMPC;Female;0;1;1;1;Fiber optic;1;1;0;One year;1;Credit card (automatic);10325;503755;250;189249;0,11;5;0,99;Gold;35;Suburban;28;0
4813-HQMGZ;Female;0;1;1;1;Fiber optic;0;0;0;Month-to-month;1;Electronic check;9025;74375;34;81919;0,08;5;0,97;Platinum;19;Urban;26;0
7579-KKLOE;Male;0;1;1;1;DSL;1;1;1;Two year;1;Mailed check;9125;65896;287;122595;0,27;4,5;0,72;Platinum;39;Urban;55;1
7377-DMMRI;Male;0;0;1;0;DSL;1;0;0;Month-to-month;1;Electronic check;478;9245;6;220689;0,26;3,8;0,14;Platinum;52;Suburban;3;1
8402-EIVQS;Male;0;1;1;0;Fiber optic;1;1;0;One year;1;Credit card (automatic);1009;673315;383;113298;0,17;4;0,02;Gold;48;Urban;41;0
4947-DSMXK;Male;0;1;1;1;Fiber optic;0;1;0;Month-to-month;1;Bank transfer (automatic);977;34100;121;218001;0,16;3,7;0,83;Platinum;43;Urban;30;0
7245-NIIWQ;Female;0;0;1;0;Fiber optic;0;0;0;Month-to-month;1;Electronic check;6985;19985;7;94456;0,28;5;0,84;Bronze;31;Urban;16;1
0002-ORFBO;Female;0;1;1;0;DSL;0;1;0;One year;1;Mailed check;656;5933;40;189599;0,28;4,4;0,75;Platinum;45;Suburban;59;1
3324-OIRTO;Male;0;1;1;0;Fiber optic;1;1;1;One year;1;Bank transfer (automatic);10465;72884;174;166676;0,29;3,9;0,28;Gold;28;Suburban;7;1
5414-OFQCB;Male;0;0;1;1;Fiber optic;0;0;0;Two year;1;Credit card (automatic);9045;52298;192;163721;0,04;3;0,64;Bronze;49;Rural;51;1
4967-WPNCF;Male;0;0;0;No phone service;DSL;1;1;1;Two year;1;Bank transfer (automatic);637;44648;290;117924;0,05;4;0,32;Bronze;38;Urban;36;0
8552-OBVRU;Female;1;1;1;0;Fiber optic;1;0;1;Month-to-month;1;Electronic check;1045;506805;263;104240;0,02;5;0,45;Bronze;40;Urban;19;0
8499-BRXTD;Male;0;0;1;0;0;No internet service;No internet service;No internet service;One year;0;Mailed check;201;40185;71;167381;0,16;4;0,38;Gold;41;Suburban;46;1
9154-QDGTH;Male;0;1;1;1;Fiber optic;0;0;1;One year;1;Credit card (automatic);1043;445185;206;89228;0,01;3,4;0,91;Silver;29;Urban;54;1
8197-BFWVU;Female;0;1;1;1;DSL;1;1;1;Two year;1;Bank transfer (automatic);9325;668895;429;101686;0,02;3;0,23;Bronze;20;Urban;9;1
2577-GVSIL;Male;0;1;1;1;DSL;0;0;0;One year;1;Bank transfer (automatic);7345;26611;88;91920;0,27;3,7;0,58;Gold;23;Urban;50;1
9367-OIUXP;Male;0;0;1;0;0;No internet service;No internet service;No internet service;Month-to-month;0;Mailed check;207;7305;12;87432;0,26;4,8;0,36;Bronze;29;Urban;49;1
6770-UAYGJ;Female;0;1;1;1;0;No internet service;No internet service;No internet service;Two year;0;Mailed check;2525;121165;175;190507;0,11;5;0,66;Gold;37;Suburban;57;1
6463-HHXJR;Female;0;1;1;1;Fiber optic;1;1;1;Two year;0;Bank transfer (automatic);1005;703065;261;210509;0,27;4,9;0,56;Gold;23;Urban;43;1
7928-VJYAB;Male;0;1;1;0;Fiber optic;0;0;0;Month-to-month;0;Electronic check;906;10202;40;151725;0,18;4,5;0,92;Platinum;37;Urban;33;0
1187-WILMM;Male;0;1;1;1;DSL;1;1;1;Two year;1;Credit card (automatic);894;559765;354;244982;0,24;4,1;0,01;Bronze;31;Urban;38;1
9776-OJUZI;Female;1;0;1;1;Fiber optic;0;1;1;Month-to-month;1;Bank transfer (automatic);9545;62233;315;201764;0,13;4,2;0,22;Platinum;18;Suburban;10;0
1306-RPWXZ;Female;0;0;1;0;0;No internet service;No internet service;No internet service;Two year;0;Credit card (automatic);2045;102465;217;241298;0,03;4,1;0,77;Bronze;37;Suburban;46;1
8949-JTMAY;Female;0;0;1;1;Fiber optic;0;0;1;Month-to-month;1;Credit card (automatic);986;29332;93;139099;0,13;4,4;0,37;Silver;39;Suburban;11;0
2774-LVQUS;Female;1;1;1;1;Fiber optic;0;0;1;Month-to-month;1;Electronic check;8305;12583;79;192557;0,14;3,8;0,17;Silver;48;Urban;9;0
3097-PYWXL;Female;0;1;1;0;0;No internet service;No internet service;No internet service;Month-to-month;1;Electronic check;1995;829;23;166760;0,17;4,3;0,05;Silver;48;Suburban;12;0
2266-SJNAT;Female;0;1;1;1;Fiber optic;0;1;1;One year;0;Credit card (automatic);10915;77896;380;98013;0,03;3,2;0,65;Platinum;45;Urban;53;1
0869-PAPRP;Female;1;1;1;0;Fiber optic;0;0;1;Month-to-month;1;Credit card (automatic);857;20670;52;101446;0,03;3,5;0,04;Silver;29;Urban;33;1
4238-JSSWH;Female;1;1;1;1;Fiber optic;0;0;1;Month-to-month;0;Bank transfer (automatic);10205;345255;159;185209;0,07;4,7;0,29;Platinum;33;Urban;55;1
2972-YDYUW;Female;0;0;1;1;Fiber optic;0;1;0;One year;0;Electronic check;947;546895;125;182261;0,06;4,8;0,81;Bronze;50;Urban;29;0
1104-FEJAM;Male;0;1;1;1;DSL;0;1;0;Month-to-month;0;Electronic check;644;180215;84;175739;0,16;4,1;0,52;Bronze;52;Suburban;14;0
2809-ILCYT;Female;0;1;1;1;0;No internet service;No internet service;No internet service;One year;1;Mailed check;268;73355;55;80557;0,16;3,1;0,04;Silver;21;Suburban;53;1
5499-ECUTN;Female;0;1;1;0;DSL;1;0;1;One year;1;Credit card (automatic);6605;302145;207;241738;0,13;4,9;0,28;Bronze;27;Suburban;7;0
4981-FLTMF;Female;0;1;1;1;DSL;1;1;0;Month-to-month;0;Bank transfer (automatic);652;368785;270;248461;0,23;4,4;0,64;Platinum;51;Rural;37;1
9121-PHQSR;Male;1;1;1;1;Fiber optic;0;0;0;Month-to-month;1;Credit card (automatic);8505;139115;39;210878;0,15;3,8;0,02;Gold;20;Urban;35;0
3113-IWHLC;Male;0;0;1;0;DSL;1;0;1;Month-to-month;1;Mailed check;558;27435;17;179143;0,18;4,2;0,83;Silver;48;Urban;39;0
3211-ILJTT;Male;0;1;1;0;Fiber optic;0;0;0;Month-to-month;1;Bank transfer (automatic);704;121405;65;104578;0,22;3,9;0,68;Gold;48;Suburban;51;1
4612-THJBS;Female;1;0;1;1;Fiber optic;0;1;1;One year;1;Bank transfer (automatic);10475;551065;194;154779;0,01;3,9;0,47;Silver;18;Suburban;21;0
4277-BWBML;Male;0;1;1;0;0;No internet service;No internet service;No internet service;Two year;0;Bank transfer (automatic);1995;132285;178;220668;0,17;4,8;0,92;Bronze;22;Rural;4;0
4094-NSEDU;Female;1;0;1;1;Fiber optic;0;0;0;Month-to-month;1;Electronic check;9425;197375;77;137500;0,27;3,3;0,39;Silver;22;Urban;31;1
0234-TEVTT;Female;0;1;0;No phone service;DSL;1;0;1;One year;0;Credit card (automatic);450;21963;240;152534;0,01;3,2;0,24;Silver;19;Suburban;19;1
4304-TSPVK;Female;0;1;1;1;Fiber optic;1;1;1;Two year;0;Bank transfer (automatic);1149;784355;155;90129;0,12;3;0,66;Platinum;32;Suburban;22;1
1552-AAGRX;Female;0;0;1;1;Fiber optic;1;0;0;Month-to-month;0;Bank transfer (automatic);1064;32119;69;91596;0,28;3,6;0,57;Bronze;18;Urban;39;1
2637-FKFSY;Female;0;1;1;0;DSL;0;0;0;Month-to-month;1;Mailed check;461;13015;10;145355;0,11;3,3;0,34;Silver;38;Suburban;45;1
9796-MVYXX;Female;1;0;0;No phone service;DSL;1;0;1;Two year;0;Mailed check;397;69235;80;92974;0,14;3,4;0,34;Bronze;54;Urban;53;1
7874-ECPQJ;Female;0;0;1;0;0;No internet service;No internet service;No internet service;Month-to-month;1;Bank transfer (automatic);2005;855;18;192004;0,29;3;0,04;Bronze;24;Urban;48;1
0020-INWCK;Female;0;1;1;1;Fiber optic;0;1;1;Two year;1;Credit card (automatic);9575;68494;334;206794;0,06;3,5;0,29;Silver;28;Suburban;54;1
7089-RKVSZ;Male;0;1;1;1;0;No internet service;No internet service;No internet service;One year;0;Mailed check;244;20395;27;150202;0,02;3,7;0,71;Bronze;43;Suburban;51;1
2683-JXWQQ;Male;0;1;0;No phone service;DSL;1;0;1;Month-to-month;0;Bank transfer (automatic);336;21172;266;154442;0,26;3,1;0,65;Gold;19;Urban;1;1
9548-ZMVTX;Male;0;1;1;1;Fiber optic;0;1;1;Two year;0;Bank transfer (automatic);9045;656585;146;232890;0,26;4,2;0,44;Silver;47;Suburban;18;1
8739-XNIKG;Female;0;0;1;1;Fiber optic;0;0;0;Month-to-month;1;Electronic check;840;42475;22;135598;0,14;4,1;0,04;Bronze;31;Urban;25;0
9755-JHNMN;Female;0;0;1;0;DSL;1;1;1;Two year;0;Bank transfer (automatic);674;330685;277;213726;0,15;3,2;0,37;Silver;22;Urban;35;1
3981-QSVQI;Male;0;0;1;0;0;No internet service;No internet service;No internet service;Month-to-month;1;Bank transfer (automatic);197;1689;35;113758;0,25;4,2;0,28;Bronze;48;Urban;13;1
2789-HQBOU;Male;0;0;1;0;Fiber optic;0;0;0;Month-to-month;1;Electronic check;8035;2538;16;104204;0,22;5;0,09;Gold;49;Suburban;6;1
9424-CMPOG;Male;0;1;1;0;0;No internet service;No internet service;No internet service;Two year;0;Mailed check;196;1974;44;207309;0,08;4,9;0,27;Bronze;51;Suburban;56;1
5067-WJEUN;Male;0;1;1;0;DSL;1;1;0;Two year;1;Bank transfer (automatic);542;38382;166;246000;0,01;3;0,32;Bronze;27;Urban;15;1
3450-WXOAT;Male;0;0;1;0;DSL;0;0;0;Month-to-month;1;Credit card (automatic);452;206515;258;110552;0,14;4,6;0,55;Silver;48;Rural;9;0
9251-WNSOD;Female;0;1;1;1;DSL;1;1;1;One year;0;Mailed check;751;506445;151;221408;0,26;3,7;0,77;Platinum;44;Suburban;42;1
6974-DAFLI;Female;0;1;1;0;0;No internet service;No internet service;No internet service;One year;0;Electronic check;197;114005;227;127037;0,27;3,1;0,04;Gold;35;Urban;21;1
2616-UUTFK;Male;0;1;1;1;DSL;1;1;1;Month-to-month;1;Bank transfer (automatic);7275;244745;84;227278;0,29;3,6;0,94;Bronze;22;Suburban;25;1
7064-JHXCE;Male;0;1;1;0;0;No internet service;No internet service;No internet service;Two year;0;Credit card (automatic);2005;12639;126;114831;0,26;3,6;0,83;Bronze;34;Suburban;4;1
5103-MHMHY;Female;0;0;1;0;DSL;0;0;0;Month-to-month;0;Mailed check;4595;4595;3;123563;0,17;4;0,98;Silver;28;Urban;56;1
7989-AWGEH;Male;0;1;0;No phone service;DSL;1;0;0;Month-to-month;1;Electronic check;392;183815;155;98361;0,13;4,3;0,88;Gold;22;Urban;11;0
4373-VVHQL;Male;0;0;1;0;DSL;0;0;0;Month-to-month;1;Electronic check;4475;4475;3;121335;0,23;4,5;0,62;Bronze;54;Urban;23;1
4559-UWIHT;Male;0;1;1;1;Fiber optic;0;1;1;Month-to-month;1;Electronic check;8265;11850;60;154469;0,22;3,5;0,06;Silver;38;Suburban;55;1
7268-IGMFD;Male;1;0;1;1;Fiber optic;0;0;1;Month-to-month;0;Bank transfer (automatic);939;17439;39;105816;0,16;3,6;0,13;Bronze;41;Rural;23;0
1846-XWOQN;Female;1;0;1;0;Fiber optic;0;0;0;Month-to-month;1;Electronic check;7015;7015;2;226691;0,03;3,6;0,72;Bronze;47;Urban;14;1
0235-KGSLC;Female;0;0;1;0;Fiber optic;0;0;1;Month-to-month;1;Credit card (automatic);8555;8555;4;172479;0,28;3,7;0,06;Silver;33;Rural;23;1
6650-BWFRT;Female;0;1;1;1;Fiber optic;1;1;1;Two year;1;Credit card (automatic);11715;85295;242;106819;0,14;5;0,51;Bronze;39;Urban;23;0
9570-KYEUA;Male;0;0;1;1;Fiber optic;1;0;1;Two year;0;Credit card (automatic);9925;654945;314;222813;0,11;4,6;0,69;Bronze;19;Urban;41;0
6993-YGFJV;Male;0;1;1;1;Fiber optic;1;1;1;Two year;1;Bank transfer (automatic);11255;78065;318;202330;0,19;4,9;0,44;Bronze;36;Suburban;25;0
2712-SYWAY;Female;0;0;1;1;0;No internet service;No internet service;No internet service;Month-to-month;1;Electronic check;257;257;5;88798;0,02;4,4;0,52;Silver;54;Urban;54;1
0730-BGQGF;Male;0;1;1;1;DSL;1;1;1;Two year;0;Credit card (automatic);903;62873;338;236215;0,06;3,8;0,04;Bronze;19;Urban;33;0
5498-IBWPI;Female;0;1;1;0;DSL;0;0;0;One year;1;Credit card (automatic);494;325185;245;129695;0,25;3,8;0,72;Silver;28;Urban;17;1
9101-NTIXF;Male;0;0;1;0;0;No internet service;No internet service;No internet service;Month-to-month;0;Mailed check;194;506;9;243819;0,09;4;0,88;Platinum;50;Urban;42;0
0013-SMEOE;Female;1;1;1;0;Fiber optic;1;1;1;Two year;1;Bank transfer (automatic);1097;790425;220;209544;0,06;3,8;0,84;Bronze;26;Suburban;36;0
9314-QDMDW;Male;0;0;1;0;DSL;0;1;0;One year;1;Electronic check;6125;72995;35;232254;0,12;4,7;0,79;Silver;42;Urban;5;0
9308-ANMVE;Male;0;0;1;0;DSL;1;1;0;Month-to-month;1;Electronic check;553;265405;242;89415;0,22;3,9;0,01;Gold;23;Suburban;44;1
2884-GBPFB;Female;0;1;1;0;Fiber optic;0;0;0;Month-to-month;1;Electronic check;703;241655;132;222157;0,29;3,6;0,91;Bronze;28;Suburban;24;1
3757-NJYBX;Male;1;1;1;1;Fiber optic;0;1;1;Month-to-month;0;Bank transfer (automatic);10635;352075;166;226080;0,24;4,5;0,27;Bronze;44;Urban;16;1
3413-DHLPB;Male;0;1;1;1;Fiber optic;0;1;0;Month-to-month;1;Bank transfer (automatic);10375;596995;317;167638;0,28;4,7;0,89;Bronze;25;Suburban;58;1
7649-PHJVR;Male;0;0;1;0;0;No internet service;No internet service;No internet service;One year;0;Mailed check;195;2268;59;98452;0,04;3,8;0,02;Silver;48;Rural;15;0
6114-TCFID;Female;0;0;0;No phone service;DSL;1;1;0;One year;0;Credit card (automatic);395;108275;164;219192;0,02;4,3;0,44;Silver;44;Urban;54;1
3787-TRIAL;Male;0;1;0;No phone service;DSL;0;0;0;Month-to-month;1;Electronic check;2605;56575;78;190205;0,17;3,1;0,75;Bronze;22;Urban;54;1
2573-GYRUU;Male;1;1;1;1;Fiber optic;0;0;1;Month-to-month;1;Credit card (automatic);9105;437075;157;98170;0,09;4,1;0,64;Gold;32;Suburban;55;1
5156-UMKOW;Female;0;0;0;No phone service;DSL;0;1;0;Month-to-month;0;Mailed check;2965;9005;12;96259;0,25;3,1;0,42;Gold;19;Urban;28;1
1247-QBVSH;Female;0;1;1;0;DSL;0;1;0;Month-to-month;0;Mailed check;502;21694;149;102099;0,02;3,1;0,68;Bronze;32;Urban;0;1
6734-GMPVK;Male;0;0;1;1;Fiber optic;0;1;1;Month-to-month;0;Electronic check;1053;5506;22;220721;0,29;4,2;0,55;Gold;48;Urban;59;1
9822-OAOVB;Female;0;0;1;0;DSL;0;0;0;Month-to-month;1;Electronic check;5545;5545;4;209394;0,08;3,6;0,28;Bronze;37;Urban;44;1
6161-ERDGD;Male;0;1;1;1;DSL;1;0;1;One year;0;Electronic check;8545;630085;337;139258;0,15;4,5;0,65;Silver;20;Urban;41;0
1226-JZNKR;Female;0;1;1;0;0;No internet service;No internet service;No internet service;One year;0;Electronic check;198;16005;27;91805;0,15;4,8;0,02;Bronze;27;Urban;44;0
7318-EIVKO;Male;0;0;1;1;DSL;0;0;0;Month-to-month;1;Electronic check;5925;4366;21;123147;0,07;3,3;0,69;Silver;43;Urban;19;1
3771-PZOBW;Male;0;0;1;1;Fiber optic;0;0;1;Month-to-month;1;Credit card (automatic);907;178135;74;154280;0,18;4,4;0;Bronze;27;Urban;25;0
5136-KCKGI;Female;0;1;1;1;Fiber optic;1;0;1;One year;1;Mailed check;1037;34670;84;186777;0,13;4;0,55;Silver;30;Suburban;20;0
8231-BSWXX;Male;0;0;1;1;Fiber optic;0;1;0;One year;1;Credit card (automatic);7905;55525;394;177841;0,13;3,2;0,04;Bronze;38;Suburban;49;1
6486-LHTMA;Female;1;1;1;1;Fiber optic;0;0;1;One year;1;Electronic check;907;28355;104;204726;0,11;4,3;0,03;Gold;51;Urban;49;1
4083-BFNYK;Female;1;1;1;1;Fiber optic;1;1;0;One year;0;Credit card (automatic);950;359125;99;208359;0,01;4,2;0,52;Bronze;49;Urban;26;0
3722-WPXTK;Male;0;0;1;0;Fiber optic;0;0;0;Month-to-month;1;Electronic check;8835;8835;2;156215;0,16;4;0,65;Bronze;26;Suburban;35;1
7389-KBFIT;Female;0;1;0;No phone service;DSL;0;1;0;Month-to-month;1;Mailed check;3025;6375;9;192909;0,01;4,9;0,97;Bronze;47;Urban;34;0
7176-WIONM;Female;0;1;0;No phone service;DSL;0;0;1;Month-to-month;1;Bank transfer (automatic);4985;61715;54;175365;0;4;0,83;Bronze;18;Suburban;15;0
5141-ZUVBH;Female;0;0;1;0;Fiber optic;1;0;1;Month-to-month;0;Bank transfer (automatic);930;87025;30;90985;0,09;5;0,72;Gold;29;Urban;28;0
1089-HDMKP;Male;1;0;1;0;DSL;0;1;0;Month-to-month;1;Electronic check;5455;60125;25;92391;0,08;4;0,48;Platinum;52;Urban;6;0
7623-HKYRK;Male;0;0;1;0;0;No internet service;No internet service;No internet service;Month-to-month;0;Mailed check;197;11165;21;84861;0,12;3,2;0,39;Gold;41;Urban;6;1
0310-SUCIN;Female;0;1;1;0;DSL;1;1;1;One year;1;Bank transfer (automatic);848;60461;230;114364;0,04;3,9;0,03;Gold;27;Suburban;33;0
5197-PYEPU;Female;0;1;1;1;Fiber optic;1;1;0;One year;1;Credit card (automatic);9445;39238;197;162399;0,15;3,4;0,36;Bronze;41;Urban;47;1
2929-ERCFZ;Female;0;1;1;0;Fiber optic;0;0;1;Month-to-month;1;Electronic check;942;7773;35;122923;0,21;4,2;0,85;Bronze;35;Suburban;4;1
7548-SEPYI;Female;0;0;1;0;Fiber optic;0;1;0;Month-to-month;1;Electronic check;9625;51245;17;218991;0,19;4,4;0,38;Silver;25;Urban;52;1
8835-VSDSE;Female;0;1;1;0;Fiber optic;0;0;0;Month-to-month;1;Electronic check;707;14145;5;165818;0,24;3,9;0,46;Platinum;30;Urban;7;1
6619-RPLQZ;Female;0;1;1;0;0;No internet service;No internet service;No internet service;Two year;0;Mailed check;2085;89215;267;245912;0,14;3,2;0,27;Silver;33;Urban;7;1
3275-RHRNE;Male;0;1;0;No phone service;DSL;0;1;1;One year;1;Credit card (automatic);600;168205;106;151160;0,16;3,9;0,27;Bronze;31;Urban;42;0
3503-TYDAY;Female;0;1;1;1;Fiber optic;0;1;0;Month-to-month;0;Electronic check;8045;33989;204;208165;0,24;3,2;0,06;Bronze;26;Urban;28;1
6901-GOGZG;Male;0;0;1;1;DSL;1;0;1;Two year;1;Electronic check;8495;498485;153;219248;0,13;4,4;0,61;Bronze;26;Urban;51;1
1623-NLDOT;Female;0;1;0;No phone service;DSL;0;1;0;One year;0;Mailed check;3355;14453;165;113529;0,21;4,6;0,45;Bronze;22;Urban;9;1
7021-XSNYE;Male;0;1;0;No phone service;DSL;1;0;1;Two year;0;Credit card (automatic);4965;30555;14;224013;0,13;4,9;0,61;Gold;28;Urban;0;0
9621-OUPYD;Female;0;1;1;0;0;No internet service;No internet service;No internet service;One year;1;Bank transfer (automatic);202;5079;100;81669;0,13;3,3;0,55;Bronze;36;Suburban;37;1
9898-KZQDZ;Female;1;1;1;1;Fiber optic;0;0;0;Month-to-month;1;Credit card (automatic);9455;364045;234;197373;0,23;4,1;0,08;Gold;27;Suburban;27;1
8982-NHAVY;Male;0;0;1;1;Fiber optic;0;0;1;One year;1;Bank transfer (automatic);1005;267345;95;124859;0,05;4,1;0,75;Platinum;33;Urban;6;0
4307-KWMXE;Male;0;0;0;No phone service;DSL;0;1;0;Month-to-month;0;Electronic check;3575;3898;21;135786;0,01;4,8;0,77;Gold;46;Urban;16;0
0141-YEAYS;Female;1;0;1;1;Fiber optic;0;1;1;Month-to-month;1;Bank transfer (automatic);8645;240105;57;100323;0,07;4,3;0,05;Platinum;22;Urban;55;1
2450-ZKEED;Female;0;0;1;0;DSL;0;0;1;One year;0;Bank transfer (automatic);538;65155;39;86021;0,11;3,3;0,35;Bronze;35;Urban;47;1
3694-DELSO;Male;0;1;0;No phone service;DSL;1;0;0;Month-to-month;0;Credit card (automatic);3855;1561;10;119807;0,07;3,9;0,93;Platinum;52;Urban;45;0
3893-JRNFS;Male;0;0;0;No phone service;DSL;0;0;1;Month-to-month;1;Bank transfer (automatic);399;279635;142;208305;0,17;4,3;0,05;Bronze;53;Urban;56;1
9603-OAIHC;Male;1;0;1;0;Fiber optic;0;0;0;Month-to-month;1;Electronic check;7005;7005;5;130355;0,24;4,4;0,15;Gold;39;Suburban;23;1
1133-KXCGE;Female;0;0;1;0;0;No internet service;No internet service;No internet service;One year;0;Mailed check;201;40705;69;193415;0,24;4,7;0,42;Bronze;41;Suburban;34;1
5236-PERKL;Female;0;0;1;1;Fiber optic;1;1;1;Two year;1;Bank transfer (automatic);11295;64650;179;88711;0,11;3,4;0,61;Silver;29;Urban;8;1
0142-GVYSN;Male;0;0;1;0;0;No internet service;No internet service;No internet service;Month-to-month;1;Electronic check;203;51125;145;87904;0,03;4,9;0,01;Bronze;29;Suburban;41;1
1049-FYSYG;Female;0;1;0;No phone service;DSL;0;1;1;Month-to-month;1;Credit card (automatic);3565;64605;41;144033;0,18;3,1;0,72;Bronze;52;Urban;2;1
7854-FOKSF;Male;0;0;0;No phone service;DSL;0;0;0;Month-to-month;0;Electronic check;359;359;5;166478;0,12;5;0,56;Platinum;36;Urban;43;0
2519-FAKOD;Male;0;0;1;1;Fiber optic;0;0;1;Month-to-month;1;Bank transfer (automatic);9925;377715;123;200035;0,25;4,7;0,48;Gold;54;Suburban;3;1
8406-LNMHF;Male;1;1;1;0;Fiber optic;1;1;1;One year;1;Credit card (automatic);8295;490315;327;83093;0,22;4,3;0,42;Silver;31;Urban;31;1
1821-BUCWY;Male;0;0;1;0;DSL;1;0;1;Two year;1;Mailed check;5565;165385;132;104918;0,22;4,5;0,52;Silver;40;Suburban;43;1
8263-JQAIK;Male;1;0;0;No phone service;DSL;0;0;0;Month-to-month;1;Mailed check;2445;475;10;220466;0,06;3,1;0,16;Gold;39;Urban;53;1
0023-UYUPN;Female;1;1;1;1;0;No internet service;No internet service;No internet service;One year;0;Electronic check;252;13063;296;204501;0,14;3,1;0,11;Bronze;28;Suburban;54;1
8314-DPQHL;Male;0;0;0;No phone service;DSL;1;0;1;One year;0;Mailed check;508;4636;28;172510;0,26;3,2;0,29;Gold;19;Urban;12;1
1465-WCZVT;Female;0;1;1;0;0;No internet service;No internet service;No internet service;Month-to-month;0;Mailed check;1965;6065;17;173708;0,15;3,2;0,71;Silver;27;Suburban;23;1
9481-SFCQY;Female;0;0;1;0;DSL;0;0;1;Month-to-month;1;Credit card (automatic);598;82485;49;177819;0,21;4,1;0,59;Silver;22;Urban;6;1
6360-SVNWV;Female;1;0;1;0;Fiber optic;1;0;0;Month-to-month;1;Credit card (automatic);7355;209465;109;224352;0,18;3,4;0,48;Platinum;47;Urban;18;1
0567-GGCAC;Female;0;0;1;0;DSL;1;1;1;Month-to-month;0;Electronic check;614;4389;23;116303;0,25;4,7;0,57;Silver;38;Suburban;58;1
7089-IVVAZ;Female;0;0;1;1;Fiber optic;1;0;0;Month-to-month;1;Bank transfer (automatic);10335;8473;33;107453;0,09;3,9;0,56;Silver;50;Suburban;26;0
8884-MRNSU;Male;0;1;1;0;0;No internet service;No internet service;No internet service;One year;0;Bank transfer (automatic);199;32975;44;188886;0,17;4,4;0,31;Platinum;42;Suburban;49;1
2171-UDMFD;Male;0;1;1;0;0;No internet service;No internet service;No internet service;Month-to-month;1;Credit card (automatic);1945;67455;134;140695;0,04;4,3;0,01;Platinum;24;Urban;26;0
9050-IKDZA;Female;1;0;1;0;Fiber optic;0;0;0;Month-to-month;0;Mailed check;815;16255;8;236837;0,21;3,6;0,09;Platinum;45;Urban;17;1
2205-YMZZJ;Male;1;0;1;1;Fiber optic;0;0;0;Month-to-month;1;Electronic check;848;54695;35;213412;0,22;3,5;0,06;Silver;33;Urban;29;1
9802-CAQUT;Female;0;1;1;1;Fiber optic;1;1;1;Two year;0;Credit card (automatic);10955;788725;384;118057;0,01;3,7;0,07;Bronze;54;Urban;27;0
1254-IZEYF;Female;1;0;1;1;Fiber optic;0;1;0;Month-to-month;1;Electronic check;9995;318665;116;211669;0,02;4,6;0,46;Bronze;20;Suburban;28;0
0187-WZNAB;Female;0;1;1;0;Fiber optic;1;0;0;Month-to-month;0;Mailed check;744;197235;86;174655;0,12;4,2;0,76;Bronze;36;Suburban;8;0
9492-TOKRI;Female;0;0;1;1;Fiber optic;0;1;0;Month-to-month;1;Credit card (automatic);900;152735;54;95025;0,04;3,5;0,58;Gold;29;Rural;38;0
1475-VWVDO;Male;0;0;1;0;Fiber optic;0;0;1;Month-to-month;1;Electronic check;749;49055;19;87145;0,13;4,6;0,05;Bronze;36;Urban;38;0
9221-OTIVJ;Female;1;0;1;1;Fiber optic;0;1;1;Month-to-month;1;Electronic check;10485;15314;31;181206;0,06;3,1;0,89;Silver;28;Urban;20;1
1357-MVDOZ;Male;0;1;1;0;DSL;0;0;1;Month-to-month;1;Bank transfer (automatic);5965;68325;37;121723;0,12;4,4;0,31;Platinum;20;Suburban;44;0
7602-MVRMB;Female;0;1;1;1;Fiber optic;1;0;1;Two year;1;Bank transfer (automatic);11045;805885;221;153230;0,12;3,9;0,14;Platinum;19;Suburban;37;0
3325-FUYCG;Male;0;1;1;1;Fiber optic;1;1;0;One year;0;Electronic check;1061;28474;164;215902;0,22;4,5;0,09;Bronze;43;Suburban;6;1
5908-QMGOE;Male;1;0;1;1;Fiber optic;0;0;0;Month-to-month;1;Credit card (automatic);742;11339;63;235002;0,23;4,9;0,72;Bronze;39;Suburban;44;1
1197-BVMVG;Female;1;0;1;1;Fiber optic;0;0;0;Month-to-month;1;Electronic check;7445;29445;13;234824;0,18;4,5;0,07;Gold;34;Suburban;24;0
5406-KGRMX;Female;0;0;1;1;0;No internet service;No internet service;No internet service;Two year;0;Electronic check;2455;171915;306;188138;0,01;3,9;0,07;Silver;51;Urban;25;0
8481-YYXWG;Female;0;0;1;0;Fiber optic;0;1;0;Month-to-month;1;Electronic check;8935;4617;12;142040;0,28;3,3;0,92;Gold;32;Suburban;51;1
5968-HYJRZ;Male;0;1;1;1;0;No internet service;No internet service;No internet service;Two year;0;Mailed check;2455;116045;177;188668;0,21;4,6;0,35;Gold;29;Urban;5;1
5198-EFNBM;Male;1;1;1;0;Fiber optic;0;1;1;One year;1;Electronic check;9065;51998;256;135030;0,01;3,9;0,56;Silver;33;Suburban;48;1
7516-GMHUV;Male;1;1;1;1;Fiber optic;1;0;1;Two year;1;Credit card (automatic);10505;51633;197;136815;0,25;3,2;0,62;Bronze;33;Suburban;54;1
7140-ADSMJ;Male;0;0;1;0;0;No internet service;No internet service;No internet service;Month-to-month;1;Credit card (automatic);2045;1623;28;192789;0,06;4,4;0,98;Silver;23;Urban;19;0
2230-XTUWL;Female;0;1;1;0;0;No internet service;No internet service;No internet service;Two year;0;Mailed check;1955;88335;286;246762;0,17;3,6;0,31;Silver;25;Urban;17;0
7706-YLMQA;Female;0;0;1;0;0;No internet service;No internet service;No internet service;One year;0;Bank transfer (automatic);197;13415;386;137923;0,14;3,1;0,96;Bronze;42;Urban;19;1
2585-KTFRE;Male;0;0;1;0;DSL;1;1;0;Month-to-month;1;Bank transfer (automatic);7045;7045;4;247644;0,13;4,8;0,15;Gold;36;Urban;39;1
7994-UYIVZ;Male;0;1;1;1;Fiber optic;0;0;0;Month-to-month;1;Bank transfer (automatic);8565;65945;34;147904;0,27;4;0,76;Platinum;36;Urban;17;1
2609-IAICY;Female;0;0;1;1;Fiber optic;0;0;0;Month-to-month;1;Electronic check;7715;7715;4;240275;0,13;3,6;0,63;Bronze;29;Urban;46;1
1740-CSDJP;Male;0;0;0;No phone service;DSL;0;0;0;Month-to-month;1;Bank transfer (automatic);3525;3525;2;157088;0,02;4,4;0,82;Platinum;26;Urban;0;1
7717-BICXI;Male;0;1;1;0;0;No internet service;No internet service;No internet service;Two year;0;Mailed check;2055;120505;214;85608;0,28;4,8;0,03;Silver;46;Urban;32;1
6559-RAKOZ;Male;0;1;1;1;Fiber optic;0;0;0;One year;1;Electronic check;9795;49179;105;125667;0,28;3;0,08;Gold;44;Urban;38;1
2636-OHFMN;Male;0;1;0;No phone service;DSL;0;1;0;Month-to-month;1;Electronic check;4855;2010;15;135547;0,21;4,4;0,07;Bronze;22;Urban;47;1
4716-MRVEN;Female;0;0;1;0;0;No internet service;No internet service;No internet service;One year;0;Mailed check;200;5993;120;233557;0,14;4,5;0,59;Bronze;43;Urban;22;0
2143-LJULT;Female;0;1;1;1;0;No internet service;No internet service;No internet service;Two year;1;Credit card (automatic);2525;173315;195;220934;0,03;3,4;0,06;Bronze;47;Suburban;51;1
1323-OOEPC;Female;0;1;1;1;Fiber optic;0;1;0;Month-to-month;1;Credit card (automatic);984;51495;310;208391;0,24;4;0,91;Bronze;31;Suburban;13;1
3200-MNQTF;Male;0;1;1;1;DSL;1;1;1;Two year;0;Credit card (automatic);709;46771;377;155948;0,02;3,2;0,47;Bronze;50;Rural;27;1
6164-HXUGH;Female;0;1;1;0;0;No internet service;No internet service;No internet service;Month-to-month;0;Mailed check;1985;1193;29;151880;0,02;4,5;0,07;Gold;52;Urban;20;0
5630-IXDXV;Female;0;0;1;1;Fiber optic;0;1;1;Month-to-month;1;Electronic check;10635;48491;194;137560;0,16;4,7;0,21;Silver;28;Suburban;43;0
0320-DWVTU;Female;0;0;1;0;Fiber optic;1;1;1;Two year;0;Mailed check;995;542425;290;195063;0,05;3,2;0,01;Platinum;21;Urban;36;1
9135-MGVPY;Male;0;1;1;0;DSL;1;1;1;Two year;1;Mailed check;847;58789;174;174218;0;4,6;0,78;Silver;50;Urban;6;0
1212-GLHMD;Male;0;0;1;0;Fiber optic;1;0;0;Month-to-month;1;Mailed check;8605;24485;15;194462;0,13;4,5;0,82;Bronze;23;Urban;11;0
7878-JGDKK;Male;0;0;1;0;DSL;0;0;0;Month-to-month;0;Mailed check;4455;22075;9;239487;0,04;3,7;0,1;Silver;45;Urban;50;1
1088-AUUZZ;Male;0;1;1;1;DSL;1;1;0;Two year;1;Credit card (automatic);7585;42612;289;230395;0,05;4,4;0,41;Platinum;27;Urban;36;0
0397-GZBBC;Male;1;1;1;1;Fiber optic;0;0;0;Month-to-month;1;Bank transfer (automatic);9385;557475;183;97997;0,02;3;0,02;Silver;53;Suburban;38;1
6614-YWYSC;Male;1;1;1;1;0;No internet service;No internet service;No internet service;Two year;0;Bank transfer (automatic);250;150175;336;201266;0,06;4,9;0,23;Bronze;43;Suburban;27;0
9588-OZDMQ;Female;0;1;1;0;DSL;0;0;0;Month-to-month;1;Electronic check;450;8975;11;83679;0,21;4,1;0,59;Platinum;47;Rural;58;1
7641-EUYET;Male;1;1;1;1;Fiber optic;1;1;1;Month-to-month;1;Electronic check;1007;45412;119;120308;0,24;4,2;0,96;Bronze;39;Suburban;6;1
6476-EPYZR;Male;0;1;1;0;0;No internet service;No internet service;No internet service;Month-to-month;0;Mailed check;205;2555;46;85695;0,14;4,3;0,01;Silver;22;Suburban;44;0
9921-ZVRHG;Female;0;0;1;1;Fiber optic;0;0;1;Month-to-month;1;Electronic check;8045;10720;82;138499;0,15;4,1;0,12;Silver;19;Urban;56;1
1174-FGIFN;Female;0;1;1;1;Fiber optic;0;0;0;One year;1;Electronic check;9045;250925;110;103382;0,01;4,7;0,07;Bronze;50;Suburban;51;1
6620-HVDUJ;Male;0;0;1;0;DSL;1;1;0;Month-to-month;0;Bank transfer (automatic);6045;144075;130;94235;0,02;4,2;0,67;Bronze;33;Suburban;16;0
4701-MLJPN;Male;0;0;1;0;DSL;0;0;1;Month-to-month;1;Electronic check;5525;171565;135;213438;0,08;4,8;0,25;Platinum;24;Urban;36;0
1032-MAELW;Female;0;1;1;1;DSL;1;1;1;One year;1;Electronic check;7845;533335;238;238539;0,16;4,2;0,81;Platinum;38;Suburban;13;0
7641-TQFHN;Male;0;0;1;1;Fiber optic;0;0;0;Two year;0;Mailed check;10055;389535;122;192468;0,22;3,3;0,13;Silver;52;Urban;42;1
1552-TKMXS;Female;0;1;1;0;0;No internet service;No internet service;No internet service;Month-to-month;0;Credit card (automatic);2035;8699;118;86764;0,18;4,8;0,93;Bronze;39;Urban;51;1
9206-GVPEQ;Male;0;1;0;No phone service;DSL;1;0;0;Month-to-month;1;Electronic check;5445;70685;65;193831;0,12;4,4;0,02;Bronze;39;Suburban;50;1
8622-ZLFKO;Female;0;1;1;1;Fiber optic;0;1;0;Month-to-month;1;Electronic check;9075;51225;21;141836;0,04;4,4;0,08;Bronze;23;Suburban;54;1
1596-BBVTG;Male;0;0;1;1;Fiber optic;0;0;0;Month-to-month;0;Credit card (automatic);7535;263605;141;111923;0,23;5;0,34;Silver;50;Rural;56;1
6188-UXBBR;Female;0;1;1;0;0;No internet service;No internet service;No internet service;One year;1;Credit card (automatic);2025;81475;150;175711;0,11;3,2;0,19;Bronze;42;Suburban;3;1
2333-KWEWW;Male;0;0;1;0;0;No internet service;No internet service;No internet service;Two year;0;Credit card (automatic);2005;3886;77;96292;0,22;3,9;0,53;Bronze;35;Urban;21;1
5702-SKUOB;Female;0;1;1;0;0;No internet service;No internet service;No internet service;Month-to-month;0;Mailed check;196;9345;21;204913;0,15;3,5;0,69;Silver;52;Urban;48;1
1134-YWTYF;Male;0;1;1;0;DSL;0;1;0;Month-to-month;1;Electronic check;538;138985;159;212686;0,22;4,3;0,49;Gold;41;Urban;16;1
6061-GWWAV;Male;0;0;1;0;DSL;1;1;1;One year;0;Mailed check;702;289455;148;100939;0,27;4,6;0,66;Gold;40;Suburban;34;1
0679-TDGAK;Male;0;1;1;0;DSL;1;0;0;One year;0;Electronic check;755;40256;265;98800;0,28;4,9;0,36;Silver;50;Urban;45;1
6585-WCEWR;Male;0;1;1;0;0;No internet service;No internet service;No internet service;Two year;0;Electronic check;2035;13544;364;136440;0,16;3,9;0,03;Gold;46;Suburban;52;1
9067-YGSCA;Female;0;0;1;1;0;No internet service;No internet service;No internet service;One year;0;Credit card (automatic);2605;18564;300;234318;0,15;4,6;0,97;Bronze;27;Urban;31;0
9067-SQTNS;Male;0;1;1;0;0;No internet service;No internet service;No internet service;One year;0;Bank transfer (automatic);206;9260;256;207521;0,08;4,8;0,82;Silver;32;Suburban;37;0
8433-WXGNA;Male;0;0;1;0;Fiber optic;1;0;0;Month-to-month;1;Electronic check;757;1892;5;201327;0,28;4,4;0,07;Gold;27;Urban;56;1
1776-SPBWV;Female;0;1;1;0;0;No internet service;No internet service;No internet service;One year;1;Bank transfer (automatic);201;6821;82;129648;0,14;3,5;0,45;Gold;43;Urban;30;0
8735-SDUFN;Female;1;1;1;1;0;No internet service;No internet service;No internet service;Two year;0;Bank transfer (automatic);243;17787;389;195192;0,04;4,2;0,64;Silver;46;Urban;24;0
9668-PUGNU;Male;0;1;1;1;0;No internet service;No internet service;No internet service;Two year;1;Electronic check;245;18162;266;242760;0,13;4,9;0,19;Silver;51;Urban;9;0
9405-GPBBG;Female;0;0;1;1;Fiber optic;0;1;1;Two year;1;Credit card (automatic);1105;706925;344;173498;0,04;5;0,58;Platinum;35;Urban;58;1
1926-QUZNN;Female;0;1;1;1;0;No internet service;No internet service;No internet service;Two year;1;Bank transfer (automatic);2525;18412;401;109764;0,15;4,3;0,53;Silver;19;Suburban;48;1
3707-GNWHM;Male;0;0;1;1;Fiber optic;0;0;0;Month-to-month;1;Mailed check;7425;7425;2;112470;0,17;4,8;0,21;Silver;42;Urban;1;1
7016-NVRIC;Male;1;1;1;0;Fiber optic;1;0;1;One year;0;Bank transfer (automatic);901;26567;160;249573;0,01;3,4;0,14;Gold;38;Suburban;26;1
5829-NVSQN;Female;0;1;1;0;DSL;1;0;1;One year;1;Bank transfer (automatic);6875;168945;87;137207;0,02;3,5;0,76;Bronze;48;Rural;11;0
9565-AXSMR;Male;0;1;1;0;0;No internet service;No internet service;No internet service;Two year;0;Mailed check;192;105475;210;142157;0,28;4,9;0,32;Silver;39;Suburban;55;1
8922-LIEGH;Female;1;0;1;1;Fiber optic;0;1;0;Month-to-month;1;Electronic check;897;218755;112;214288;0,23;3,3;0,24;Platinum;26;Urban;52;1
8869-LIHMK;Female;0;0;1;1;Fiber optic;1;1;1;Two year;1;Bank transfer (automatic);1151;733405;365;233144;0,25;3,4;0,74;Bronze;44;Suburban;15;1
8245-UMPYT;Female;1;0;1;1;Fiber optic;0;0;0;Month-to-month;1;Electronic check;964;15812;33;173778;0,11;3,8;0,74;Bronze;42;Urban;15;0
5186-SAMNZ;Male;1;0;1;0;Fiber optic;0;0;0;Month-to-month;1;Bank transfer (automatic);695;695;3;210016;0,23;4,2;0,28;Silver;42;Urban;2;1
0447-RXSGD;Male;0;0;1;1;Fiber optic;0;1;0;Month-to-month;1;Bank transfer (automatic);9965;240485;114;204288;0,15;4,2;0,87;Bronze;44;Urban;24;0
4927-WWOOZ;Male;0;1;1;1;Fiber optic;0;0;1;Month-to-month;1;Electronic check;9145;17145;9;248204;0,06;3,6;0,69;Silver;27;Urban;17;0
5788-YPOEG;Female;0;1;1;0;DSL;1;1;1;Two year;0;Mailed check;8475;283945;162;190573;0,04;4,8;0,35;Bronze;47;Suburban;38;0
5373-SFODM;Male;1;1;1;1;Fiber optic;0;0;0;Month-to-month;1;Credit card (automatic);8525;313275;91;200730;0,01;4,8;0,43;Silver;21;Urban;41;0
0661-KBKPA;Male;0;1;1;1;DSL;0;0;1;One year;1;Mailed check;7875;394245;169;228933;0,04;3,8;0,73;Silver;38;Urban;39;0
9081-WWXKP;Female;0;1;1;0;0;No internet service;No internet service;No internet service;Two year;0;Credit card (automatic);2025;8734;161;144186;0,03;3,9;0,21;Silver;47;Urban;31;1
0784-ZQJZX;Male;0;0;1;0;0;No internet service;No internet service;No internet service;Two year;0;Credit card (automatic);199;152965;375;84960;0,01;4,4;0,47;Bronze;50;Urban;59;1
3133-PZNSR;Male;0;1;1;1;Fiber optic;1;1;0;Two year;1;Credit card (automatic);9775;69916;224;98781;0,13;4,3;0,65;Bronze;43;Urban;49;1
5766-ZJYBB;Male;0;0;1;0;0;No internet service;No internet service;No internet service;Month-to-month;0;Mailed check;194;194;2;111126;0,14;3,8;0,54;Bronze;19;Urban;48;1
8931-GJJIQ;Female;0;0;1;1;Fiber optic;0;0;0;Month-to-month;1;Electronic check;833;8033;52;233650;0,09;3,8;0,61;Silver;40;Urban;2;0
4277-PVRAN;Female;0;0;1;0;Fiber optic;0;0;0;Month-to-month;1;Bank transfer (automatic);801;6793;16;186034;0,17;3,7;0,55;Bronze;48;Suburban;7;0
0022-TCJCI;Male;1;0;1;0;DSL;1;0;1;One year;0;Credit card (automatic);627;27915;269;97883;0,04;3,5;0,02;Gold;21;Suburban;51;1
0722-SVSFK;Female;0;0;1;0;Fiber optic;0;0;1;Month-to-month;1;Electronic check;1004;7150;32;109782;0,24;3,9;0,41;Gold;37;Urban;4;1
3612-YVGSJ;Female;0;1;1;1;0;No internet service;No internet service;No internet service;Two year;1;Credit card (automatic);2445;16816;377;136387;0,01;4,4;0,53;Bronze;42;Rural;56;1
9825-YCXWZ;Female;1;0;1;0;Fiber optic;0;0;1;One year;1;Bank transfer (automatic);1011;40162;130;228051;0,18;4,5;0,78;Bronze;18;Urban;19;0
5397-NSKQG;Male;0;1;0;No phone service;DSL;1;0;0;Two year;0;Credit card (automatic);509;328165;137;113746;0,21;4,6;0,65;Bronze;19;Suburban;43;1
8565-HBFNN;Male;0;1;1;1;Fiber optic;1;1;1;One year;1;Credit card (automatic);1072;73171;341;146266;0,27;3,7;0,43;Silver;23;Urban;24;1
2000-DHJUY;Female;1;1;1;1;DSL;1;1;1;Two year;1;Bank transfer (automatic);922;647445;373;80056;0,25;4,5;0,97;Bronze;24;Suburban;5;1
0203-HHYIJ;Male;0;0;1;1;0;No internet service;No internet service;No internet service;One year;0;Bank transfer (automatic);253;67635;124;111457;0,18;3;0,11;Bronze;21;Urban;27;1
8670-ERCJH;Male;0;0;1;1;Fiber optic;1;1;1;Two year;0;Bank transfer (automatic);1134;81641;185;213315;0,12;4;0,21;Bronze;35;Urban;22;0
7758-UJWYS;Male;0;1;0;No phone service;DSL;0;0;0;Two year;1;Electronic check;4055;132585;170;212773;0,15;4,6;0,34;Platinum;22;Urban;23;0
2050-ONYDQ;Female;0;1;1;1;0;No internet service;No internet service;No internet service;Two year;0;Credit card (automatic);260;165485;329;153839;0,23;4,3;0,23;Silver;42;Urban;9;1
7055-JCGNI;Female;0;0;1;1;Fiber optic;1;1;1;Two year;1;Credit card (automatic);11195;779595;324;160636;0,26;3,9;0,63;Gold;18;Suburban;9;1
0739-UUAJR;Female;0;1;0;No phone service;DSL;1;0;1;Two year;1;Credit card (automatic);538;395245;364;187697;0,03;4,3;0,04;Bronze;51;Suburban;32;0
4826-DXMUP;Male;0;0;1;0;DSL;0;0;0;One year;1;Mailed check;721;249515;188;146483;0,12;4,8;0,18;Bronze;20;Urban;8;0
0952-KMEEH;Male;0;0;1;1;Fiber optic;1;0;0;Month-to-month;0;Mailed check;9815;123025;57;100505;0,23;4,1;0,29;Bronze;34;Urban;17;1
7285-KLOTR;Female;0;1;1;1;DSL;1;0;1;One year;0;Electronic check;7885;87675;28;217625;0,13;4,6;0,68;Platinum;49;Urban;2;0
0654-PQKDW;Female;0;1;1;0;DSL;1;0;1;One year;1;Bank transfer (automatic);7075;426345;244;113525;0,01;5;0,88;Bronze;41;Urban;32;0
7175-NTIXE;Female;0;0;1;0;DSL;1;0;0;Month-to-month;1;Credit card (automatic);7615;199295;57;176008;0,12;4,4;0,08;Silver;19;Urban;9;0
7963-SHNDT;Female;0;0;0;No phone service;DSL;1;1;0;Two year;0;Mailed check;391;19821;188;124348;0,18;4,1;0,18;Bronze;18;Urban;26;0
9796-BPKIW;Male;1;0;1;0;Fiber optic;0;0;0;Month-to-month;1;Credit card (automatic);6995;5627;29;87273;0,03;3,1;0,57;Gold;51;Suburban;34;1
0188-GWFLE;Male;0;0;1;0;0;No internet service;No internet service;No internet service;Month-to-month;0;Mailed check;2005;337;4;144236;0,15;3,7;0,03;Bronze;25;Urban;17;1
8129-GMVGI;Female;0;1;1;0;0;No internet service;No internet service;No internet service;Two year;0;Mailed check;2005;10901;190;214607;0,06;4,1;0,31;Silver;26;Suburban;6;0
2882-DDZPG;Female;0;0;1;0;0;No internet service;No internet service;No internet service;Month-to-month;0;Bank transfer (automatic);1945;22745;29;229749;0,05;4,6;0,81;Platinum;45;Suburban;6;0
3547-LQRIK;Female;0;1;1;1;0;No internet service;No internet service;No internet service;One year;0;Electronic check;269;125085;245;187157;0,01;3,9;0,46;Silver;36;Urban;21;0
9137-NOQKA;Male;1;0;1;0;0;No internet service;No internet service;No internet service;Month-to-month;0;Electronic check;192;372;11;80908;0,17;4,9;0,15;Silver;37;Urban;9;0
5843-TTHGI;Female;0;0;1;0;DSL;0;0;1;Month-to-month;1;Mailed check;500;8927;41;188352;0,16;3,5;0,44;Silver;24;Rural;59;1
1849-RJYIG;Female;0;0;1;0;DSL;1;0;0;Month-to-month;1;Electronic check;600;48775;46;175967;0,06;4,5;0,02;Gold;52;Urban;26;0
8868-GAGIO;Male;0;1;1;1;Fiber optic;1;0;1;Month-to-month;1;Mailed check;8455;371395;184;168989;0,21;3,8;0,39;Bronze;36;Urban;44;1
4061-UKJWL;Male;0;0;1;0;DSL;0;0;0;Month-to-month;0;Mailed check;4545;1417;9;115079;0,22;4;0,49;Bronze;34;Suburban;3;1
5380-XPJNZ;Female;0;0;1;0;0;No internet service;No internet service;No internet service;One year;0;Mailed check;2005;6782;87;191889;0,08;4,6;0,35;Gold;35;Urban;11;0
8263-QMNTJ;Male;0;1;1;1;Fiber optic;1;1;1;Two year;1;Electronic check;11555;84253;288;129323;0,01;3,6;0,94;Silver;24;Suburban;2;0
8178-EYZUO;Male;0;0;1;1;Fiber optic;1;1;0;Month-to-month;1;Electronic check;937;41548;238;169909;0,03;3,2;0,56;Platinum;44;Urban;54;1
3230-JCNZS;Female;0;1;1;1;Fiber optic;1;1;1;Two year;1;Credit card (automatic);990;706165;342;126105;0,11;4;0,84;Silver;47;Suburban;47;1
0277-ORXQS;Male;0;1;0;No phone service;DSL;0;0;0;Two year;0;Bank transfer (automatic);5055;336455;145;241236;0,23;4,1;0,76;Silver;40;Suburban;42;1
5130-IEKQT;Male;1;0;1;1;Fiber optic;0;1;1;Month-to-month;0;Mailed check;10595;265525;57;212957;0,14;4,6;0,66;Bronze;37;Urban;2;0
3230-WYKIR;Male;0;0;1;1;DSL;0;0;1;One year;1;Credit card (automatic);820;142545;65;81049;0,24;4,9;0,05;Gold;40;Suburban;24;1
7996-BPXHY;Female;0;1;1;1;0;No internet service;No internet service;No internet service;Two year;1;Bank transfer (automatic);250;3325;41;133281;0,23;3,1;0;Silver;43;Suburban;25;1
3227-WLKLI;Female;0;1;1;1;DSL;1;1;1;Two year;0;Bank transfer (automatic);9155;596395;190;123271;0,02;4,2;0,61;Silver;31;Urban;39;0
0407-BDJKB;Male;0;1;1;1;Fiber optic;0;1;1;Month-to-month;1;Electronic check;9575;57429;187;146697;0,26;4,4;0,36;Bronze;48;Rural;6;1
2266-FUBDZ;Male;0;1;1;0;0;No internet service;No internet service;No internet service;Two year;0;Mailed check;1935;27885;78;116534;0,28;5;0,12;Platinum;44;Urban;45;1
8237-ULIXL;Female;0;1;1;1;0;No internet service;No internet service;No internet service;Two year;0;Credit card (automatic);2485;187185;411;173034;0,17;4,9;0,44;Bronze;26;Suburban;33;0
9600-UDOPK;Male;0;1;1;1;Fiber optic;0;0;0;Month-to-month;1;Credit card (automatic);9405;286645;108;138097;0,07;4,4;0,74;Bronze;40;Urban;9;0
8216-AZUUZ;Female;0;1;1;0;Fiber optic;0;0;1;Two year;1;Electronic check;1004;430365;236;105037;0,12;4;0,96;Platinum;27;Urban;2;0
9153-BTBVV;Female;0;1;1;1;0;No internet service;No internet service;No internet service;Two year;0;Bank transfer (automatic);250;17530;233;247079;0,23;3,3;0,37;Gold;40;Urban;55;1
4074-SJFFA;Female;0;0;1;0;DSL;0;0;0;Month-to-month;1;Mailed check;5475;5475;3;107278;0,02;3,8;0,54;Silver;27;Urban;27;1
3269-ATYWD;Male;1;0;1;1;Fiber optic;0;0;0;Month-to-month;1;Bank transfer (automatic);9565;375905;113;219344;0,05;4,2;0,85;Platinum;19;Suburban;10;0
5186-PEIZU;Female;0;0;1;0;0;No internet service;No internet service;No internet service;Month-to-month;0;Bank transfer (automatic);1925;61765;159;179173;0,02;4,5;0,33;Bronze;54;Urban;50;1
1074-AMIOH;Female;0;1;1;0;Fiber optic;0;1;1;Month-to-month;1;Bank transfer (automatic);10825;59351;313;118294;0,02;4,3;0,14;Bronze;18;Urban;31;0
4910-GMJOT;Female;0;0;1;1;Fiber optic;0;0;0;Month-to-month;1;Electronic check;946;946;4;153277;0,08;4,4;0,28;Silver;35;Urban;7;1
0354-WYROK;Female;1;1;1;0;Fiber optic;0;0;1;Month-to-month;1;Electronic check;989;29113;106;84694;0,15;3,9;0,09;Bronze;52;Urban;19;0
4361-FEBGN;Male;0;0;1;0;0;No internet service;No internet service;No internet service;Two year;0;Credit card (automatic);2015;98295;220;138150;0,22;4,5;0,16;Platinum;24;Urban;4;1
7748-UMTRK;Female;1;0;1;1;Fiber optic;0;0;0;Month-to-month;1;Electronic check;1013;29745;74;147470;0,17;3,3;0,33;Gold;39;Urban;40;1
0380-ZCSBI;Male;0;0;1;0;0;No internet service;No internet service;No internet service;Month-to-month;0;Credit card (automatic);200;1987;55;101556;0,02;3,3;0,46;Bronze;42;Rural;12;1
7145-FEJWU;Female;0;0;1;1;Fiber optic;0;1;1;Month-to-month;1;Electronic check;1053;127565;48;129086;0,06;3,3;0,85;Gold;40;Urban;10;1
6463-MVYRY;Female;1;0;1;0;DSL;1;0;1;Two year;0;Bank transfer (automatic);6985;40030;216;229979;0,07;4,8;0,94;Bronze;26;Suburban;57;1
3969-JQABI;Female;0;1;1;0;DSL;1;1;0;Month-to-month;1;Credit card (automatic);6525;37916;251;240230;0,08;3,2;0,43;Silver;44;Suburban;33;1
9624-EGDEQ;Female;0;0;1;0;0;No internet service;No internet service;No internet service;Two year;0;Mailed check;198;8133;166;231365;0,17;4,6;0,93;Platinum;28;Urban;43;0
1051-EQPZR;Female;0;1;1;0;0;No internet service;No internet service;No internet service;Month-to-month;0;Mailed check;196;78025;100;179468;0,15;3,5;0,16;Gold;44;Suburban;2;0
5849-ASHZJ;Male;0;0;1;0;0;No internet service;No internet service;No internet service;One year;0;Credit card (automatic);2005;5529;127;113387;0,06;3,9;0,16;Bronze;45;Urban;14;0
5780-INQIK;Female;0;0;1;0;DSL;0;0;0;Month-to-month;0;Electronic check;494;40825;23;148602;0,02;4,8;0,95;Bronze;35;Urban;59;1
7576-OYWBN;Male;1;0;1;1;Fiber optic;0;0;0;Month-to-month;1;Electronic check;7605;2318;14;232328;0,05;4,2;0,51;Bronze;53;Urban;59;1
4526-ZJJTM;Female;1;1;1;0;Fiber optic;0;1;1;Month-to-month;0;Bank transfer (automatic);884;219115;132;216666;0,03;3,4;0,19;Silver;51;Urban;32;1
8384-FZBJK;Female;0;1;1;1;Fiber optic;0;1;0;Month-to-month;1;Electronic check;1006;56117;297;82460;0,14;3,6;0,49;Silver;30;Urban;55;1
3750-RNQKR;Female;0;0;1;0;0;No internet service;No internet service;No internet service;Month-to-month;0;Mailed check;1945;24625;50;152356;0,26;4,8;0,78;Bronze;47;Suburban;59;1
0962-CQPWQ;Female;0;1;1;0;0;No internet service;No internet service;No internet service;Two year;0;Bank transfer (automatic);203;129615;253;134698;0,25;3,9;0,83;Silver;45;Rural;42;1
3096-YXENJ;Female;0;1;1;1;Fiber optic;0;1;1;Two year;1;Bank transfer (automatic);10765;708285;167;181746;0,15;4,2;0,86;Gold;39;Suburban;56;1
1265-BCFEO;Female;0;1;1;1;DSL;0;0;1;Two year;1;Bank transfer (automatic);8045;566225;362;96191;0,21;3,9;0,57;Silver;41;Urban;9;1
5837-LXSDN;Female;0;1;1;0;DSL;0;1;0;One year;1;Credit card (automatic);5885;121545;64;164631;0,06;3,8;0,87;Bronze;47;Suburban;56;1
5945-AZYHT;Male;0;1;1;1;Fiber optic;1;1;1;One year;1;Electronic check;1096;785415;283;90529;0,21;3,4;0,51;Platinum;37;Suburban;2;1
8325-QRPZR;Female;0;0;1;0;Fiber optic;0;0;1;Month-to-month;1;Electronic check;7515;5250;21;112175;0,08;4,4;0,61;Bronze;23;Urban;45;0
6384-VMJHP;Female;0;0;1;0;DSL;1;1;1;Two year;1;Credit card (automatic);730;52652;182;97675;0,25;4,4;0,76;Gold;50;Urban;52;1
2262-SLNVK;Female;0;0;1;0;Fiber optic;0;0;0;Month-to-month;0;Electronic check;701;701;4;126798;0,03;3,5;0,43;Bronze;32;Urban;47;1
7730-CLDSV;Female;0;1;1;1;Fiber optic;0;1;1;Two year;1;Bank transfer (automatic);9865;712945;159;150910;0,23;4,6;0,07;Silver;32;Urban;40;1
1135-HIORI;Female;0;1;1;1;Fiber optic;0;1;1;One year;1;Electronic check;11145;726695;319;210400;0,03;4,7;0,35;Silver;49;Suburban;13;0
0164-APGRB;Female;0;0;1;1;Fiber optic;1;1;1;Two year;1;Electronic check;1149;84967;235;237048;0,26;4,8;0,62;Silver;31;Suburban;52;1
6481-ESCNL;Female;0;0;1;1;Fiber optic;0;0;1;Month-to-month;0;Bank transfer (automatic);10055;287875;58;158678;0,09;3,3;0,19;Silver;25;Urban;32;1
1790-NESIO;Female;0;0;1;0;0;No internet service;No internet service;No internet service;Two year;1;Mailed check;204;2613;52;142821;0,02;3,6;0,15;Bronze;53;Suburban;32;0
1550-EENBN;Female;0;0;1;1;Fiber optic;1;1;0;Month-to-month;0;Electronic check;10435;32056;67;92204;0,15;4,7;0,29;Silver;39;Suburban;35;0
5539-TMZLF;Male;1;0;1;0;Fiber optic;0;0;0;Month-to-month;1;Electronic check;6975;6975;3;87394;0,11;3,4;0,03;Silver;37;Suburban;22;1
4323-SADQS;Male;0;1;0;No phone service;DSL;1;0;0;Month-to-month;1;Electronic check;345;27925;33;144814;0,19;3;0,74;Bronze;41;Urban;54;1
4446-BZKHU;Male;0;1;1;1;Fiber optic;0;1;1;Month-to-month;1;Electronic check;10555;628145;137;113593;0,28;4,7;0,26;Platinum;38;Urban;54;1
5202-IVJNU;Female;0;0;0;No phone service;DSL;0;0;1;Month-to-month;0;Credit card (automatic);301;11313;208;195064;0,01;3,7;0,12;Gold;45;Urban;53;1
5976-JCJRH;Male;0;1;1;0;Fiber optic;0;0;0;Month-to-month;1;Electronic check;703;7382;20;133365;0,28;3,8;0,07;Gold;40;Suburban;0;1
8198-RKSZG;Female;0;1;1;1;DSL;0;1;0;Month-to-month;0;Credit card (automatic);8045;113705;41;211515;0,18;3,9;0,84;Silver;41;Suburban;26;0
0137-OCGAB;Female;0;0;1;1;Fiber optic;0;1;0;Month-to-month;1;Mailed check;802;802;4;239252;0,24;4,7;0,02;Bronze;40;Urban;50;1
3351-NQLDI;Female;0;1;1;1;Fiber optic;1;0;0;One year;1;Credit card (automatic);9435;634145;218;183700;0,12;3,7;0,23;Silver;21;Urban;31;0
9297-EONCV;Female;0;0;1;1;DSL;1;1;1;Two year;1;Bank transfer (automatic);9135;66972;173;177077;0,14;4,8;0,95;Gold;21;Suburban;20;0
7593-JNWRU;Male;0;1;1;0;DSL;0;0;0;Month-to-month;1;Bank transfer (automatic);446;2608;20;214537;0,26;4,2;0,39;Bronze;47;Urban;43;1
4588-YBNIB;Female;0;0;1;0;0;No internet service;No internet service;No internet service;Month-to-month;1;Mailed check;196;196;3;148247;0,12;4,1;0,94;Silver;45;Urban;19;1
1069-QJOEE;Male;0;1;1;0;0;No internet service;No internet service;No internet service;One year;0;Electronic check;199;50545;134;236270;0,16;3,7;0,27;Bronze;48;Urban;26;0
3336-JORSO;Female;1;0;1;1;Fiber optic;0;1;1;Month-to-month;1;Electronic check;11045;365545;107;134740;0,01;3,5;0,22;Bronze;50;Urban;35;0
7799-DSEWS;Male;0;0;1;0;DSL;1;0;1;Month-to-month;1;Electronic check;6835;12998;92;233560;0,05;4,2;0,21;Bronze;36;Urban;40;0
8766-PAFNE;Male;0;1;1;0;DSL;0;1;1;Two year;1;Credit card (automatic);791;556485;395;249587;0,19;3,9;0,09;Platinum;27;Urban;31;0
5315-CKEQK;Male;1;1;1;1;DSL;0;0;0;One year;1;Electronic check;510;13818;104;107898;0,22;4,8;0,09;Gold;42;Suburban;38;1
3130-ICDUP;Female;0;0;1;1;Fiber optic;1;0;0;Month-to-month;0;Credit card (automatic);8055;1881;11;212991;0,17;4;0,98;Bronze;54;Rural;56;1
0820-FNRNX;Male;0;1;1;1;DSL;0;1;1;Month-to-month;1;Mailed check;667;107705;59;142613;0,04;4;0,95;Silver;30;Urban;28;0
0880-FVFWF;Male;0;0;1;1;Fiber optic;1;1;0;Month-to-month;1;Electronic check;864;49224;327;176707;0,13;3,8;0,85;Bronze;23;Urban;45;0
4611-ANLQC;Female;0;1;0;No phone service;DSL;1;1;1;One year;0;Electronic check;5005;29115;141;191777;0,11;4,6;0,85;Silver;47;Urban;22;0
4213-HKBJO;Female;0;0;1;1;0;No internet service;No internet service;No internet service;Two year;0;Credit card (automatic);257;8261;156;127003;0,15;3,8;0,66;Gold;40;Urban;57;1
2792-LSHWX;Female;0;0;1;0;Fiber optic;1;1;0;Month-to-month;1;Mailed check;834;834;3;128478;0,26;3,5;0,83;Silver;53;Suburban;34;1
5028-GZLDO;Male;0;0;1;0;Fiber optic;0;0;0;Month-to-month;0;Credit card (automatic);707;1407;7;225506;0,23;4,7;0,21;Gold;33;Urban;14;1
0014-BMAQU;Male;0;1;1;1;Fiber optic;1;0;0;Two year;1;Credit card (automatic);8465;53778;285;247721;0,03;4,2;0,39;Silver;25;Urban;42;0
6861-XWTWQ;Male;1;1;1;1;Fiber optic;0;0;1;Month-to-month;1;Electronic check;9925;66545;33;139030;0,27;4,2;0,64;Silver;33;Suburban;9;1
9018-PCIOK;Female;0;0;1;0;DSL;0;1;1;Two year;1;Mailed check;6475;36171;110;213071;0,14;4,2;0,87;Silver;28;Suburban;51;1
4837-QUSFT;Female;0;1;1;1;Fiber optic;1;1;0;One year;1;Bank transfer (automatic);10015;66435;173;225921;0,22;4,4;0,66;Gold;18;Urban;14;1
6877-TJMBR;Male;0;1;1;0;Fiber optic;0;0;0;Month-to-month;1;Electronic check;848;848;4;132800;0,04;3,6;0,84;Silver;39;Urban;24;1
9953-ZMKSM;Male;0;0;1;1;0;No internet service;No internet service;No internet service;Two year;0;Mailed check;2525;15593;293;85445;0,02;3,1;0,47;Platinum;35;Urban;16;1
0907-HQNTS;Female;1;1;1;1;Fiber optic;1;1;1;Two year;1;Credit card (automatic);1130;79876;410;229112;0,07;4,6;0,72;Gold;53;Urban;50;1
7665-NKLAV;Female;0;1;0;No phone service;DSL;1;0;1;Two year;0;Credit card (automatic);4065;154735;181;80246;0,13;3,3;0,98;Gold;28;Urban;30;1
6769-DCQLI;Male;0;0;1;0;Fiber optic;0;1;1;One year;1;Bank transfer (automatic);1050;542685;301;111153;0,01;4,4;0,15;Gold;37;Suburban;10;0
2433-KMEAS;Male;0;0;1;1;DSL;1;0;0;Month-to-month;1;Electronic check;5445;112735;105;85212;0,05;3,2;0,93;Bronze;27;Urban;19;1
4391-LNRXK;Male;0;0;1;0;Fiber optic;0;1;1;Month-to-month;1;Bank transfer (automatic);9495;21428;70;214411;0,03;3,8;0,52;Silver;27;Suburban;30;0
8250-ZNGGW;Female;1;0;1;0;DSL;1;1;0;Month-to-month;0;Credit card (automatic);599;28785;12;136238;0,07;3,1;0,64;Silver;54;Suburban;15;1
2195-ZRVAX;Female;0;1;1;0;Fiber optic;0;0;1;Month-to-month;1;Electronic check;853;404565;240;230466;0,03;4;0,88;Silver;39;Urban;35;0
3550-SAHFP;Female;0;0;1;1;Fiber optic;0;0;0;Month-to-month;1;Electronic check;8335;275785;151;133871;0,21;4,3;0,41;Gold;28;Urban;38;1
2011-TRQYE;Male;0;0;0;No phone service;DSL;0;1;1;Month-to-month;1;Credit card (automatic);335;6000;39;180672;0,01;3,3;0,42;Bronze;52;Suburban;10;1
8562-GHPPI;Female;0;0;1;0;0;No internet service;No internet service;No internet service;Month-to-month;0;Credit card (automatic);198;198;3;114607;0,19;3,7;0,53;Bronze;26;Urban;19;1
5893-PYOLZ;Male;0;0;1;0;DSL;0;1;1;Two year;1;Credit card (automatic);818;453445;326;132055;0,04;4,9;0,02;Gold;32;Urban;25;0
4986-MXSFP;Female;0;0;1;0;0;No internet service;No internet service;No internet service;Month-to-month;1;Mailed check;200;409;8;184509;0,28;3,9;0,05;Bronze;36;Urban;55;1
6131-FOYAS;Male;0;0;1;1;DSL;1;0;1;Month-to-month;1;Electronic check;596;20949;130;215467;0,28;4,6;0,29;Bronze;54;Suburban;48;1
3027-YNWZU;Female;0;1;1;1;0;No internet service;No internet service;No internet service;Two year;0;Credit card (automatic);250;15848;245;207378;0,07;4,9;0,93;Bronze;23;Urban;50;1
5609-IMCGG;Female;0;0;1;1;Fiber optic;1;0;1;Month-to-month;1;Credit card (automatic);8435;130265;42;226362;0,18;4,9;0,09;Gold;53;Urban;25;0
4873-ILOLJ;Male;0;0;1;0;Fiber optic;0;0;0;Month-to-month;1;Electronic check;9035;22385;83;167687;0,01;4,8;0,46;Silver;22;Rural;41;0
4727-MCYZG;Male;0;0;1;0;DSL;0;0;0;Month-to-month;0;Mailed check;5555;5555;3;145078;0,28;3,6;0,95;Platinum;20;Suburban;46;1
9481-WHGWY;Female;0;1;1;0;DSL;1;0;0;Two year;0;Credit card (automatic);7535;543775;154;214763;0,16;4,9;0,09;Bronze;27;Suburban;5;0
2725-KXXWT;Male;0;1;1;0;Fiber optic;0;0;0;Month-to-month;1;Electronic check;9075;9075;5;218542;0,01;4,6;0,07;Gold;30;Suburban;44;0
9565-DJPIB;Female;0;0;1;1;Fiber optic;0;1;0;Month-to-month;0;Mailed check;896;36565;14;214913;0,01;4,7;0,59;Bronze;21;Urban;34;0
4328-VUFWD;Female;0;0;1;0;DSL;0;0;0;One year;0;Electronic check;593;220915;206;182652;0,02;3;0,28;Bronze;50;Rural;7;1
3301-LSLWQ;Female;0;0;1;1;DSL;1;0;0;Month-to-month;1;Electronic check;661;191215;156;143197;0,12;4,9;0,37;Silver;51;Urban;6;0
7473-ZBDSN;Female;0;1;1;0;0;No internet service;No internet service;No internet service;Two year;0;Mailed check;188;25555;39;135773;0,02;4,6;0,09;Bronze;53;Suburban;36;0
3166-PNEOF;Female;0;0;1;1;DSL;1;0;1;Two year;0;Credit card (automatic);8645;51753;282;228848;0,14;4,5;0,79;Bronze;50;Urban;49;1
5639-NTUPK;Male;0;0;1;0;DSL;1;0;0;Month-to-month;1;Credit card (automatic);521;67065;50;198943;0,12;3,2;0,32;Bronze;38;Suburban;58;1
8780-YRMTT;Female;0;0;0;No phone service;DSL;1;1;1;Two year;1;Mailed check;474;317725;364;107584;0,04;3,5;0,67;Bronze;22;Suburban;52;1
8348-HFYIV;Male;0;0;0;No phone service;DSL;0;0;1;Month-to-month;1;Electronic check;4925;9035;5;215372;0,07;4,9;0,36;Gold;30;Urban;15;0
5140-FOMCQ;Female;0;1;1;1;Fiber optic;1;1;1;One year;1;Credit card (automatic);10915;655775;277;83338;0,03;4;0,46;Bronze;34;Rural;8;0
6242-SGYTS;Male;0;1;1;1;Fiber optic;1;1;0;One year;1;Credit card (automatic);9495;579185;274;142601;0,24;3,8;0,56;Platinum;27;Rural;10;1
8166-ORCHU;Male;1;1;1;0;Fiber optic;1;1;0;One year;1;Electronic check;9355;30555;104;216559;0,04;4,7;0,08;Gold;27;Urban;20;0
8414-OOEEL;Male;0;0;1;0;DSL;0;1;1;Two year;1;Credit card (automatic);795;51961;168;116282;0,18;3,2;0,21;Bronze;19;Urban;59;1
8454-AATJP;Female;0;0;1;1;Fiber optic;1;1;1;Two year;0;Credit card (automatic);11505;84050;331;195447;0,01;3,8;0,04;Silver;38;Suburban;50;1
6849-WLEYG;Male;0;0;1;0;0;No internet service;No internet service;No internet service;Month-to-month;0;Mailed check;1975;1975;4;175798;0,07;3,8;0,13;Silver;18;Rural;45;1
4659-NZRUF;Female;0;0;1;1;Fiber optic;1;1;0;Month-to-month;1;Electronic check;9515;178925;61;210963;0,19;3,7;0,08;Gold;47;Urban;6;0
4531-AUZNK;Female;0;1;1;1;Fiber optic;1;0;0;One year;1;Mailed check;9515;500005;233;188611;0,14;3,6;0,06;Gold;35;Urban;11;0
4191-XOVOM;Male;0;0;1;1;Fiber optic;0;1;0;Month-to-month;0;Electronic check;1054;67132;225;239876;0,12;3,4;0,19;Silver;52;Suburban;50;1
2150-OEGBV;Male;0;0;1;0;0;No internet service;No internet service;No internet service;One year;0;Bank transfer (automatic);201;5626;131;220987;0,18;3,3;0,06;Bronze;39;Urban;39;1
8429-XIBUM;Male;0;0;1;1;Fiber optic;1;0;0;Month-to-month;1;Bank transfer (automatic);10135;23171;61;91158;0,15;4,3;0,09;Silver;20;Urban;20;0
1855-CFULU;Female;1;0;1;0;0;No internet service;No internet service;No internet service;Month-to-month;0;Mailed check;2005;9145;22;90547;0,09;4,8;0,53;Gold;23;Urban;4;0
4878-BUNFV;Male;0;1;1;0;0;No internet service;No internet service;No internet service;Two year;0;Mailed check;207;82885;132;168713;0,17;4;0,13;Gold;53;Urban;5;0
1872-EBWSC;Female;0;0;1;0;0;No internet service;No internet service;No internet service;One year;0;Mailed check;2035;61735;100;82459;0,02;3,6;0,05;Gold;33;Rural;42;0
2608-BHKFN;Female;0;0;1;0;Fiber optic;0;0;0;Month-to-month;1;Credit card (automatic);7005;2669;8;239840;0,01;3,3;0,12;Silver;20;Urban;25;1
7026-YMSBE;Male;0;0;1;0;0;No internet service;No internet service;No internet service;One year;0;Mailed check;197;62505;73;143146;0,14;4,7;0,47;Bronze;53;Urban;28;0
7341-LXCAF;Male;0;1;1;1;Fiber optic;0;0;0;Month-to-month;1;Electronic check;7465;3014;16;183577;0,02;4,9;0,67;Platinum;28;Urban;53;1
6997-UVGOX;Male;0;1;1;0;DSL;1;1;1;Two year;0;Bank transfer (automatic);8545;60299;217;187761;0,06;3,7;0,64;Platinum;34;Urban;2;0
9674-EHPPG;Male;0;1;0;No phone service;DSL;1;0;1;Two year;0;Credit card (automatic);404;18427;245;183727;0,17;3,6;0,14;Bronze;36;Suburban;10;0
9462-MJUAW;Male;0;0;1;1;DSL;0;0;0;Month-to-month;0;Mailed check;504;2066;8;130460;0,26;4,2;0,63;Bronze;25;Urban;22;1
8128-YVJRG;Female;0;0;1;1;Fiber optic;1;0;0;Month-to-month;1;Mailed check;7965;6047;24;162970;0,26;4,6;0,04;Silver;31;Suburban;24;1
5440-VHLUL;Male;0;0;1;1;Fiber optic;0;1;0;One year;1;Bank transfer (automatic);1052;738605;231;249319;0,02;3,9;0,46;Gold;43;Rural;11;0
5781-BKHOP;Female;0;1;1;1;Fiber optic;1;1;1;Two year;0;Bank transfer (automatic);10065;733405;149;95419;0,13;4,3;0,08;Bronze;42;Urban;0;0
4283-FUTGF;Male;1;0;1;1;Fiber optic;0;0;1;Month-to-month;1;Electronic check;7985;147175;47;115577;0,17;4,4;0,33;Bronze;27;Rural;3;0
5213-TWWJU;Male;0;0;1;0;Fiber optic;0;0;1;Month-to-month;0;Electronic check;910;262615;102;82921;0,04;4,9;0,15;Silver;49;Urban;51;1
1569-TTNYJ;Male;0;1;1;1;Fiber optic;0;1;0;Month-to-month;1;Electronic check;7875;4121;19;215748;0,23;3,3;0,87;Bronze;32;Suburban;0;1
8628-MFKAX;Female;1;1;1;1;Fiber optic;1;1;1;Two year;1;Credit card (automatic);11675;827705;260;224535;0,22;5;0,21;Bronze;21;Urban;5;1
2397-BRLOM;Male;1;1;1;0;Fiber optic;0;0;0;Month-to-month;1;Credit card (automatic);8045;58345;32;236546;0,27;3,8;0,29;Silver;45;Urban;33;1
7629-WIXZF;Female;0;0;1;0;DSL;1;0;0;One year;1;Electronic check;591;36925;30;120935;0;4,4;0,71;Gold;21;Suburban;26;0
5445-GLVOT;Female;0;0;1;0;DSL;1;0;0;Month-to-month;1;Electronic check;498;104905;44;205534;0,07;4,1;0,68;Silver;30;Urban;44;0
3976-HXHCE;Male;0;0;1;0;0;No internet service;No internet service;No internet service;Two year;0;Bank transfer (automatic);193;14148;277;152828;0,25;4;0,08;Silver;29;Urban;15;1
2466-NEJOJ;Male;0;1;1;0;0;No internet service;No internet service;No internet service;Month-to-month;0;Credit card (automatic);1965;16975;46;203649;0,02;4,4;0,18;Silver;32;Urban;10;0
0254-KCJGT;Male;0;1;1;1;DSL;1;1;1;One year;1;Credit card (automatic);814;435445;211;169062;0,27;3,8;0,35;Silver;46;Urban;13;1
5472-CVMDX;Female;0;0;0;No phone service;DSL;1;0;1;Two year;0;Mailed check;389;27192;320;135152;0,02;3,3;0,13;Bronze;40;Urban;37;1
6461-SZMCV;Female;0;1;1;1;DSL;1;1;1;Two year;0;Bank transfer (automatic);8795;636535;230;176491;0,18;4;0,54;Bronze;30;Urban;47;1
8150-QUDFX;Male;0;0;1;0;0;No internet service;No internet service;No internet service;Month-to-month;0;Mailed check;1985;516;10;166569;0,17;4;0,29;Bronze;52;Suburban;48;1
9508-ILZDG;Female;1;0;1;1;Fiber optic;0;1;0;Month-to-month;1;Electronic check;9635;319025;173;152467;0,01;3,4;0,69;Platinum;29;Urban;9;1
2346-DJQTB;Female;0;0;0;No phone service;DSL;0;0;0;Month-to-month;0;Electronic check;2415;8125;142;236844;0,15;4,9;0;Gold;47;Urban;52;1
1697-LYYYX;Female;0;1;1;0;0;No internet service;No internet service;No internet service;One year;0;Credit card (automatic);191;11438;360;227435;0,18;3,5;0,06;Silver;22;Suburban;53;1
1942-OQFRW;Male;0;0;1;0;DSL;0;0;0;Month-to-month;0;Electronic check;440;440;2;239562;0,06;3,8;0,43;Platinum;19;Suburban;57;1
4749-VFKVB;Female;0;0;1;1;DSL;0;0;0;Month-to-month;1;Mailed check;501;501;2;202537;0,08;3,3;0,96;Gold;47;Urban;12;1
9640-ZSLDC;Female;0;1;1;0;DSL;0;0;1;One year;0;Credit card (automatic);606;32970;269;133806;0,19;4,1;0,89;Platinum;52;Suburban;44;0
4231-LZUYM;Female;0;1;1;1;0;No internet service;No internet service;No internet service;Two year;0;Bank transfer (automatic);2565;18870;376;211332;0,14;3,6;0,99;Bronze;27;Urban;33;0
7598-UAASY;Male;0;1;1;0;Fiber optic;0;0;1;Month-to-month;0;Electronic check;764;1518;4;155992;0,26;4;0,42;Gold;26;Suburban;32;1
7938-OUHIO;Male;0;0;1;0;Fiber optic;0;0;1;Month-to-month;1;Electronic check;987;29365;9;102320;0,01;3,4;0,05;Silver;34;Urban;54;1
8510-AWCXC;Female;1;0;1;1;Fiber optic;1;0;0;Month-to-month;1;Electronic check;1008;13081;26;158971;0,08;3,1;0,31;Gold;47;Urban;32;1
6128-AQBMT;Male;1;1;0;No phone service;DSL;0;1;1;Month-to-month;1;Electronic check;5395;22154;130;128581;0,03;4,6;0,68;Bronze;52;Urban;38;1
3594-BDSOA;Female;0;1;1;0;0;No internet service;No internet service;No internet service;One year;0;Credit card (automatic);204;4828;122;173645;0,27;4,3;0,14;Silver;24;Suburban;12;1
0431-APWVY;Female;0;1;1;0;Fiber optic;0;0;0;One year;1;Bank transfer (automatic);901;259895;114;100754;0,01;3,7;0,03;Silver;29;Urban;16;0
5133-VRSAB;Male;0;0;0;No phone service;DSL;1;0;0;Month-to-month;0;Mailed check;2935;21645;27;149837;0,23;3,1;0,06;Gold;51;Rural;8;1
5996-DAOQL;Male;0;0;1;0;0;No internet service;No internet service;No internet service;Month-to-month;1;Mailed check;2045;2045;3;218279;0,03;4,7;0,47;Gold;20;Rural;12;1
6838-YAUVY;Female;0;0;1;1;Fiber optic;0;0;1;Two year;1;Bank transfer (automatic);951;506485;108;238992;0,01;3,3;0,21;Bronze;50;Rural;15;1
0484-JPBRU;Male;0;0;1;1;0;No internet service;No internet service;No internet service;Month-to-month;1;Bank transfer (automatic);2525;99645;131;203746;0,08;4,9;0,09;Bronze;30;Urban;36;0
7883-ROJOC;Female;0;1;1;0;DSL;0;0;0;Month-to-month;0;Mailed check;449;83965;87;194780;0,08;4;0,41;Gold;28;Suburban;53;1
0244-LGNFY;Female;0;1;1;1;DSL;1;1;1;Two year;0;Bank transfer (automatic);9265;67330;424;167081;0,25;3,7;0,35;Silver;37;Urban;29;1
7274-CGTOD;Male;0;0;0;No phone service;DSL;1;1;1;Two year;1;Bank transfer (automatic);437;26183;334;104016;0,21;4,5;0,54;Silver;48;Urban;38;1
4295-YURET;Female;1;1;1;0;DSL;1;0;0;Two year;1;Credit card (automatic);726;408435;117;140522;0,29;4,8;0,75;Gold;50;Urban;32;1
3426-NIYYL;Male;0;0;1;1;DSL;0;0;0;Month-to-month;0;Electronic check;5155;7655;83;200896;0,21;3,7;0,11;Gold;51;Urban;39;1
8225-BTJAU;Male;1;0;1;0;Fiber optic;0;0;0;Month-to-month;1;Electronic check;7925;79355;51;192099;0,13;3,8;0,79;Bronze;26;Suburban;5;0
4635-EJYPD;Male;0;1;1;0;0;No internet service;No internet service;No internet service;Two year;0;Mailed check;1895;61395;163;231174;0,21;3,9;0,03;Silver;24;Rural;11;1
1866-ZSLJM;Male;0;0;1;0;0;No internet service;No internet service;No internet service;Month-to-month;0;Credit card (automatic);205;40285;80;184429;0,03;4,8;0,44;Gold;26;Urban;1;1
4636-TVXVG;Male;0;1;1;0;0;No internet service;No internet service;No internet service;One year;0;Bank transfer (automatic);1995;12448;222;81924;0,21;4,4;0,59;Gold;43;Urban;32;1
4236-UJPWO;Female;0;0;0;No phone service;DSL;0;0;0;Month-to-month;0;Electronic check;245;464;6;165015;0,23;3,5;0,96;Bronze;19;Rural;14;1
9392-XBGTD;Male;0;0;1;0;0;No internet service;No internet service;No internet service;Two year;0;Mailed check;206;58185;61;184987;0,28;3,4;0,57;Bronze;22;Urban;16;1
3387-VATUS;Male;0;0;1;1;Fiber optic;0;0;0;Month-to-month;1;Bank transfer (automatic);9485;4628;14;134333;0,03;3,5;0,16;Bronze;19;Rural;51;1
6402-SSEJG;Female;0;0;0;No phone service;DSL;1;1;1;One year;0;Electronic check;6105;15402;74;206372;0,21;3,5;0,52;Platinum;27;Suburban;34;1
1143-NMNQJ;Female;0;0;1;1;Fiber optic;0;0;0;Month-to-month;1;Electronic check;857;1698;7;211378;0,26;3,5;0,04;Silver;48;Urban;30;1
1169-SAOCL;Male;0;0;1;1;Fiber optic;0;1;0;One year;1;Bank transfer (automatic);10665;51681;244;168495;0,29;4,3;0,48;Silver;50;Suburban;29;1
1110-KYLGQ;Female;0;0;1;1;Fiber optic;1;1;1;Month-to-month;0;Credit card (automatic);10825;67801;245;149767;0,06;3,2;0,02;Bronze;23;Suburban;58;1
9929-PLVPA;Female;0;0;1;0;0;No internet service;No internet service;No internet service;Month-to-month;0;Credit card (automatic);204;945;8;184332;0,15;3,8;0,05;Bronze;31;Suburban;37;0
3518-PZXZQ;Female;0;1;1;0;DSL;0;0;0;Month-to-month;1;Mailed check;553;553;5;223279;0,02;4,3;0,15;Silver;31;Urban;15;0
2371-JUNGC;Male;0;0;1;0;0;No internet service;No internet service;No internet service;Month-to-month;0;Mailed check;2025;2080;63;119426;0,07;3,6;0,74;Silver;32;Suburban;41;0
7693-QPEFS;Male;1;0;1;1;Fiber optic;0;0;0;Month-to-month;1;Bank transfer (automatic);7295;382975;267;86336;0,18;3,1;0,59;Silver;50;Urban;44;1
0924-BJCRC;Female;1;1;1;1;Fiber optic;0;1;0;Month-to-month;0;Electronic check;8945;52946;357;192200;0,08;3,2;0,08;Bronze;48;Suburban;39;1
5074-FBGHB;Male;0;0;1;1;Fiber optic;0;0;1;One year;1;Credit card (automatic);10465;68898;267;97256;0,01;3,3;0,89;Bronze;34;Urban;16;1
2351-BKRZW;Female;0;1;1;0;DSL;1;0;1;Two year;0;Bank transfer (automatic);752;325435;251;113719;0,13;4,7;0,62;Gold;32;Urban;59;1
4455-BFSPD;Female;0;1;1;1;Fiber optic;0;0;0;One year;0;Bank transfer (automatic);10115;63839;140;122017;0,16;4,3;0,32;Bronze;37;Suburban;6;0
0415-MOSGF;Female;0;0;1;0;DSL;0;0;0;Month-to-month;0;Mailed check;444;444;3;125704;0,13;3,1;0,05;Gold;38;Urban;55;1
1724-BQUHA;Male;1;0;1;0;Fiber optic;0;0;0;Month-to-month;1;Electronic check;895;4777;14;110013;0,15;3,8;0,63;Bronze;46;Urban;4;0
3948-KXDUF;Male;0;0;1;1;DSL;1;1;1;Two year;0;Bank transfer (automatic);6875;444755;183;159991;0,09;3,6;0,37;Bronze;26;Urban;39;0
2323-ARSVR;Male;0;1;1;0;Fiber optic;1;1;1;Two year;1;Electronic check;11105;732105;171;150258;0,05;4,2;0,91;Silver;46;Urban;26;0
0815-MFZGM;Female;0;1;1;0;Fiber optic;0;0;1;Two year;1;Credit card (automatic);990;41350;188;158348;0,01;4;0,03;Platinum;51;Urban;0;0
4826-XTSOH;Male;1;1;1;1;Fiber optic;0;0;0;Month-to-month;1;Electronic check;8605;8605;5;247848;0,06;4;0,04;Bronze;26;Urban;1;0
5480-XTFFL;Female;0;1;1;0;0;No internet service;No internet service;No internet service;Two year;0;Mailed check;210;6977;133;90060;0,17;3,6;0,95;Silver;47;Urban;3;0
8295-FHIVV;Male;0;0;1;0;0;No internet service;No internet service;No internet service;Month-to-month;1;Mailed check;194;16865;18;217727;0,24;3,3;0,96;Silver;34;Urban;0;1
2495-INZWQ;Male;0;0;0;No phone service;DSL;0;0;0;Month-to-month;1;Electronic check;4455;1743;20;129923;0,05;4,5;0,03;Bronze;21;Urban;28;0
9086-YJYXS;Male;0;1;1;1;DSL;0;0;1;One year;0;Bank transfer (automatic);772;27538;154;158563;0,03;4,8;0,72;Bronze;49;Urban;20;0
1179-INLAT;Male;0;0;1;0;0;No internet service;No internet service;No internet service;One year;1;Mailed check;1945;6925;10;215102;0,22;4,9;0,22;Platinum;49;Urban;41;1
7909-FIOIY;Female;0;1;0;No phone service;DSL;0;0;0;Month-to-month;1;Mailed check;2485;4348;89;169779;0,09;3,1;0,07;Bronze;24;Urban;34;1
4139-SUGLD;Male;0;1;0;No phone service;DSL;1;0;0;Month-to-month;0;Bank transfer (automatic);354;10775;94;244361;0,29;4,5;0,87;Silver;49;Suburban;33;1
6857-VWJDT;Female;0;0;1;1;Fiber optic;0;0;0;Month-to-month;0;Mailed check;9565;9565;3;230811;0,21;4,5;0,01;Platinum;22;Urban;38;1
6351-SCJKT;Male;0;0;0;No phone service;DSL;1;0;1;Month-to-month;0;Mailed check;4135;10725;17;179704;0,01;4,9;0,24;Bronze;20;Suburban;1;0
5468-BPMMO;Male;0;1;1;0;0;No internet service;No internet service;No internet service;Month-to-month;0;Electronic check;196;8512;145;209157;0,09;3,5;0,02;Bronze;37;Suburban;24;0
5624-BQSSA;Female;0;0;1;0;0;No internet service;No internet service;No internet service;Month-to-month;0;Mailed check;2095;2095;3;190234;0,16;4,5;0,04;Bronze;34;Urban;5;1
0197-PNKNK;Female;0;1;1;1;Fiber optic;1;0;1;One year;0;Bank transfer (automatic);8445;58486;383;141687;0,02;3,1;0,03;Bronze;33;Urban;7;1
2439-QKJUL;Male;0;0;1;0;0;No internet service;No internet service;No internet service;Month-to-month;0;Mailed check;2025;1098;24;116491;0,04;4,3;0,08;Bronze;28;Urban;34;0
1194-SPVSP;Male;0;0;1;0;0;No internet service;No internet service;No internet service;Month-to-month;0;Bank transfer (automatic);1965;1965;2;152115;0,05;3,7;0,03;Silver;30;Urban;52;1
9534-NSXEM;Male;0;0;1;0;0;No internet service;No internet service;No internet service;One year;1;Credit card (automatic);2065;5955;67;197935;0,23;4,5;0,49;Gold;35;Urban;18;1
2408-WITXK;Female;1;0;0;No phone service;DSL;0;0;0;Month-to-month;1;Electronic check;347;3298;20;163778;0,15;4,7;0,79;Silver;31;Suburban;8;0
8929-KSWIH;Male;0;0;1;0;Fiber optic;0;0;1;Two year;0;Bank transfer (automatic);993;25135;113;215853;0;3,7;0,49;Platinum;51;Urban;32;0
2250-IVBWA;Male;0;1;1;0;Fiber optic;1;1;0;Month-to-month;0;Electronic check;8105;513535;242;100448;0,02;4,1;0,43;Bronze;29;Urban;7;0
1810-MVMAI;Male;0;1;1;1;DSL;1;1;1;Month-to-month;0;Electronic check;676;20002;76;131550;0,13;3,2;0,01;Bronze;39;Suburban;37;1
9506-UXUSK;Male;0;0;1;0;Fiber optic;0;0;0;Month-to-month;1;Electronic check;7015;93175;75;129294;0,15;3,8;0,57;Bronze;38;Suburban;31;0
1229-RCALF;Female;0;1;1;1;Fiber optic;1;1;1;One year;1;Electronic check;1150;739615;263;101446;0,06;3,7;0,12;Bronze;43;Urban;22;0
3572-UOLYZ;Female;0;0;1;1;Fiber optic;0;0;1;Month-to-month;1;Bank transfer (automatic);848;395885;136;156579;0,17;3,4;0,76;Bronze;19;Urban;33;1
1429-UYJSV;Female;0;0;1;0;0;No internet service;No internet service;No internet service;One year;0;Mailed check;197;2609;48;194679;0,29;4,8;0,26;Silver;33;Suburban;22;1
5577-OTWWW;Female;0;0;1;0;0;No internet service;No internet service;No internet service;Month-to-month;0;Bank transfer (automatic);1975;2973;70;165615;0,02;3,3;0,67;Gold;51;Urban;45;1
6100-QQHEB;Male;0;1;1;1;Fiber optic;0;0;0;Month-to-month;1;Electronic check;9255;15151;39;97101;0,09;4,3;0,65;Platinum;28;Suburban;31;0
6366-XIVKZ;Female;0;1;1;0;DSL;1;0;1;Month-to-month;1;Mailed check;6315;8168;40;108016;0,07;4,8;0,62;Bronze;36;Urban;0;0
3470-OBUET;Female;0;1;1;1;DSL;1;1;0;Two year;0;Credit card (automatic);740;48684;350;230004;0,07;4,8;0,27;Gold;47;Urban;6;0
2770-NSVDG;Male;0;1;0;No phone service;DSL;0;0;1;Month-to-month;0;Electronic check;291;6880;92;170481;0,11;4,6;0,27;Gold;24;Urban;42;0
9375-MHRRS;Male;0;0;1;0;DSL;0;0;0;Month-to-month;0;Mailed check;5005;28835;25;132802;0,25;3,4;0,86;Bronze;44;Rural;47;1
2634-HCZGT;Male;1;1;1;1;DSL;1;0;0;One year;1;Electronic check;6005;322965;197;87549;0,27;4,6;0,01;Bronze;39;Suburban;23;1
7503-QQRVF;Male;1;1;1;0;Fiber optic;0;1;0;Month-to-month;1;Credit card (automatic);743;117825;34;236434;0,06;3,6;0,18;Platinum;34;Urban;1;0
4860-YZGZM;Male;0;0;1;0;0;No internet service;No internet service;No internet service;Month-to-month;0;Electronic check;200;1854;26;127842;0,16;4,8;0,61;Silver;32;Urban;57;1
6599-GZWCM;Female;0;0;1;0;Fiber optic;0;1;0;One year;1;Mailed check;7465;96625;49;126539;0,19;4,4;0,82;Platinum;26;Urban;17;0
2691-NZETQ;Male;0;0;1;1;Fiber optic;0;0;0;Month-to-month;1;Electronic check;8535;7586;25;113717;0,16;4,6;0,36;Silver;29;Suburban;18;0
4404-HIBDJ;Female;0;0;1;0;DSL;1;1;1;One year;0;Mailed check;743;18638;54;234088;0,13;3,2;0,65;Bronze;25;Urban;41;1
5533-NHFRF;Male;1;0;0;No phone service;DSL;0;1;0;Month-to-month;1;Electronic check;444;2658;37;195042;0,06;4,2;0,56;Bronze;19;Suburban;35;0
7037-MTYVW;Male;0;1;1;1;DSL;1;0;1;Two year;1;Bank transfer (automatic);854;32970;225;207922;0,15;4,6;0,06;Platinum;33;Suburban;55;1
4760-THGOT;Female;0;1;1;1;Fiber optic;1;1;0;Month-to-month;1;Electronic check;941;41073;222;172447;0,12;4,7;0,62;Bronze;20;Urban;27;0
7295-JOMMD;Female;0;0;1;0;Fiber optic;0;0;1;Month-to-month;1;Bank transfer (automatic);981;3963;21;163402;0,24;3,1;0,81;Bronze;48;Suburban;34;1
4016-BJKTZ;Female;0;0;1;1;Fiber optic;0;1;1;Two year;0;Electronic check;1089;280905;74;122607;0,23;4,9;0,99;Silver;43;Urban;31;1
6584-VQMYT;Male;0;0;1;0;DSL;1;1;0;One year;0;Mailed check;562;156755;157;238693;0,04;3,1;0,03;Bronze;19;Urban;12;1
9838-BFCQT;Male;0;1;1;1;0;No internet service;No internet service;No internet service;Two year;0;Mailed check;261;185145;200;92823;0,03;4,2;0,66;Bronze;47;Suburban;5;0
2790-XUYMV;Male;0;0;1;1;Fiber optic;1;1;0;One year;1;Credit card (automatic);8545;602895;412;109986;0,27;4,4;0,41;Silver;30;Urban;28;1
0581-MDMPW;Female;0;0;1;1;Fiber optic;0;0;1;Month-to-month;1;Credit card (automatic);8895;207275;143;201682;0,16;3,2;0,01;Bronze;54;Suburban;9;1
5013-SBUIH;Female;0;0;1;1;Fiber optic;1;1;0;Two year;1;Electronic check;10965;555115;242;144325;0,26;3,1;0,61;Silver;31;Urban;58;1
1023-BQXZE;Male;0;0;1;0;DSL;1;0;1;Two year;1;Bank transfer (automatic);7435;431735;337;207925;0,02;4,6;0,12;Bronze;18;Urban;39;0
9163-GHAYE;Female;0;0;1;0;DSL;0;1;0;Month-to-month;0;Electronic check;4885;7368;64;137771;0,16;3,8;0,38;Silver;49;Rural;9;0
3904-UKFRE;Male;0;0;1;1;Fiber optic;1;0;0;Month-to-month;1;Electronic check;801;33615;12;134973;0,16;3,2;0,26;Bronze;23;Suburban;33;1
5353-WILCI;Female;0;0;1;0;DSL;1;1;0;Month-to-month;0;Electronic check;5605;152265;104;225762;0,26;4,5;0,36;Bronze;39;Suburban;19;1
0709-TVGUR;Female;1;0;1;1;Fiber optic;0;0;0;Month-to-month;1;Electronic check;7455;6229;39;119107;0,03;4,7;0,49;Gold;28;Urban;46;1
0058-EVZWM;Female;0;1;1;1;Fiber optic;1;0;0;Month-to-month;1;Bank transfer (automatic);898;49596;126;137888;0,07;4,2;0,36;Bronze;40;Urban;32;0
6023-YEBUP;Male;0;0;1;1;Fiber optic;0;0;1;Month-to-month;1;Electronic check;10095;32995;13;90956;0,12;3,3;0,55;Bronze;31;Rural;10;1
7209-JCUDS;Male;0;0;1;0;Fiber optic;0;0;1;Month-to-month;1;Electronic check;949;104885;59;166839;0,26;3;0,24;Silver;31;Urban;23;1
7009-PCARS;Male;0;0;1;0;0;No internet service;No internet service;No internet service;One year;0;Bank transfer (automatic);191;10015;151;247605;0,28;4,4;0,64;Bronze;37;Rural;32;1
0519-DRGTI;Female;0;1;1;0;0;No internet service;No internet service;No internet service;Month-to-month;0;Mailed check;2035;4426;103;181131;0,03;4,1;0,85;Bronze;24;Urban;59;1
1017-FBQMM;Female;0;1;1;1;Fiber optic;0;1;0;One year;1;Credit card (automatic);10605;67035;349;147594;0,29;4,3;0,22;Silver;36;Urban;56;1
3001-CBHLQ;Male;1;1;1;1;Fiber optic;0;0;1;Month-to-month;1;Electronic check;1049;335155;184;91519;0;4,6;0,51;Gold;43;Urban;21;0
1985-MBRYP;Female;0;0;1;0;0;No internet service;No internet service;No internet service;Two year;1;Bank transfer (automatic);1965;77925;251;242187;0,01;3,9;0,65;Gold;39;Urban;47;1
6158-DWPZT;Male;0;1;0;No phone service;DSL;0;0;0;One year;0;Bank transfer (automatic);241;2598;36;81832;0,04;3,2;0,56;Silver;23;Suburban;11;1
9372-TXXPS;Female;0;1;1;0;DSL;1;1;0;Two year;0;Bank transfer (automatic);5985;348345;354;193922;0,01;4,9;0,37;Silver;30;Rural;29;0
3259-QMXUN;Male;0;1;1;1;DSL;1;1;1;Two year;1;Electronic check;861;48905;291;185474;0,25;4,1;0,64;Gold;27;Urban;31;1
1015-JPFYW;Male;0;0;1;0;0;No internet service;No internet service;No internet service;One year;0;Mailed check;1945;13675;18;149715;0,27;4,2;0,03;Bronze;36;Urban;43;1
6645-MXQJT;Male;0;1;1;0;Fiber optic;1;0;0;Month-to-month;0;Electronic check;971;18415;7;151835;0,06;4,9;0,37;Bronze;48;Suburban;18;0
4360-QRAVE;Male;1;0;0;No phone service;DSL;0;1;1;Month-to-month;0;Electronic check;3665;13150;180;153366;0,19;4,9;0,53;Silver;27;Suburban;44;0
8433-WPJTV;Female;1;1;1;1;Fiber optic;0;0;1;One year;1;Bank transfer (automatic);1039;67671;194;117570;0,28;4,1;0,02;Silver;54;Urban;39;1
5804-JMYIO;Female;0;1;1;0;0;No internet service;No internet service;No internet service;Two year;0;Mailed check;1975;75795;177;217687;0,14;3,6;0,51;Gold;30;Urban;1;0
3763-GCZHZ;Male;0;1;1;1;Fiber optic;0;1;0;One year;1;Electronic check;10405;68900;307;118311;0,03;5;0,65;Bronze;34;Urban;58;1
6484-LATFU;Male;0;0;1;1;0;No internet service;No internet service;No internet service;Two year;0;Mailed check;2455;16574;180;170245;0,14;4,4;0,76;Bronze;22;Suburban;50;1
7599-NTMDP;Female;0;1;0;No phone service;DSL;1;1;0;Two year;0;Bank transfer (automatic);487;300855;264;183187;0,11;3,8;0,11;Gold;38;Urban;13;0
0772-GYEQQ;Male;0;0;1;0;Fiber optic;0;0;1;Month-to-month;1;Mailed check;8835;26205;15;103434;0,17;4,1;0,99;Silver;37;Suburban;54;1
0536-ACXIP;Female;0;1;1;1;Fiber optic;1;1;1;Two year;1;Electronic check;10955;81651;287;166879;0,13;3,8;0,61;Silver;24;Urban;58;1
0936-NQLJU;Female;0;1;1;0;0;No internet service;No internet service;No internet service;Two year;0;Credit card (automatic);2065;87555;83;95739;0,01;4,8;0,36;Bronze;32;Suburban;32;0
4831-EOBFE;Male;0;1;1;0;Fiber optic;1;0;0;Month-to-month;0;Credit card (automatic);9465;264915;59;146202;0,03;4;0,25;Bronze;32;Urban;31;1
1575-KRZZE;Female;0;0;1;0;DSL;1;1;0;Month-to-month;0;Electronic check;552;22065;13;178580;0,16;4,6;0,57;Bronze;40;Urban;56;1
3251-YMVWZ;Male;0;0;1;1;0;No internet service;No internet service;No internet service;One year;0;Bank transfer (automatic);2405;13019;302;159599;0,14;4,7;0,88;Silver;50;Urban;57;1
4102-OQUPX;Male;1;1;1;1;Fiber optic;0;0;0;Month-to-month;1;Electronic check;744;744;2;244721;0,29;4,6;0,52;Platinum;19;Suburban;40;1
9170-GYZJC;Female;0;1;1;1;DSL;1;1;1;Month-to-month;0;Credit card (automatic);799;33262;186;196770;0,05;4,4;0,66;Gold;49;Urban;18;0
4884-LEVMQ;Male;0;1;1;0;0;No internet service;No internet service;No internet service;Two year;1;Bank transfer (automatic);2045;7900;112;119470;0,06;4,7;0,36;Silver;32;Rural;13;0
8857-CUPFQ;Male;0;1;1;0;0;No internet service;No internet service;No internet service;Two year;0;Mailed check;1925;123765;207;154965;0,24;3,8;0,39;Gold;24;Suburban;3;1
7610-TVOPG;Male;0;0;1;1;0;No internet service;No internet service;No internet service;Month-to-month;1;Electronic check;2635;3786;80;205332;0,08;3,2;0,29;Silver;26;Urban;1;1
3638-DIMPH;Female;0;1;1;0;DSL;0;0;0;One year;0;Electronic check;438;59265;63;209681;0,24;4,7;0,71;Bronze;45;Suburban;9;1
1845-ZLLIG;Male;0;0;1;0;DSL;0;1;0;Month-to-month;1;Mailed check;5015;5015;2;243998;0,08;4;0,36;Bronze;39;Suburban;58;1
8559-WNQZS;Male;0;0;1;0;0;No internet service;No internet service;No internet service;Two year;0;Mailed check;2045;2045;3;194300;0,01;3,3;0,19;Silver;20;Suburban;28;1
3999-QGRJH;Male;1;0;1;0;Fiber optic;0;0;0;Month-to-month;1;Electronic check;697;56085;16;117997;0,16;3,2;0,37;Bronze;19;Rural;14;1
1699-UOTXU;Male;0;0;1;0;DSL;1;1;1;Two year;0;Electronic check;614;363825;235;177805;0,06;3,3;0,85;Silver;39;Suburban;30;1
2454-RPBRZ;Female;1;1;1;1;Fiber optic;0;1;1;Month-to-month;1;Electronic check;981;10602;55;242776;0,23;4,5;0,74;Gold;42;Urban;32;1
0635-WKOLD;Male;0;1;1;1;DSL;0;1;0;One year;0;Credit card (automatic);7075;292175;98;202202;0,19;4,4;0,33;Bronze;42;Suburban;28;0
5993-JSUWV;Female;0;0;1;0;DSL;1;1;1;Two year;1;Bank transfer (automatic);6115;401745;208;239463;0,28;3,4;0,91;Bronze;49;Suburban;10;1
4518-FZBSX;Male;0;1;1;0;0;No internet service;No internet service;No internet service;One year;0;Mailed check;2025;8549;150;82526;0,23;4,7;0,07;Bronze;24;Urban;47;1
5387-ASZNZ;Female;1;0;1;1;DSL;1;1;0;One year;1;Credit card (automatic);6385;417435;374;235758;0,05;3,6;0,05;Silver;48;Urban;44;0
6988-CJEYV;Male;0;0;1;1;Fiber optic;0;1;0;Month-to-month;0;Electronic check;987;492055;292;153339;0,24;4,6;0,13;Bronze;54;Rural;39;1
2002-MZHWP;Female;0;0;1;0;0;No internet service;No internet service;No internet service;Month-to-month;0;Mailed check;205;205;2;86574;0,19;4;0,12;Silver;21;Urban;58;1
3097-FQTVJ;Female;0;0;1;0;0;No internet service;No internet service;No internet service;Two year;0;Mailed check;200;8103;206;88733;0,02;4,5;0,09;Bronze;50;Suburban;8;0
5465-BUBFA;Female;0;1;1;0;0;No internet service;No internet service;No internet service;Two year;0;Bank transfer (automatic);193;7724;142;130290;0,25;3,8;0,66;Silver;32;Urban;46;1
7299-GNVPL;Female;0;1;1;0;Fiber optic;1;1;0;Month-to-month;0;Mailed check;844;193685;82;152793;0,17;3,7;0,06;Bronze;26;Suburban;56;1
9743-DQKQW;Male;0;0;0;No phone service;DSL;0;0;0;Month-to-month;0;Electronic check;251;798;15;116051;0,14;4,7;0,65;Platinum;23;Urban;57;1
1215-VFYVK;Female;0;0;0;No phone service;DSL;1;0;1;Month-to-month;0;Mailed check;4825;20225;22;95909;0,19;3,1;0,69;Silver;48;Suburban;28;1
9371-BITHB;Female;0;1;1;0;0;No internet service;No internet service;No internet service;Two year;0;Mailed check;1985;10705;301;157338;0,09;4,9;0,76;Gold;51;Urban;36;0
2265-CYWIV;Female;1;1;1;1;Fiber optic;1;0;0;Month-to-month;1;Electronic check;996;34765;17;153432;0,05;4,3;0,21;Gold;30;Suburban;20;0
9093-FPDLG;Female;0;0;1;0;Fiber optic;0;1;1;Month-to-month;1;Electronic check;942;9999;37;108133;0,18;3,9;0,62;Silver;53;Urban;30;0
0541-FITGH;Female;0;1;1;0;DSL;1;0;0;Month-to-month;1;Mailed check;6215;1131;10;159062;0,07;4,3;0,58;Bronze;49;Suburban;52;1
6985-HAYWX;Female;0;1;1;1;Fiber optic;0;1;0;Month-to-month;0;Bank transfer (automatic);793;20158;78;222350;0,02;3,2;0,94;Silver;39;Urban;21;1
7508-KBIMB;Male;0;1;1;0;DSL;1;0;1;One year;1;Credit card (automatic);5625;145425;102;191546;0;4;0,23;Silver;46;Urban;51;1
6838-HVLXG;Female;0;0;1;0;0;No internet service;No internet service;No internet service;Month-to-month;0;Mailed check;203;2467;41;131458;0,18;5;0,06;Silver;28;Urban;17;0
2277-DJJDL;Male;1;1;1;1;Fiber optic;0;0;0;Month-to-month;1;Electronic check;990;60179;277;135415;0,11;3,5;0,65;Bronze;23;Rural;1;0
1897-OKVMW;Female;0;1;1;1;DSL;1;1;1;Two year;1;Mailed check;906;581745;189;134160;0,23;4,4;0,74;Bronze;22;Suburban;59;1
5485-ITNPC;Male;0;1;1;0;DSL;1;1;1;Two year;1;Bank transfer (automatic);859;55953;182;134399;0,11;3,9;0,28;Bronze;18;Urban;21;0
0233-FTHAV;Female;0;0;1;1;Fiber optic;0;0;1;One year;1;Bank transfer (automatic);792;47650;340;105298;0,15;4,3;0,57;Bronze;27;Rural;36;0
4644-PIZRT;Male;0;1;1;1;DSL;1;0;1;One year;1;Bank transfer (automatic);7035;120165;40;233263;0,12;3,4;0,06;Platinum;27;Suburban;19;1
8922-NPKBJ;Male;0;1;1;0;0;No internet service;No internet service;No internet service;Two year;0;Mailed check;1935;8673;169;244164;0,02;3,9;0,96;Bronze;41;Urban;47;1
2740-TVLFN;Male;0;0;1;1;DSL;0;0;0;Month-to-month;1;Electronic check;5015;5015;2;169407;0,11;5;0,11;Bronze;24;Suburban;47;1
7771-CFQRQ;Female;0;1;1;0;DSL;0;1;0;Two year;0;Bank transfer (automatic);638;300725;101;142513;0,29;3,4;0,07;Gold;39;Urban;53;1
9512-PHSMG;Female;0;1;1;0;0;No internet service;No internet service;No internet service;Month-to-month;1;Mailed check;2055;25275;21;131097;0,28;4,3;0,04;Gold;38;Urban;3;1
6963-EZQEE;Male;1;1;1;1;DSL;1;1;1;Two year;1;Credit card (automatic);8855;63065;189;241351;0,25;4,2;0,43;Silver;39;Suburban;25;1
2452-KDRRH;Male;1;0;1;1;Fiber optic;0;0;1;Month-to-month;1;Credit card (automatic);1014;684105;366;225476;0,28;4,1;0,01;Bronze;50;Urban;19;1
2004-OCQXK;Female;0;0;1;0;Fiber optic;0;0;0;Month-to-month;1;Electronic check;8195;8195;3;115198;0,13;4,2;0,74;Bronze;42;Urban;21;1
5027-QPKTE;Male;0;1;1;0;Fiber optic;0;0;0;Month-to-month;1;Electronic check;6935;4511;40;129997;0,16;4;0,09;Silver;48;Suburban;42;0
4146-SVFUD;Male;0;0;1;0;DSL;0;0;0;Month-to-month;0;Mailed check;446;446;4;211639;0,22;3;0,26;Bronze;33;Rural;19;1
1564-HJUVY;Male;0;0;1;0;DSL;0;1;0;Month-to-month;1;Bank transfer (automatic);6375;2262;14;82179;0,21;4,8;0,63;Bronze;32;Urban;28;1
3617-XLSGQ;Female;0;1;1;1;Fiber optic;1;1;1;Two year;0;Bank transfer (automatic);10925;70825;285;82019;0,27;4,7;0,04;Bronze;46;Urban;47;1
7517-LDMPS;Female;0;0;1;0;Fiber optic;0;1;0;Month-to-month;1;Electronic check;846;101735;48;161455;0,21;3,3;0,39;Platinum;36;Suburban;56;1
7244-KXYZN;Female;0;0;1;0;0;No internet service;No internet service;No internet service;One year;0;Credit card (automatic);2045;52735;120;229776;0,03;3,8;0,29;Bronze;34;Suburban;30;1
5226-NOZFC;Male;0;0;1;0;Fiber optic;0;1;0;Month-to-month;1;Electronic check;8575;21465;81;229102;0,01;4,5;0,23;Silver;43;Rural;22;0
2672-HUYVI;Female;0;0;1;0;Fiber optic;0;0;0;Month-to-month;1;Electronic check;911;4553;20;206883;0,25;5;0,64;Platinum;53;Urban;43;1
1400-WIVLL;Male;0;1;1;1;Fiber optic;0;0;1;Two year;0;Electronic check;10795;596985;317;149445;0,21;4,9;0,13;Silver;53;Suburban;37;1
7508-MYBOG;Male;0;1;1;1;Fiber optic;0;0;0;Month-to-month;1;Electronic check;861;123555;81;153551;0,21;4,8;0,86;Bronze;52;Urban;15;1
8148-NLEGT;Female;0;1;1;1;0;No internet service;No internet service;No internet service;Two year;0;Electronic check;2295;101425;233;83420;0,01;3,3;0,66;Bronze;40;Suburban;18;1
0148-DCDOS;Male;0;0;1;1;Fiber optic;0;0;0;Month-to-month;1;Bank transfer (automatic);947;23621;91;139875;0,24;4,8;0,71;Platinum;26;Urban;10;1
8347-GDTMP;Female;0;1;1;0;0;No internet service;No internet service;No internet service;Two year;0;Credit card (automatic);1945;122565;327;96740;0,27;4,8;0,94;Bronze;51;Suburban;11;1
9992-RRAMN;Male;0;1;1;1;Fiber optic;0;0;0;Month-to-month;1;Electronic check;851;18737;85;145263;0,07;3,8;0,94;Silver;35;Urban;35;0
6746-WAUWT;Male;0;0;1;0;0;No internet service;No internet service;No internet service;One year;1;Credit card (automatic);197;3865;75;185789;0,19;3,8;0,55;Gold;33;Suburban;12;0
0310-MVLET;Female;0;1;1;1;Fiber optic;0;1;0;Month-to-month;1;Electronic check;9915;601005;171;99465;0,12;3,9;0,05;Bronze;49;Urban;1;0
0428-IKYCP;Male;0;1;1;0;Fiber optic;0;0;1;Month-to-month;1;Bank transfer (automatic);870;185065;96;84131;0,03;4,3;0,34;Gold;45;Urban;50;1
4550-VBOFE;Male;1;1;1;1;Fiber optic;0;1;1;Month-to-month;1;Electronic check;10295;71015;192;90652;0,14;3,5;0,72;Platinum;49;Suburban;10;0
2187-PKZAY;Male;0;0;1;0;Fiber optic;0;0;0;Month-to-month;1;Bank transfer (automatic);7995;10434;39;127671;0,07;3;0,54;Silver;35;Urban;0;1
4003-OCTMP;Female;0;1;1;0;DSL;1;0;0;One year;1;Electronic check;640;191075;168;169342;0,11;3,3;0,93;Silver;51;Urban;40;1
6652-YFFJO;Female;0;0;1;0;DSL;0;0;0;Month-to-month;1;Electronic check;649;7161;31;99171;0,02;3,9;0,24;Gold;46;Urban;9;0
7225-IILWY;Male;0;1;1;1;0;No internet service;No internet service;No internet service;Two year;0;Mailed check;2575;168615;155;138541;0,02;3,6;0,31;Silver;38;Urban;2;0
5248-RPYWW;Female;1;1;1;1;DSL;1;1;1;Two year;1;Bank transfer (automatic);9015;671645;163;89470;0,18;4,5;0,32;Gold;18;Urban;7;0
7923-IYJWY;Male;1;0;1;1;Fiber optic;1;1;1;Two year;1;Credit card (automatic);1161;783985;386;124308;0,28;3,2;0,81;Silver;33;Urban;15;1
3170-GWYKC;Female;0;0;1;0;Fiber optic;1;0;1;Month-to-month;1;Bank transfer (automatic);10495;623675;241;232398;0,26;4,8;0,01;Bronze;50;Suburban;35;1
5696-QURRL;Male;0;0;1;0;DSL;0;0;0;Month-to-month;1;Mailed check;4505;4505;3;215669;0,02;4,8;0,46;Bronze;38;Suburban;42;1
7409-KIUTL;Female;1;0;1;0;Fiber optic;0;0;0;Month-to-month;1;Electronic check;710;710;5;182840;0,03;4,8;0,43;Bronze;52;Urban;39;1
9830-ECLEN;Male;0;1;0;No phone service;DSL;1;1;1;One year;0;Mailed check;500;291985;309;241860;0,21;4,5;0,07;Bronze;44;Urban;38;1
1732-VHUBQ;Female;1;1;1;0;Fiber optic;0;0;0;Month-to-month;0;Bank transfer (automatic);7055;330925;156;129477;0,05;3,2;0,41;Bronze;37;Suburban;19;1
0495-RVCBF;Female;0;0;1;0;Fiber optic;0;0;0;Month-to-month;1;Electronic check;797;797;4;188261;0;3,9;0,51;Silver;48;Urban;46;1
2668-TZSPS;Male;0;0;1;0;0;No internet service;No internet service;No internet service;Month-to-month;0;Mailed check;2045;2045;5;182466;0,05;3,3;0,07;Bronze;33;Urban;54;1
7854-EDSSA;Male;0;0;1;1;DSL;1;1;0;Month-to-month;0;Electronic check;590;12547;101;113071;0,25;5;0,51;Gold;31;Urban;59;1
8869-TORSS;Female;0;0;1;0;DSL;1;0;1;One year;1;Credit card (automatic);6035;28964;125;150560;0,01;3,7;0,96;Gold;49;Urban;7;0
7446-SFAOA;Female;0;1;1;0;0;No internet service;No internet service;No internet service;One year;1;Bank transfer (automatic);1985;7175;203;242842;0,07;4,2;0,98;Silver;49;Urban;9;0
9522-ZSINC;Male;0;0;1;0;0;No internet service;No internet service;No internet service;One year;1;Electronic check;1995;2538;54;156762;0,23;4,6;0,53;Silver;19;Suburban;50;1
8234-GSZYK;Male;0;0;1;1;0;No internet service;No internet service;No internet service;Two year;0;Bank transfer (automatic);2645;111005;134;246471;0,18;4,8;0,52;Bronze;39;Urban;36;0
6505-OZNPG;Female;0;0;0;No phone service;DSL;1;1;1;Two year;1;Mailed check;634;3488;22;223641;0,23;4,5;0,29;Silver;54;Rural;31;1
6164-HAQTX;Male;0;0;0;No phone service;DSL;1;1;1;Two year;0;Bank transfer (automatic);5395;388865;152;82369;0,22;4,3;0,1;Silver;34;Suburban;26;1
0679-IDSTG;Female;1;1;1;0;Fiber optic;0;0;0;Month-to-month;1;Electronic check;6925;6925;2;189963;0,02;3,9;0,27;Gold;49;Suburban;30;1
7765-LWVVH;Female;0;1;1;1;Fiber optic;1;1;0;Two year;1;Electronic check;951;684315;364;80528;0,27;4,2;0,45;Bronze;34;Urban;2;1
1658-TJVOA;Female;1;0;1;0;Fiber optic;1;0;0;Month-to-month;1;Electronic check;741;4509;12;188806;0,07;3,2;0;Gold;51;Urban;38;1
0953-LGOVU;Male;0;1;0;No phone service;DSL;0;1;0;Month-to-month;0;Mailed check;355;43225;43;241386;0,17;4,8;0,35;Gold;24;Urban;5;0
2115-BFTIW;Male;0;0;1;0;Fiber optic;0;0;0;Month-to-month;0;Mailed check;7095;176735;102;182979;0,19;4,1;0,07;Silver;46;Urban;16;0
4692-NNQRU;Female;0;1;1;0;Fiber optic;0;0;1;One year;0;Electronic check;792;174245;46;229119;0,05;3,1;0,74;Bronze;34;Rural;9;1
7742-MYPGI;Female;0;1;1;0;DSL;0;0;0;Month-to-month;1;Mailed check;488;29735;35;99748;0,29;4,8;0,56;Silver;41;Urban;20;1
0611-DFXKO;Male;0;1;1;0;Fiber optic;0;0;0;Month-to-month;1;Mailed check;890;182045;58;115109;0,15;4;0,57;Silver;25;Suburban;28;0
7780-OTDSO;Male;0;1;1;1;Fiber optic;1;0;0;Month-to-month;1;Electronic check;994;174295;57;93919;0,02;4,7;0,29;Silver;40;Suburban;28;0
9619-GSATL;Female;0;0;1;0;DSL;0;1;0;One year;0;Electronic check;5545;244425;138;127498;0,28;4,7;0,81;Silver;50;Suburban;19;1
5622-UEJFI;Female;0;1;1;1;0;No internet service;No internet service;No internet service;Two year;1;Credit card (automatic);254;9498;102;135808;0,18;4,6;0;Bronze;46;Urban;14;0
9747-DDZOS;Female;0;0;1;0;Fiber optic;0;0;1;Month-to-month;0;Bank transfer (automatic);735;735;2;150441;0,21;3,1;0,33;Bronze;36;Suburban;1;1
0674-DGMAQ;Male;1;1;1;1;Fiber optic;0;1;1;Month-to-month;1;Electronic check;935;29708;157;193843;0,16;3,5;0,66;Bronze;22;Rural;32;0
6203-HBZPA;Male;0;0;0;No phone service;DSL;1;1;1;Two year;0;Credit card (automatic);639;333495;305;154420;0,25;4,8;0,91;Bronze;54;Urban;11;1
0484-FFVBJ;Male;0;0;1;0;DSL;0;0;0;One year;1;Bank transfer (automatic);6485;201095;92;239978;0,01;4,8;0,23;Bronze;40;Urban;12;0
0301-FIDRB;Female;0;1;0;No phone service;DSL;1;1;1;Two year;1;Bank transfer (automatic);638;46843;334;187447;0,08;3,9;0,54;Bronze;43;Urban;43;0
4139-JPIAM;Male;0;0;0;No phone service;DSL;1;0;0;Month-to-month;1;Credit card (automatic);4445;218155;253;146896;0,14;3,9;0,54;Bronze;41;Urban;43;0
2181-TIDSV;Male;0;1;1;0;0;No internet service;No internet service;No internet service;Two year;1;Bank transfer (automatic);1995;130325;366;183431;0,02;3,4;0,87;Gold;38;Urban;38;1
2761-XECQW;Male;1;1;0;No phone service;DSL;0;1;1;Month-to-month;1;Mailed check;4335;3714;29;233018;0,21;4,9;0,05;Gold;50;Urban;38;1
1936-CZAKF;Male;0;1;0;No phone service;DSL;0;1;0;Two year;0;Credit card (automatic);4965;24099;157;127020;0,12;3,4;0,42;Bronze;43;Urban;37;1
9453-PATOS;Female;0;1;1;0;DSL;1;1;1;Two year;0;Mailed check;851;61554;237;102161;0,08;3,4;0,18;Bronze;27;Suburban;44;1
0564-JJHGS;Male;0;0;1;1;Fiber optic;0;0;0;Month-to-month;1;Electronic check;955;8291;43;107738;0;4,3;0,02;Gold;46;Urban;20;0
3348-CFRNX;Female;0;1;1;0;Fiber optic;1;0;0;Month-to-month;1;Mailed check;9235;26029;147;214997;0,22;3,5;0,15;Silver;52;Suburban;40;1
4402-FTBXC;Male;0;0;1;0;Fiber optic;1;0;1;Month-to-month;0;Mailed check;898;46670;147;219535;0,25;4,9;0,98;Bronze;45;Urban;15;1
1428-GTBJJ;Male;0;0;1;0;Fiber optic;0;1;0;Month-to-month;1;Electronic check;7455;82475;38;137153;0,12;3;0,21;Gold;29;Suburban;33;1
2931-XIQBR;Female;0;1;1;0;Fiber optic;0;0;1;One year;0;Mailed check;10305;51535;280;141009;0,17;3;0,94;Bronze;24;Urban;26;1
0106-UGRDO;Female;0;1;1;1;Fiber optic;1;1;1;Two year;1;Electronic check;1160;818285;360;167938;0,07;4;0,21;Silver;33;Suburban;42;0
5542-TBBWB;Male;0;0;1;0;Fiber optic;0;0;0;Month-to-month;1;Electronic check;699;699;5;179546;0,19;4;0,93;Platinum;37;Urban;2;0
1930-QPBVZ;Male;0;1;1;0;Fiber optic;1;1;0;Two year;0;Bank transfer (automatic);951;66834;341;136271;0;3,3;0,65;Bronze;46;Urban;8;1
2606-PKWJB;Male;0;0;0;No phone service;DSL;1;1;0;One year;0;Mailed check;4025;156405;142;89797;0,15;4;0,11;Platinum;52;Rural;43;0
5322-ZSMZY;Male;0;1;1;1;0;No internet service;No internet service;No internet service;Two year;0;Mailed check;2575;7556;135;166130;0,19;3,8;0,58;Bronze;45;Suburban;33;0
8059-UDZFY;Female;1;0;1;1;Fiber optic;0;1;1;Month-to-month;1;Bank transfer (automatic);10535;346505;153;151942;0,28;4,8;0,32;Silver;24;Urban;18;1
7740-BTPUX;Male;1;1;1;1;Fiber optic;0;1;1;Two year;1;Electronic check;1136;62927;127;198065;0,11;3;0,38;Silver;39;Rural;37;1
5220-AGAAX;Male;0;1;1;1;0;No internet service;No internet service;No internet service;Two year;1;Bank transfer (automatic);240;16643;284;93965;0,23;5;0,44;Gold;31;Urban;25;1
0208-BPQEJ;Female;0;1;1;0;0;No internet service;No internet service;No internet service;Month-to-month;0;Bank transfer (automatic);194;1981;58;93733;0,18;4,2;0,42;Bronze;53;Urban;22;0
9435-JMLSX;Male;0;1;1;0;DSL;1;1;1;Two year;1;Bank transfer (automatic);861;60459;189;207182;0,28;3,3;0,66;Silver;27;Suburban;17;1
3352-ALMCK;Male;0;0;1;1;Fiber optic;0;1;1;Month-to-month;1;Mailed check;10265;410815;204;237998;0,12;3,1;0,77;Gold;19;Urban;44;1
5312-IRCFR;Female;0;1;1;1;Fiber optic;0;1;1;One year;1;Electronic check;9285;598075;277;239855;0,01;4,1;0,33;Silver;39;Urban;45;0
5294-IMHHT;Male;0;1;1;1;Fiber optic;0;1;0;One year;0;Bank transfer (automatic);9775;50432;307;163360;0,27;3,5;0,92;Bronze;33;Urban;39;1
8802-UNOJF;Male;1;0;1;0;Fiber optic;0;1;1;Month-to-month;1;Mailed check;838;102975;26;247466;0,01;3,6;0,94;Bronze;52;Urban;40;0
6313-GIDIT;Male;1;0;0;No phone service;DSL;0;1;1;Month-to-month;1;Electronic check;5445;285455;162;188378;0,04;3,5;0,04;Silver;28;Urban;44;0
6176-YJWAS;Male;0;1;1;1;Fiber optic;1;1;1;Two year;1;Credit card (automatic);9795;711425;317;108287;0,02;4,3;0,01;Gold;50;Urban;48;1
5310-NOOVA;Male;0;0;1;0;0;No internet service;No internet service;No internet service;Two year;0;Electronic check;1995;90705;146;162104;0,25;4,1;0,43;Silver;51;Rural;37;1
4526-EXKKN;Male;0;0;1;1;0;No internet service;No internet service;No internet service;Two year;1;Mailed check;246;97395;194;241508;0;3,2;0,59;Silver;50;Urban;51;1
5311-IHLEI;Male;0;0;0;No phone service;DSL;1;1;0;Month-to-month;1;Bank transfer (automatic);5095;60575;60;166916;0,26;4,1;0,28;Bronze;36;Urban;9;1
3987-KQDDU;Male;0;0;1;0;Fiber optic;1;0;0;Month-to-month;0;Electronic check;756;66155;21;83188;0,14;4,6;0,26;Silver;37;Suburban;42;0
3404-JNXAX;Female;0;1;1;1;Fiber optic;0;0;0;Month-to-month;1;Electronic check;8075;41169;206;171205;0;3,2;0,68;Bronze;27;Urban;9;1
5131-PONJI;Male;0;1;1;0;Fiber optic;0;1;1;Month-to-month;1;Credit card (automatic);904;449465;197;177349;0,12;4,8;0,06;Silver;36;Urban;20;0
2845-AFFTX;Male;1;1;1;1;Fiber optic;0;0;1;Month-to-month;1;Electronic check;998;42593;142;217837;0,06;4,2;0,17;Platinum;29;Rural;37;0
3489-VSFRD;Female;0;0;1;0;DSL;1;0;1;One year;1;Credit card (automatic);6025;328275;320;221879;0,19;4,9;0,88;Gold;27;Rural;37;0
3345-JHUEO;Male;0;0;1;0;0;No internet service;No internet service;No internet service;Month-to-month;1;Electronic check;202;557;21;90204;0,02;3,3;0,68;Bronze;24;Urban;46;1
5815-HGGHV;Male;0;1;1;0;DSL;1;0;0;One year;1;Mailed check;6415;127445;95;122120;0,15;5;0,36;Silver;28;Suburban;6;0
5260-UMPWX;Female;0;1;1;0;0;No internet service;No internet service;No internet service;Month-to-month;1;Credit card (automatic);2025;49395;126;182903;0,01;4,3;0,68;Bronze;33;Suburban;56;1
2249-YPRNG;Female;0;1;1;1;Fiber optic;0;1;1;Month-to-month;1;Bank transfer (automatic);10585;223965;76;233730;0,02;4,1;0,11;Bronze;50;Suburban;11;0
7410-YTJIK;Female;0;0;1;1;Fiber optic;0;0;0;Month-to-month;0;Mailed check;7545;48075;39;117081;0,25;4;0,47;Bronze;34;Urban;51;1
4626-GYCZP;Male;0;0;1;1;Fiber optic;0;0;0;Month-to-month;1;Electronic check;9385;6356;33;114986;0,22;3;0,17;Bronze;42;Urban;40;1
5649-RXQTV;Male;0;0;1;0;Fiber optic;0;1;1;Month-to-month;1;Electronic check;990;503815;250;159322;0,25;4,9;0,04;Silver;48;Urban;32;1
2674-MIAHT;Female;0;0;1;1;Fiber optic;0;1;0;Month-to-month;1;Mailed check;803;3242;21;174819;0,06;4,3;0,34;Silver;18;Suburban;24;0
2576-HXMPA;Female;0;0;1;0;0;No internet service;No internet service;No internet service;Month-to-month;0;Credit card (automatic);1955;1955;3;210015;0,27;3,2;0,15;Platinum;37;Suburban;27;1
7587-AOVVU;Male;0;1;1;1;Fiber optic;1;1;0;Month-to-month;0;Electronic check;10075;279355;141;130304;0,01;3;0,63;Bronze;26;Suburban;23;1
5590-BYNII;Male;0;0;1;1;Fiber optic;1;0;0;Month-to-month;1;Electronic check;10075;20950;61;145592;0;3,1;0,67;Bronze;19;Urban;47;1
6898-MDLZW;Male;0;0;1;0;DSL;0;1;0;Month-to-month;1;Mailed check;5375;64865;40;138548;0,25;4,2;0,15;Bronze;18;Urban;30;1
3237-AJGEH;Female;0;1;0;No phone service;DSL;0;0;0;Month-to-month;1;Mailed check;310;9505;10;178447;0,28;4,2;0,02;Bronze;22;Urban;17;1
4707-YNOQA;Female;0;1;1;1;0;No internet service;No internet service;No internet service;One year;1;Credit card (automatic);256;91715;201;119986;0,02;4;0,79;Platinum;29;Suburban;22;0
9357-UJRUN;Male;0;1;1;1;DSL;1;0;0;One year;1;Electronic check;5835;13469;130;154095;0,07;3,6;0;Bronze;31;Urban;6;0
1591-NFNLQ;Male;0;0;1;1;Fiber optic;0;0;1;Month-to-month;0;Credit card (automatic);800;424235;245;171594;0,08;4,1;0,34;Platinum;49;Suburban;49;1
8648-PFRMP;Female;1;0;0;No phone service;DSL;0;0;0;Month-to-month;1;Electronic check;4635;6727;68;168281;0,14;4;0,49;Bronze;26;Suburban;7;0
7663-CUXZB;Male;0;1;1;1;Fiber optic;1;1;1;Two year;0;Electronic check;11375;656125;250;146151;0,27;3;0,82;Bronze;50;Urban;53;1
0258-NOKBL;Male;0;0;1;0;Fiber optic;0;1;1;Month-to-month;0;Electronic check;904;26845;17;153598;0,04;3,6;0,84;Bronze;42;Urban;14;0
1163-VIPRI;Female;0;1;1;1;Fiber optic;1;0;1;Two year;0;Electronic check;1093;733755;259;108214;0,25;3,1;0,72;Gold;31;Urban;37;1
2815-CPTUL;Male;1;0;1;0;Fiber optic;0;0;0;Month-to-month;1;Mailed check;7025;3319;17;118745;0,09;4,8;0,25;Bronze;26;Rural;27;0
9348-ROUAI;Female;0;1;1;1;DSL;1;1;1;Two year;0;Credit card (automatic);903;519405;156;221753;0,24;4,5;0,72;Platinum;44;Urban;26;1
9443-JUBUO;Male;0;1;0;No phone service;DSL;1;1;1;Two year;1;Credit card (automatic);6525;447885;370;218056;0,28;5;0,25;Silver;36;Urban;20;1
0596-BQCEQ;Female;0;1;1;0;Fiber optic;0;1;1;Month-to-month;1;Electronic check;10015;62833;306;238651;0,13;3,6;0,21;Bronze;42;Suburban;43;0
1481-ZUWZA;Male;0;0;1;1;Fiber optic;1;1;0;Month-to-month;1;Credit card (automatic);945;26594;99;170810;0,11;4,8;0,55;Silver;49;Urban;26;0
3043-TYBNO;Male;0;0;1;0;DSL;0;0;0;Month-to-month;0;Mailed check;6065;1969;6;238471;0,24;4,2;0,68;Bronze;39;Urban;46;1
4830-FAXFM;Male;0;0;1;1;0;No internet service;No internet service;No internet service;Month-to-month;1;Credit card (automatic);241;4392;101;242553;0,16;3,9;0,05;Bronze;46;Suburban;55;1
5906-BFOZT;Male;0;0;1;0;0;No internet service;No internet service;No internet service;Month-to-month;1;Mailed check;195;195;2;80944;0,21;3,4;0,06;Gold;45;Suburban;46;1
2960-NKRSO;Male;0;0;1;0;Fiber optic;0;1;1;Month-to-month;1;Electronic check;8595;210715;115;173993;0,19;4,5;0,78;Silver;30;Urban;41;0
8996-ZROXE;Male;1;0;1;0;DSL;0;0;1;One year;1;Electronic check;535;30358;335;89114;0,05;4,8;0,86;Silver;45;Urban;40;0
5598-IKHQQ;Female;0;0;1;1;0;No internet service;No internet service;No internet service;Two year;0;Credit card (automatic);2545;186645;270;119846;0,25;3,5;0,06;Bronze;20;Suburban;13;1
0397-ZXWQF;Male;0;0;1;0;0;No internet service;No internet service;No internet service;Two year;0;Bank transfer (automatic);205;143095;196;112596;0,06;3,4;0,43;Bronze;47;Suburban;20;1
5266-PFRQK;Male;0;1;1;0;0;No internet service;No internet service;No internet service;One year;1;Credit card (automatic);2085;10716;250;184087;0,28;4,4;0,85;Bronze;28;Urban;13;1
4674-HGNUA;Male;0;1;1;1;DSL;1;1;1;Two year;0;Credit card (automatic);899;645715;374;86907;0,08;5;0,73;Silver;19;Suburban;48;1
6765-MBQNU;Female;0;1;1;1;0;No internet service;No internet service;No internet service;One year;0;Mailed check;260;68405;108;239186;0,22;4,5;0,58;Gold;26;Rural;42;1
9786-IJYDL;Female;0;0;1;1;Fiber optic;1;1;1;Two year;1;Mailed check;1132;391405;205;105009;0,09;3,6;0,32;Silver;50;Urban;5;0
1303-SRDOK;Female;0;1;1;0;Fiber optic;0;0;0;Two year;1;Credit card (automatic);6905;38426;121;164846;0,01;3,8;0,02;Gold;43;Urban;11;0
3769-MHZNV;Female;0;1;1;0;0;No internet service;No internet service;No internet service;Two year;0;Mailed check;201;67035;132;130241;0,09;3,8;0,42;Bronze;33;Suburban;27;0
6295-OSINB;Male;0;1;1;1;Fiber optic;1;1;1;Two year;1;Electronic check;10965;788025;350;246797;0,22;4,7;0,29;Bronze;42;Urban;48;1
3308-MHOOC;Male;0;0;1;0;0;No internet service;No internet service;No internet service;Month-to-month;1;Mailed check;192;192;5;98996;0,17;4,5;0,34;Bronze;18;Suburban;28;0
2309-OSFEU;Male;0;0;0;No phone service;DSL;0;0;0;Month-to-month;1;Mailed check;339;29845;27;217119;0,26;4,2;0,52;Gold;38;Suburban;36;1
2207-QPJED;Female;1;1;1;0;Fiber optic;0;0;1;Month-to-month;0;Electronic check;900;337175;192;108767;0,09;3,5;0,17;Gold;37;Suburban;37;0
4177-JPDFU;Male;0;0;0;No phone service;DSL;0;1;0;Month-to-month;0;Mailed check;340;44245;50;96347;0,21;4,9;0,81;Bronze;22;Urban;2;1
2239-CFOUJ;Male;0;1;1;0;0;No internet service;No internet service;No internet service;One year;0;Mailed check;204;204;3;182063;0,23;4,3;0,15;Bronze;34;Suburban;59;1
8046-DNVTL;Male;0;1;0;No phone service;DSL;1;1;0;Two year;1;Credit card (automatic);386;234555;156;104102;0,05;4,9;0,48;Silver;18;Urban;32;0
2209-XADXF;Female;0;0;0;No phone service;DSL;0;0;0;Month-to-month;0;Bank transfer (automatic);2525;2525;5;84263;0,12;4,2;0,75;Gold;30;Urban;49;1
6620-JDYNW;Female;0;0;1;1;DSL;1;0;1;Month-to-month;1;Mailed check;606;115635;47;188585;0,14;4,6;0,49;Gold;35;Urban;45;0
1891-FZYSA;Male;1;1;1;1;Fiber optic;0;1;0;Month-to-month;1;Electronic check;8995;614315;223;147438;0,11;4,6;0,36;Bronze;21;Rural;11;0
4770-UEZOX;Male;0;0;1;0;Fiber optic;0;1;0;Month-to-month;1;Electronic check;7475;1448;6;176359;0,01;3,7;0,47;Silver;31;Urban;11;0
1038-RQOST;Male;0;1;1;0;0;No internet service;No internet service;No internet service;Month-to-month;0;Mailed check;206;41495;104;241612;0,21;4,9;0,85;Gold;22;Suburban;10;1
7613-LLQFO;Male;0;0;1;1;Fiber optic;0;0;0;Month-to-month;1;Electronic check;8445;105955;56;210251;0,06;3;0,99;Bronze;50;Urban;27;1
4568-TTZRT;Male;0;0;1;0;0;No internet service;No internet service;No internet service;Month-to-month;0;Mailed check;204;1818;46;107690;0,21;4,5;0,63;Silver;43;Suburban;50;1
9513-DXHDA;Male;0;0;1;0;DSL;1;0;1;One year;0;Electronic check;817;221255;81;82994;0,28;4,9;0,79;Bronze;21;Urban;34;1
2640-PMGFL;Male;0;0;1;1;Fiber optic;0;0;0;Month-to-month;1;Electronic check;795;218055;121;183533;0,17;3,7;0,01;Bronze;47;Urban;33;0
3801-HMYNL;Male;0;1;1;0;Fiber optic;0;0;0;Month-to-month;0;Mailed check;8915;8915;4;147546;0,18;4,3;0,88;Platinum;34;Rural;21;1
0516-QREYC;Female;1;0;1;0;0;No internet service;No internet service;No internet service;Month-to-month;1;Mailed check;203;45995;127;218449;0,02;4,1;0,95;Platinum;45;Urban;38;0
9685-WKZGT;Male;1;0;1;1;Fiber optic;0;0;0;Month-to-month;1;Electronic check;7495;103675;78;158572;0,26;4,5;0,58;Silver;23;Urban;52;1
6022-UGGSO;Female;1;0;1;0;Fiber optic;0;1;0;Month-to-month;1;Electronic check;744;227695;65;106467;0,09;4,7;0,75;Bronze;44;Suburban;22;0
8084-OIVBS;Female;0;0;1;0;0;No internet service;No internet service;No internet service;One year;0;Mailed check;200;21195;51;211120;0,18;4,2;0,51;Gold;53;Suburban;11;0
8896-BQTTI;Male;0;0;1;1;0;No internet service;No internet service;No internet service;Month-to-month;1;Mailed check;250;250;2;248050;0,29;4,6;0,29;Bronze;24;Urban;18;1
3865-QBWSJ;Male;1;0;1;1;Fiber optic;1;0;0;Month-to-month;1;Mailed check;8045;316265;159;127606;0,18;3,6;0,85;Bronze;18;Suburban;30;0
3352-RICWQ;Female;0;1;1;0;0;No internet service;No internet service;No internet service;Two year;0;Mailed check;1975;21065;28;178112;0,22;3,5;0,06;Bronze;27;Suburban;58;1
2160-GPFXD;Male;0;1;1;1;DSL;1;1;0;Two year;1;Credit card (automatic);6565;35667;174;153414;0,13;3,9;0,58;Silver;30;Urban;52;1
2065-MMKGR;Female;0;0;1;1;DSL;0;0;0;One year;1;Credit card (automatic);710;20801;98;173145;0,02;4,4;0,66;Bronze;49;Urban;12;0
5857-TYBCJ;Male;1;1;1;1;Fiber optic;0;0;1;Month-to-month;1;Electronic check;892;40402;197;128115;0,24;3,4;0,86;Silver;31;Urban;18;1
1498-NHTLT;Male;0;1;1;0;DSL;1;1;1;Two year;1;Electronic check;8675;51860;196;169606;0,01;4,4;0,73;Bronze;50;Urban;35;0
4484-CGXFK;Female;0;0;1;0;DSL;0;0;0;Month-to-month;1;Electronic check;553;19615;14;120647;0,21;3,8;0,21;Gold;47;Urban;21;1
1402-PTHGN;Female;0;1;1;0;DSL;1;1;0;One year;1;Mailed check;615;108745;65;134607;0,01;4,6;0,47;Platinum;26;Urban;43;0
4176-RELJR;Male;1;0;1;1;0;No internet service;No internet service;No internet service;Two year;0;Credit card (automatic);251;167215;152;101996;0,26;3,1;0,98;Gold;23;Urban;29;1
6214-EDAKZ;Female;0;1;1;0;DSL;0;1;0;Month-to-month;0;Electronic check;5515;120605;112;163697;0,05;4,3;0,55;Silver;27;Urban;3;0
5199-FPUSP;Male;0;0;0;No phone service;DSL;1;0;0;One year;0;Credit card (automatic);3405;111395;103;126022;0,15;4,3;0,94;Bronze;28;Urban;12;0
6377-KSLXC;Male;0;0;1;0;0;No internet service;No internet service;No internet service;Month-to-month;0;Mailed check;1995;10705;18;120148;0,18;4,9;0,81;Gold;37;Urban;19;0
1796-JANOW;Female;0;0;1;0;0;No internet service;No internet service;No internet service;Month-to-month;0;Mailed check;1995;3815;9;147764;0,14;4,4;0,67;Platinum;42;Suburban;38;0
0238-WHBIQ;Male;0;1;1;1;DSL;1;1;1;Two year;0;Credit card (automatic);897;63393;239;171901;0,01;4,6;0,35;Bronze;29;Suburban;5;0
8735-NBLWT;Male;0;0;1;0;0;No internet service;No internet service;No internet service;Month-to-month;0;Mailed check;204;1841;20;170724;0,14;4,8;0,03;Silver;39;Urban;43;0
6651-RLGGM;Male;0;1;1;1;0;No internet service;No internet service;No internet service;Two year;0;Mailed check;263;16889;234;204766;0,09;4,4;0,64;Bronze;29;Urban;11;0
6127-ISGTU;Female;0;1;1;1;Fiber optic;0;0;0;Month-to-month;1;Electronic check;8495;137825;92;88888;0,13;3,6;0,43;Bronze;31;Suburban;15;0
1614-JBEBI;Female;0;0;1;0;0;No internet service;No internet service;No internet service;Month-to-month;1;Mailed check;207;1376;36;178941;0,11;4,7;0,08;Silver;53;Rural;44;0
8740-XLHDR;Male;0;0;0;No phone service;DSL;1;1;1;Month-to-month;1;Mailed check;4325;2190;23;235546;0,17;4,5;0,76;Platinum;31;Urban;16;0
1208-DNHLN;Male;0;1;1;1;DSL;0;0;0;One year;1;Credit card (automatic);4835;106715;104;97333;0,07;3,8;0,31;Bronze;19;Urban;7;0
1761-AEZZR;Male;0;0;1;0;Fiber optic;0;0;0;Month-to-month;1;Electronic check;7955;7955;2;116355;0,03;4,4;0,07;Silver;19;Urban;32;1
3923-CSIHK;Female;1;1;1;0;Fiber optic;0;0;0;Month-to-month;1;Electronic check;7105;344485;183;209686;0,15;4,7;0,49;Platinum;23;Suburban;43;0
5696-EXCYS;Male;0;0;1;0;0;No internet service;No internet service;No internet service;Two year;0;Credit card (automatic);1945;36905;85;242217;0,06;5;0,32;Silver;42;Rural;56;1
5795-KTGUD;Female;0;1;1;1;Fiber optic;1;1;1;Two year;1;Bank transfer (automatic);1108;75536;163;183170;0,14;4,9;0,41;Gold;20;Suburban;51;1
7120-RFMVS;Male;0;0;1;1;Fiber optic;0;0;0;Month-to-month;0;Electronic check;845;845;3;155675;0,26;3,7;0,09;Bronze;40;Urban;38;1
7924-GJZFI;Female;1;1;1;0;Fiber optic;0;0;0;Month-to-month;1;Electronic check;693;18131;77;147664;0,01;3,8;0,36;Platinum;26;Suburban;52;1
4702-HDRKD;Male;0;0;0;No phone service;DSL;1;0;1;One year;1;Bank transfer (automatic);4935;332135;249;166153;0,02;3,2;0,29;Bronze;48;Urban;11;1
8512-WIWYV;Male;0;0;1;0;0;No internet service;No internet service;No internet service;One year;0;Credit card (automatic);2035;7075;189;173616;0,16;3,5;0,35;Platinum;45;Suburban;25;0
5897-ZYEKH;Female;1;1;1;1;Fiber optic;1;1;0;One year;1;Electronic check;1056;711215;152;115285;0,05;4,8;0,21;Bronze;42;Urban;18;0
5456-ITGIC;Male;1;1;0;No phone service;DSL;1;1;1;Two year;1;Credit card (automatic);6445;46411;293;228605;0,25;3,7;0,54;Silver;52;Urban;12;1
7317-GGVPB;Male;0;1;1;1;Fiber optic;0;1;1;Two year;1;Credit card (automatic);1086;76909;192;243696;0,11;4,2;0,15;Bronze;18;Urban;55;1
1406-PUQVY;Male;0;0;1;0;DSL;0;1;0;Month-to-month;1;Electronic check;499;499;5;126996;0,09;4,3;0,82;Silver;19;Suburban;9;0
1322-AGOQM;Male;0;0;0;No phone service;DSL;0;1;0;Month-to-month;0;Bank transfer (automatic);303;13801;112;126947;0,25;4,6;0,23;Bronze;32;Suburban;33;1
3677-IYRBF;Female;1;0;0;No phone service;DSL;0;0;1;Month-to-month;1;Electronic check;304;7865;7;239028;0,19;3,4;0,06;Platinum;33;Urban;30;1
5692-FPTAH;Female;0;0;1;0;DSL;0;0;0;Month-to-month;1;Mailed check;454;454;4;131030;0,27;3,6;0,13;Bronze;40;Urban;26;1
9114-AAFQH;Female;0;1;1;0;DSL;0;1;1;One year;1;Electronic check;6565;309465;231;122443;0,19;3,9;0,98;Silver;52;Urban;57;1
8715-KKTFG;Female;0;1;1;1;Fiber optic;0;0;1;One year;1;Bank transfer (automatic);1033;651835;225;208344;0,22;3,7;0,45;Bronze;25;Urban;2;1
1550-LOAHA;Female;0;1;1;0;Fiber optic;0;1;0;Month-to-month;0;Bank transfer (automatic);8415;258595;108;145464;0,25;5;0,82;Gold;24;Urban;43;1
1728-BQDMA;Female;0;0;1;0;DSL;0;0;0;Month-to-month;0;Electronic check;4445;827;7;208019;0,02;4,7;0,77;Silver;38;Urban;4;0
0268-QKIWO;Female;0;0;1;0;0;No internet service;No internet service;No internet service;Month-to-month;0;Electronic check;1975;5885;9;215024;0,23;4;0,71;Platinum;52;Urban;4;1
0876-WDUUZ;Female;0;0;1;0;Fiber optic;0;0;0;Month-to-month;1;Credit card (automatic);854;4259;14;200454;0,18;4,8;0,83;Silver;54;Suburban;36;0
5117-ZSMHQ;Female;0;1;1;1;DSL;1;1;1;Two year;0;Bank transfer (automatic);899;63427;279;204444;0,02;3,7;0,01;Bronze;50;Suburban;6;0
5151-HQRDG;Male;0;1;1;1;DSL;1;0;0;Month-to-month;1;Mailed check;5505;203075;113;192175;0,15;4,6;0,68;Bronze;54;Urban;39;0
0960-HUWBM;Male;0;1;1;1;Fiber optic;0;0;1;Two year;1;Bank transfer (automatic);1041;670005;204;122460;0,02;3,4;0,27;Gold;52;Urban;55;1
6465-GSRCL;Female;0;0;1;1;Fiber optic;0;1;0;One year;1;Bank transfer (automatic);1066;72447;310;233868;0,22;4,5;0,79;Silver;35;Urban;58;1
0617-FHSGK;Male;0;0;1;1;Fiber optic;0;0;0;Month-to-month;0;Credit card (automatic);752;36783;287;242818;0,16;3,9;0,96;Gold;36;Urban;50;1
0263-FJTQO;Male;0;1;1;1;DSL;1;0;0;Two year;1;Credit card (automatic);705;348665;220;80015;0,29;3,2;0,09;Bronze;27;Suburban;55;1
7319-ZNRTR;Male;0;1;1;0;0;No internet service;No internet service;No internet service;One year;0;Electronic check;196;41115;57;129757;0,05;3,5;0,11;Silver;21;Suburban;47;1
2858-MOFSQ;Female;0;0;1;1;DSL;0;0;1;One year;1;Mailed check;5585;9375;39;237029;0,18;3,8;0,37;Platinum;47;Urban;41;0
7503-EPSZW;Female;0;1;1;1;0;No internet service;No internet service;No internet service;Two year;1;Mailed check;2405;155915;371;161541;0,06;4,5;0,36;Bronze;50;Suburban;12;0
7089-XXAYG;Male;0;1;0;No phone service;DSL;0;0;1;One year;1;Credit card (automatic);381;9704;79;101292;0,18;3,1;0,12;Bronze;21;Suburban;33;1
8118-LSUEL;Male;1;0;1;1;Fiber optic;0;1;1;Month-to-month;1;Electronic check;1064;24835;54;202694;0,22;4,3;0,01;Gold;26;Urban;35;1
8070-AAWZP;Male;1;1;0;No phone service;DSL;0;0;1;Month-to-month;0;Mailed check;3425;8282;105;242948;0,22;4,4;0,38;Bronze;34;Suburban;33;1
1666-JXLKU;Female;0;0;1;1;Fiber optic;0;0;1;Month-to-month;1;Electronic check;10005;381055;166;127046;0,24;4,3;0,99;Silver;41;Urban;52;1
7855-DIWPO;Female;0;0;1;0;Fiber optic;0;0;0;Month-to-month;1;Electronic check;6865;14932;96;94817;0,26;4,5;0,57;Silver;30;Urban;2;1
5133-POWUA;Male;0;0;1;0;DSL;0;0;0;Month-to-month;1;Mailed check;458;458;3;89759;0,02;3,4;0,62;Platinum;43;Suburban;9;1
5652-MSDEY;Female;0;0;1;1;Fiber optic;0;0;0;Month-to-month;1;Mailed check;7575;7773;20;86412;0,01;4,2;0,47;Gold;36;Rural;57;1
7005-CCBKV;Male;0;0;1;0;Fiber optic;0;1;0;Month-to-month;1;Electronic check;844;55635;35;100504;0,21;4,9;0,66;Silver;34;Urban;42;1
1810-BOHSY;Male;0;1;1;1;Fiber optic;1;1;0;One year;1;Credit card (automatic);964;491105;153;188500;0,15;4,2;0,96;Bronze;47;Urban;34;0
1784-BXEFA;Female;0;0;1;0;0;No internet service;No internet service;No internet service;Month-to-month;1;Mailed check;2055;18735;47;88507;0,06;4,2;0,59;Bronze;43;Rural;36;0
7351-MHQVU;Female;0;0;0;No phone service;DSL;1;1;0;Month-to-month;0;Credit card (automatic);5095;3076;28;101050;0,17;4,5;0,07;Gold;30;Urban;51;1
9224-VTYID;Male;0;1;1;1;DSL;1;1;1;Two year;1;Mailed check;905;431835;208;215892;0,12;3,7;0,49;Silver;35;Suburban;5;0
9500-IWPXQ;Female;0;1;1;1;DSL;1;1;1;One year;1;Electronic check;794;482055;198;218907;0,12;4,4;0,99;Gold;38;Urban;20;0
5762-TJXGK;Female;0;0;0;No phone service;DSL;1;1;1;Two year;1;Bank transfer (automatic);5875;303855;160;180153;0,24;4,8;0,39;Silver;51;Urban;57;1
4504-YOULA;Female;0;1;1;1;DSL;1;1;0;Month-to-month;1;Credit card (automatic);5945;21369;153;93587;0,12;3;0,59;Bronze;26;Urban;44;1
5569-IDSEY;Male;0;1;1;1;Fiber optic;0;1;1;One year;1;Bank transfer (automatic);1057;747215;387;137732;0,01;4,7;0,11;Bronze;47;Suburban;4;0
4250-FDVOU;Female;0;0;1;0;DSL;1;1;0;Month-to-month;0;Electronic check;5625;3891;34;131921;0,02;3,4;0,14;Bronze;46;Urban;2;1
7284-ZZLOH;Male;0;1;1;0;DSL;1;0;1;Two year;0;Credit card (automatic);533;229625;109;197734;0,26;3,9;0,87;Gold;46;Urban;19;1
5277-ZLOOR;Female;1;0;1;1;Fiber optic;0;0;0;Month-to-month;1;Electronic check;8555;18745;5;210104;0,29;4,7;0,03;Gold;36;Urban;29;1
2141-RRYGO;Female;0;0;1;0;DSL;0;1;0;Month-to-month;1;Bank transfer (automatic);6865;26125;23;217912;0,21;4,6;0,31;Bronze;25;Urban;11;1
1777-JYQPJ;Male;0;0;0;No phone service;DSL;0;0;0;Month-to-month;0;Mailed check;243;3845;9;111440;0,11;4,8;0,39;Silver;34;Urban;34;0
6376-GAHQE;Male;0;0;1;0;Fiber optic;0;0;0;Month-to-month;0;Electronic check;7785;2992;22;115183;0,28;4,9;0,97;Gold;29;Urban;31;1
3401-URHDA;Male;0;0;1;1;DSL;1;0;0;One year;0;Credit card (automatic);599;30436;143;176172;0,02;3,9;0,08;Silver;32;Urban;18;0
1599-EAHXY;Male;0;1;1;1;0;No internet service;No internet service;No internet service;One year;0;Credit card (automatic);2395;15064;261;213461;0,25;4,3;0,82;Silver;22;Urban;14;1
8631-XVRZL;Male;0;0;1;0;0;No internet service;No internet service;No internet service;One year;1;Mailed check;2015;1637;43;194515;0,23;3,8;0,34;Bronze;51;Suburban;9;1
5052-PNLOS;Male;0;0;1;1;Fiber optic;0;1;1;Month-to-month;1;Bank transfer (automatic);10535;32325;14;203183;0,11;3,7;0,85;Gold;20;Urban;56;1
3853-LYGAM;Male;0;0;1;1;Fiber optic;0;0;1;Month-to-month;1;Bank transfer (automatic);9565;16400;61;146299;0,14;3,9;0,99;Silver;22;Urban;25;0
6979-ZNSFF;Female;0;0;1;1;Fiber optic;0;0;0;Month-to-month;1;Electronic check;8705;7621;16;195503;0,06;4,5;0,35;Gold;51;Urban;5;0
5751-USDBL;Male;0;1;1;0;DSL;1;0;1;Two year;0;Mailed check;810;384635;199;119023;0,09;4;0,13;Gold;26;Urban;47;1
5680-LQOGP;Female;0;0;1;0;DSL;1;1;1;Two year;1;Credit card (automatic);8245;56466;204;119941;0,23;4,6;0,14;Gold;41;Suburban;46;1
2386-LAHRK;Male;0;0;1;0;DSL;0;0;0;Month-to-month;1;Mailed check;535;535;3;201677;0,27;4,5;0,76;Platinum;22;Rural;25;1
8189-DUKMV;Female;0;1;1;0;0;No internet service;No internet service;No internet service;One year;0;Bank transfer (automatic);205;7905;23;156054;0,22;3;0,14;Gold;44;Urban;1;1
6032-IGALN;Female;0;0;0;No phone service;DSL;0;0;0;Month-to-month;1;Mailed check;251;251;3;145363;0,14;4,3;0,26;Bronze;37;Suburban;48;1
9931-DCEZH;Male;0;0;1;0;DSL;0;1;0;One year;1;Credit card (automatic);544;15166;150;141742;0,03;3,9;0,02;Bronze;19;Suburban;47;1
1898-JSNDC;Female;0;0;1;0;DSL;0;1;0;One year;1;Credit card (automatic);586;22245;107;125215;0,02;3,9;0,36;Bronze;40;Suburban;31;0
0315-LVCRK;Male;0;0;1;0;Fiber optic;0;0;1;Month-to-month;0;Electronic check;848;88875;51;127857;0,11;4,6;0,07;Bronze;51;Suburban;2;0
3911-RSNHI;Female;0;1;0;No phone service;DSL;0;1;1;Two year;1;Credit card (automatic);614;431035;419;135476;0,14;4,1;0,86;Bronze;46;Urban;18;0
2410-CIYFZ;Male;0;0;1;0;0;No internet service;No internet service;No internet service;Month-to-month;0;Mailed check;204;429;4;239245;0,18;4,8;0,86;Silver;52;Rural;35;1
4248-HCETZ;Male;1;1;1;0;Fiber optic;0;1;1;Month-to-month;1;Mailed check;7965;236515;60;220467;0;4,4;0,41;Bronze;47;Rural;19;0
5505-OVWQW;Female;0;0;1;0;0;No internet service;No internet service;No internet service;One year;0;Mailed check;2015;35365;63;139768;0,03;4,1;0,61;Silver;20;Urban;29;1
7271-AJDTL;Female;0;1;1;1;Fiber optic;0;1;1;Month-to-month;1;Credit card (automatic);9445;50731;130;183591;0,11;4,5;0,64;Gold;27;Urban;36;0
1867-TJHTS;Female;0;0;1;1;Fiber optic;1;0;0;Month-to-month;1;Bank transfer (automatic);798;452685;289;126229;0,25;3,1;0,75;Gold;51;Suburban;44;1
0516-WJVXC;Female;0;0;1;0;DSL;1;0;0;Month-to-month;0;Electronic check;542;30825;28;237711;0,16;3,1;0,52;Platinum;18;Urban;19;1
9174-FKWZE;Female;1;0;1;0;0;No internet service;No internet service;No internet service;Month-to-month;1;Electronic check;1945;1945;3;191706;0,04;3,2;0,51;Bronze;23;Suburban;59;1
6860-YRJZP;Male;1;0;1;1;Fiber optic;0;0;0;Month-to-month;1;Electronic check;7405;67845;27;142583;0,24;3,9;0,63;Silver;23;Urban;33;1
4429-WYGFR;Male;0;0;1;0;DSL;0;0;0;Month-to-month;0;Bank transfer (automatic);4915;12373;97;239996;0,21;3,5;0,07;Bronze;33;Urban;58;1
2817-LVCPP;Female;0;0;1;0;0;No internet service;No internet service;No internet service;Two year;0;Credit card (automatic);194;102395;244;206011;0,16;5;0,35;Silver;18;Suburban;43;0
5038-ETMLM;Female;0;1;1;1;Fiber optic;1;1;1;Two year;1;Bank transfer (automatic);11365;818275;146;110104;0,15;4,1;0,33;Silver;22;Rural;16;0
5056-FIMPT;Female;0;0;1;0;Fiber optic;1;1;0;One year;1;Credit card (automatic);1060;45323;187;117594;0,03;4,3;0,27;Bronze;42;Urban;41;0
4521-WFJAI;Male;0;0;1;1;0;No internet service;No internet service;No internet service;Two year;1;Bank transfer (automatic);2595;144405;249;83664;0,02;3,6;0,55;Bronze;44;Suburban;22;0
6569-KTMDU;Female;0;0;1;0;0;No internet service;No internet service;No internet service;Month-to-month;0;Mailed check;191;191;4;90528;0,27;3,6;0,36;Gold;43;Urban;40;1
8809-RIHDD;Male;0;1;1;1;Fiber optic;0;1;1;Two year;1;Electronic check;1034;737265;213;239262;0,03;3,7;0,54;Gold;33;Urban;8;0
8809-XKHMD;Male;0;1;1;1;Fiber optic;1;1;0;Two year;1;Bank transfer (automatic);10055;73251;349;208404;0,08;4,4;0,41;Silver;43;Urban;26;0
0396-YCHWO;Male;0;1;1;1;Fiber optic;0;0;0;Month-to-month;1;Electronic check;954;34742;85;112899;0,27;3,9;0,84;Bronze;54;Urban;16;1
0867-LDTTC;Male;0;0;1;0;DSL;0;0;1;Month-to-month;0;Bank transfer (automatic);7515;39265;13;150979;0,09;4;0,07;Silver;45;Urban;40;0
4822-NGOCH;Female;0;0;1;1;Fiber optic;0;1;1;Month-to-month;1;Electronic check;8445;10586;71;97241;0,02;4,2;0,57;Bronze;45;Suburban;45;0
9391-DXGGG;Female;1;0;1;0;Fiber optic;0;1;1;One year;0;Credit card (automatic);8915;399075;218;126211;0,16;4,5;0,58;Platinum;47;Suburban;16;0
9844-FELAJ;Female;1;1;1;1;Fiber optic;0;1;1;One year;1;Electronic check;1079;747585;143;143472;0,18;3,2;0,38;Gold;30;Urban;48;1
2122-SZZZD;Male;0;0;1;0;0;No internet service;No internet service;No internet service;One year;0;Credit card (automatic);195;8355;131;111346;0,12;4,6;0,42;Bronze;42;Suburban;1;0
5307-DZCVC;Female;1;1;1;1;Fiber optic;0;0;0;Month-to-month;1;Credit card (automatic);8595;26286;91;161196;0,09;4,1;0,08;Bronze;36;Rural;57;1
3148-AOIQT;Female;0;1;1;1;0;No internet service;No internet service;No internet service;Two year;1;Credit card (automatic);2495;171835;212;184451;0,01;4,3;0,28;Silver;30;Urban;58;1
8679-JOEVF;Female;1;0;1;0;DSL;0;0;0;Month-to-month;0;Electronic check;594;10239;47;182908;0,22;3,7;0,87;Bronze;28;Urban;14;1
8395-ETZKQ;Male;1;1;1;0;0;No internet service;No internet service;No internet service;One year;0;Bank transfer (automatic);195;119355;153;229014;0,22;3,8;0,09;Platinum;40;Suburban;10;1
6692-YQHXC;Male;0;0;1;0;Fiber optic;0;0;0;Month-to-month;1;Credit card (automatic);6995;12055;61;129167;0,02;3,5;0,65;Gold;31;Suburban;53;1
3889-VWBID;Male;0;1;1;0;DSL;1;1;0;Two year;0;Bank transfer (automatic);8285;577645;335;116373;0,19;5;0,77;Bronze;27;Rural;56;1
5222-JCXZT;Male;0;0;1;0;0;No internet service;No internet service;No internet service;Month-to-month;0;Mailed check;190;789;17;147143;0,07;4;0,61;Bronze;51;Urban;36;0
9754-CLVZW;Female;0;1;0;No phone service;DSL;1;1;0;Month-to-month;0;Credit card (automatic);3885;102515;121;200623;0,01;5;0,53;Gold;40;Suburban;40;0
1432-FPAXX;Female;0;0;0;No phone service;DSL;0;1;0;Month-to-month;1;Electronic check;306;85635;67;190013;0,24;4;0,97;Silver;38;Suburban;8;1
2739-CCZMB;Male;0;0;1;0;0;No internet service;No internet service;No internet service;Month-to-month;0;Credit card (automatic);2035;1220;29;82016;0,15;3,4;0,28;Silver;37;Suburban;13;1
7080-TNUWP;Male;0;1;1;1;Fiber optic;0;1;1;One year;1;Bank transfer (automatic);950;66029;374;149110;0,09;4;0,15;Bronze;49;Urban;7;0
0496-AHOOK;Male;0;1;1;0;DSL;1;0;0;One year;0;Bank transfer (automatic);744;17129;125;87274;0,03;3,1;0,29;Bronze;31;Urban;42;1
8336-TAVKX;Female;1;1;1;1;DSL;1;1;1;Two year;0;Bank transfer (automatic);7845;568225;381;95748;0,02;4,8;0,61;Silver;41;Urban;11;0
2468-SJFLM;Male;0;0;1;0;Fiber optic;0;0;0;Month-to-month;1;Mailed check;743;743;5;231247;0,01;4,6;0,19;Silver;35;Urban;6;0
3181-VTHOE;Male;0;1;0;No phone service;DSL;0;1;1;One year;1;Bank transfer (automatic);5105;363515;292;91826;0,24;4,5;0,91;Bronze;47;Urban;2;1
7168-HDQHG;Female;0;1;1;0;0;No internet service;No internet service;No internet service;Month-to-month;0;Bank transfer (automatic);192;7029;100;163008;0,28;4,2;0,41;Bronze;45;Suburban;25;1
4803-AXVYP;Female;1;0;1;1;Fiber optic;0;0;0;Month-to-month;1;Electronic check;9955;373425;169;209288;0,27;4,2;0,85;Silver;31;Urban;2;1
3884-HCSWG;Female;0;0;1;0;Fiber optic;0;0;0;Month-to-month;1;Electronic check;700;11445;84;245201;0,28;5;0,25;Gold;38;Urban;45;1
4567-AKPIA;Female;0;1;1;1;Fiber optic;0;1;1;One year;1;Bank transfer (automatic);1091;445425;203;234562;0,27;3,6;0,31;Bronze;51;Urban;3;1
5077-DXTCG;Female;0;0;1;0;DSL;0;0;0;Month-to-month;1;Electronic check;453;453;4;185623;0,16;4,6;0,06;Gold;22;Urban;56;1
1142-WACZW;Male;0;0;0;No phone service;DSL;0;0;0;Month-to-month;0;Bank transfer (automatic);2985;756;4;219592;0,07;4,2;0,26;Bronze;48;Urban;59;1
7901-HXJVA;Male;0;0;1;0;Fiber optic;0;0;1;Month-to-month;0;Electronic check;7645;111755;48;163106;0,24;5;0,49;Bronze;20;Urban;31;1
5649-ANRML;Male;1;0;1;0;Fiber optic;0;1;1;Month-to-month;1;Credit card (automatic);951;18025;11;230870;0,06;4,7;0,95;Gold;40;Suburban;45;0
4892-VLANZ;Male;0;0;1;0;0;No internet service;No internet service;No internet service;Month-to-month;0;Mailed check;198;198;4;134638;0,08;5;0,39;Silver;47;Suburban;13;1
5924-IFQTT;Male;0;1;1;1;DSL;0;1;1;Month-to-month;1;Electronic check;728;93005;53;149072;0,07;4,2;0,64;Bronze;47;Urban;2;0
7968-QUXNS;Male;0;0;1;0;0;No internet service;No internet service;No internet service;Month-to-month;0;Mailed check;1895;11015;18;147309;0,15;3,4;0,43;Bronze;53;Suburban;12;1
2919-HBCJO;Female;0;0;1;0;Fiber optic;0;1;0;Month-to-month;1;Bank transfer (automatic);7665;3336;13;240966;0,01;4;0,05;Bronze;24;Urban;7;0
4236-XPXAV;Female;0;1;1;0;Fiber optic;0;1;0;Month-to-month;1;Mailed check;9915;46505;27;204724;0,05;4,4;0,05;Gold;22;Rural;55;1
8903-WMRNW;Female;0;1;1;0;Fiber optic;1;0;1;Month-to-month;0;Electronic check;10175;16694;69;207843;0,14;4,5;0,07;Bronze;23;Rural;37;0
2452-SNHFZ;Female;0;0;1;0;Fiber optic;1;0;0;Month-to-month;0;Credit card (automatic);7545;35451;242;115326;0,26;3;0,88;Bronze;31;Urban;1;1
3629-WEAAM;Female;0;0;1;0;DSL;0;0;1;Month-to-month;0;Mailed check;641;50405;30;85079;0,17;4;0,75;Bronze;28;Urban;37;0
6029-CSMJE;Male;0;0;0;No phone service;DSL;0;0;0;Month-to-month;1;Mailed check;2565;4402;76;236910;0,26;3,5;0,38;Silver;54;Urban;51;1
7993-NQLJE;Male;0;1;1;0;Fiber optic;1;0;0;Month-to-month;0;Mailed check;751;115155;44;201412;0,06;4,7;0,64;Gold;19;Urban;45;0
9909-DFRJA;Female;0;0;1;0;Fiber optic;1;0;1;One year;1;Bank transfer (automatic);9585;247535;125;167340;0,05;3,3;0,11;Bronze;48;Suburban;30;1
9099-FTUHS;Female;0;0;1;1;DSL;1;0;0;Month-to-month;0;Electronic check;544;124925;85;165211;0,17;4,3;0,07;Silver;44;Urban;38;0
0581-BXBUB;Female;1;0;1;0;Fiber optic;0;1;0;Month-to-month;0;Electronic check;7275;31775;15;236666;0,14;3,5;0,82;Bronze;33;Urban;26;0
4962-CHQPW;Male;0;0;1;0;0;No internet service;No internet service;No internet service;One year;0;Mailed check;1985;53505;133;122749;0,02;3,7;0,82;Silver;19;Urban;16;0
9467-ROOLM;Female;0;0;1;0;0;No internet service;No internet service;No internet service;Month-to-month;0;Mailed check;1905;4613;143;247364;0,24;4,9;0,28;Bronze;43;Urban;34;1
3030-YZADT;Male;0;0;1;0;DSL;0;0;0;Month-to-month;0;Mailed check;4495;4310;20;198192;0,23;3,5;0,26;Bronze;33;Urban;45;1
7410-KTVFV;Male;0;1;1;0;DSL;0;0;1;Month-to-month;1;Mailed check;4955;87835;95;154534;0,28;3,2;0,52;Bronze;26;Urban;23;1
5150-ITWWB;Male;1;0;1;1;Fiber optic;0;0;0;Month-to-month;1;Electronic check;9485;33575;9;159233;0,12;3,1;0,97;Gold;26;Suburban;0;1
2253-KPMNB;Female;0;1;0;No phone service;DSL;1;1;1;Two year;0;Bank transfer (automatic);4625;31214;260;131818;0,06;4;0,92;Gold;22;Urban;28;0
1345-ZUKID;Male;0;0;1;0;0;No internet service;No internet service;No internet service;One year;0;Mailed check;1935;3248;29;191910;0,17;4,3;0,36;Silver;53;Suburban;25;0
6429-SHBCB;Male;0;0;1;1;DSL;0;0;0;Month-to-month;0;Mailed check;696;139455;60;93429;0,03;3,7;0,78;Bronze;24;Suburban;43;0
9281-OFDMF;Male;1;0;1;1;Fiber optic;0;1;0;Month-to-month;0;Electronic check;907;341325;156;137748;0,09;4,4;0,92;Bronze;49;Urban;34;0
2603-HVKCG;Male;0;0;1;0;Fiber optic;0;1;1;Month-to-month;1;Electronic check;1014;314365;68;128807;0,06;3,1;0,26;Silver;46;Urban;50;1
1834-WULEG;Male;0;1;1;0;0;No internet service;No internet service;No internet service;One year;0;Mailed check;2025;43975;95;87140;0,12;4,7;0,83;Gold;54;Urban;43;0
9097-ZUBYC;Male;0;1;1;0;DSL;0;0;0;Month-to-month;0;Bank transfer (automatic);488;6644;79;143226;0,03;4,6;0,27;Platinum;20;Rural;23;0
5148-ORICT;Female;0;1;1;0;DSL;1;1;1;Two year;1;Mailed check;7435;475955;154;225973;0,01;5;0,34;Silver;47;Urban;45;0
4893-GYUJU;Female;0;0;1;0;0;No internet service;No internet service;No internet service;One year;1;Mailed check;1935;10330;252;168815;0,02;4,9;0,02;Bronze;48;Urban;32;0
4578-PHJYZ;Male;0;1;1;0;DSL;0;1;1;One year;1;Electronic check;6875;348285;189;108525;0,18;3,7;0,51;Silver;44;Suburban;25;0
7272-QDCKA;Male;0;0;1;1;Fiber optic;0;1;0;One year;0;Electronic check;1002;268845;129;100491;0,21;3,8;0,84;Bronze;23;Suburban;36;1
8908-SLFCJ;Female;0;0;1;0;0;No internet service;No internet service;No internet service;Two year;1;Credit card (automatic);2085;43525;63;246052;0,02;4,5;0,53;Silver;46;Rural;38;0
8393-DLHGA;Male;0;0;1;0;Fiber optic;0;1;0;Month-to-month;1;Electronic check;959;244875;65;88078;0,03;3,3;0,12;Bronze;26;Urban;51;1
9766-HGEDE;Female;0;1;1;0;0;No internet service;No internet service;No internet service;One year;0;Mailed check;1935;3070;44;171654;0,09;3,6;0,25;Bronze;37;Urban;57;1
6968-MHOMU;Male;0;1;0;No phone service;DSL;0;0;0;One year;1;Credit card (automatic);450;268935;132;209101;0,04;3,2;0,56;Bronze;28;Suburban;50;1
7395-IGJOS;Male;1;1;1;0;Fiber optic;0;0;0;Month-to-month;0;Bank transfer (automatic);815;13292;46;96997;0,25;3,9;0,58;Silver;36;Urban;25;1
5044-XDPYX;Female;0;1;1;1;0;No internet service;No internet service;No internet service;Two year;0;Mailed check;255;128125;237;211940;0,22;4,1;0,58;Silver;27;Urban;37;1
1814-WFGVS;Male;0;1;0;No phone service;DSL;1;0;1;Two year;0;Mailed check;489;35270;397;237470;0,06;3,4;0,08;Gold;22;Suburban;52;1
2834-SPCJV;Male;0;1;1;0;Fiber optic;1;0;0;Month-to-month;0;Electronic check;841;434865;273;177356;0,01;3,1;0,75;Gold;40;Suburban;49;1
3721-WKIIL;Female;0;0;1;0;0;No internet service;No internet service;No internet service;Two year;1;Mailed check;196;56115;127;193711;0,29;4,4;0,91;Platinum;23;Suburban;37;1
6734-CKRSM;Female;0;0;1;0;0;No internet service;No internet service;No internet service;Month-to-month;0;Mailed check;200;636;7;101246;0,18;3;0,51;Bronze;48;Urban;10;1
1265-ZFOSD;Female;0;1;1;1;DSL;1;1;1;Two year;1;Mailed check;813;51293;202;231633;0,24;4,9;0,72;Silver;35;Rural;28;1
6568-POCUI;Female;0;1;1;0;Fiber optic;0;0;0;Two year;1;Credit card (automatic);952;42858;145;227326;0,08;3,4;0,91;Silver;38;Urban;28;1
7890-VYYWG;Male;1;1;0;No phone service;DSL;0;0;0;Month-to-month;1;Mailed check;3645;937;8;114512;0,06;4,3;0,64;Gold;32;Urban;2;0
5197-LQXXH;Female;0;1;1;1;DSL;0;1;1;Two year;1;Credit card (automatic);833;58945;288;137865;0,24;3,9;0,67;Bronze;48;Suburban;8;1
9907-SWKKF;Female;1;0;0;No phone service;DSL;0;0;0;Month-to-month;0;Mailed check;2505;2505;4;234652;0,21;3,1;0,72;Bronze;27;Rural;34;1
3457-PQBYH;Female;0;1;1;0;0;No internet service;No internet service;No internet service;Two year;0;Credit card (automatic);203;116075;198;183393;0,02;3,9;0,26;Bronze;23;Urban;56;1
7682-AZNDK;Male;0;1;1;0;Fiber optic;0;1;1;Month-to-month;1;Electronic check;8985;309175;116;152144;0,17;4;0,58;Platinum;41;Urban;5;0
0587-DMGBH;Female;0;0;1;0;DSL;1;0;0;Month-to-month;1;Electronic check;4985;36555;42;197363;0,17;4,7;0,84;Gold;50;Urban;55;1
5384-ZTTWP;Female;0;1;1;0;0;No internet service;No internet service;No internet service;Month-to-month;0;Mailed check;198;27295;77;130665;0,22;4,5;0,03;Bronze;45;Urban;8;1
3745-HRPHI;Male;0;1;0;No phone service;DSL;0;0;1;Two year;0;Bank transfer (automatic);5465;36320;213;232110;0,08;3,2;0,09;Gold;45;Suburban;7;1
7636-OWBPG;Male;1;0;0;No phone service;DSL;0;1;0;Month-to-month;1;Credit card (automatic);2935;3812;67;173542;0,11;3,4;0,62;Bronze;27;Urban;26;1
1231-YNDEK;Male;0;0;1;0;0;No internet service;No internet service;No internet service;Two year;1;Bank transfer (automatic);1915;10355;337;181311;0,26;3,6;0,42;Bronze;40;Rural;33;1
1407-DIGZV;Female;0;1;1;0;0;No internet service;No internet service;No internet service;Two year;0;Mailed check;191;520;9;94325;0,09;3,2;0,62;Gold;32;Urban;50;1
6397-JNZZG;Female;1;1;0;No phone service;DSL;0;1;1;Month-to-month;0;Credit card (automatic);5555;23422;146;246964;0,16;3,9;0,04;Bronze;54;Urban;23;0
0570-BFQHT;Female;0;0;1;0;Fiber optic;0;1;1;Month-to-month;0;Electronic check;8055;6539;36;212825;0,21;5;0,84;Bronze;31;Urban;47;1
4393-OBCRR;Female;0;0;1;0;0;No internet service;No internet service;No internet service;One year;0;Mailed check;2025;712;17;229068;0,03;4;0,48;Gold;31;Urban;4;1
3523-QRQLL;Female;0;1;1;0;DSL;0;1;0;One year;1;Bank transfer (automatic);695;14982;121;148811;0,13;4,5;0,09;Silver;24;Urban;9;0
8564-LDKFL;Male;0;1;1;1;Fiber optic;0;1;1;One year;1;Bank transfer (automatic);1060;417865;96;196737;0,13;4,4;0,51;Platinum;53;Urban;19;0
3696-DFHHB;Female;0;0;1;1;0;No internet service;No internet service;No internet service;Two year;0;Bank transfer (automatic);255;18218;242;80824;0,25;4,7;0,66;Bronze;35;Urban;21;1
0895-DQHEW;Male;0;1;1;1;Fiber optic;0;1;1;Month-to-month;1;Electronic check;1043;527815;227;224952;0,24;3,4;0,1;Bronze;32;Suburban;11;1
4717-GHADL;Female;0;0;1;1;DSL;0;1;0;Two year;1;Mailed check;796;40242;200;197718;0,22;4,5;0,15;Bronze;50;Urban;43;1
5501-TVMGM;Male;0;0;1;0;DSL;0;0;0;Month-to-month;1;Electronic check;5525;5525;2;146617;0,14;4,8;0,74;Gold;39;Urban;28;1
5879-HMFFH;Female;0;1;1;1;DSL;1;1;1;Two year;0;Bank transfer (automatic);8805;65208;391;91517;0,01;3,3;0,14;Bronze;34;Urban;30;1
6772-WFQRD;Male;0;0;1;0;0;No internet service;No internet service;No internet service;One year;1;Bank transfer (automatic);204;8549;188;232755;0,18;3,7;0,84;Bronze;43;Urban;5;0
3810-DVDQQ;Female;0;1;1;1;Fiber optic;1;1;1;Two year;1;Bank transfer (automatic);1176;83089;385;227948;0,26;4,9;0,06;Bronze;32;Suburban;45;1
6972-SNKKW;Female;0;0;1;0;0;No internet service;No internet service;No internet service;Month-to-month;0;Mailed check;200;1092;32;183068;0,27;4,6;0,94;Gold;35;Suburban;6;1
3694-GLTJM;Female;0;0;1;0;0;No internet service;No internet service;No internet service;Month-to-month;1;Credit card (automatic);1965;9205;24;195016;0,03;3,6;0,87;Bronze;25;Urban;52;1
8550-XSXUQ;Male;0;1;1;1;DSL;0;1;1;One year;1;Credit card (automatic);7055;34205;180;89982;0,13;4,1;0,07;Bronze;20;Urban;32;0
8149-RSOUN;Female;0;0;1;1;Fiber optic;0;0;0;Month-to-month;1;Electronic check;9385;9385;4;237670;0,14;3,8;0,14;Silver;31;Urban;45;1
9055-MOJJJ;Female;0;1;1;0;DSL;1;0;0;One year;0;Mailed check;658;40680;169;225711;0,29;4;0,06;Bronze;51;Urban;14;1
4359-INNWN;Female;0;0;1;0;0;No internet service;No internet service;No internet service;One year;0;Credit card (automatic);2005;3379;79;150210;0,02;3,7;0,52;Bronze;50;Urban;12;0
0585-EGDDA;Male;0;1;1;0;Fiber optic;0;1;1;Month-to-month;1;Electronic check;800;316875;108;149852;0,12;3,6;0,17;Bronze;54;Urban;23;0
4032-RMHCI;Female;0;1;0;No phone service;DSL;1;0;1;One year;0;Credit card (automatic);354;14124;195;193618;0,01;4,3;0,13;Gold;18;Suburban;29;0
0549-CYCQN;Male;1;0;1;1;Fiber optic;0;1;0;One year;1;Bank transfer (automatic);796;39747;148;89695;0,17;4,6;0,56;Bronze;52;Urban;32;0
3481-JHUZH;Male;0;1;1;1;Fiber optic;0;1;0;Month-to-month;1;Electronic check;8025;34390;101;128582;0,03;4,7;0,05;Bronze;27;Rural;19;0
7250-EQKIY;Female;0;1;1;0;DSL;0;0;1;Month-to-month;0;Mailed check;5045;5045;2;111094;0,25;3,3;0,87;Bronze;36;Urban;18;1
3594-IVHJZ;Female;0;0;1;0;0;No internet service;No internet service;No internet service;Month-to-month;1;Mailed check;2045;4245;4;102187;0,23;4,6;0,81;Platinum;28;Rural;18;1
6869-FGJJC;Male;0;0;1;0;Fiber optic;0;1;1;One year;0;Credit card (automatic);796;546145;331;198013;0,14;3,5;0,79;Bronze;52;Urban;37;0
3896-ZVNET;Female;0;1;1;1;0;No internet service;No internet service;No internet service;Two year;0;Mailed check;247;57175;118;208721;0,13;3,9;0,02;Gold;19;Urban;23;0
8205-VSLRB;Male;0;1;1;1;DSL;1;0;1;Two year;0;Credit card (automatic);773;54982;284;186683;0,27;4,8;0,05;Gold;20;Urban;4;1
5960-MVTUK;Male;0;0;0;No phone service;DSL;0;0;0;Month-to-month;1;Electronic check;2975;9685;7;81214;0,09;3,9;0,55;Bronze;32;Urban;21;0
6817-WTYHE;Male;0;0;1;0;DSL;0;0;0;Month-to-month;0;Bank transfer (automatic);449;11105;4;103940;0,07;3,4;0,99;Bronze;45;Urban;59;1
3082-VQXNH;Male;0;1;0;No phone service;DSL;0;1;0;Month-to-month;0;Credit card (automatic);298;944;6;124406;0,28;3,3;0,34;Silver;19;Urban;21;1
4013-UBXWQ;Female;0;0;1;1;DSL;0;0;0;Month-to-month;1;Electronic check;7465;5211;18;227049;0,24;3,9;0,34;Gold;47;Urban;27;1
4931-TRZWN;Female;0;0;1;0;DSL;1;0;0;Month-to-month;1;Electronic check;7195;92385;72;138414;0,25;4,5;0,13;Gold;22;Urban;16;1
0750-EKNGL;Male;0;0;1;0;0;No internet service;No internet service;No internet service;Month-to-month;0;Mailed check;2075;1411;20;181440;0,06;5;0,67;Gold;23;Urban;30;0
7669-LCRSD;Male;0;1;1;0;DSL;0;0;0;Month-to-month;1;Mailed check;563;62865;41;236610;0,04;4,6;0,65;Bronze;22;Urban;46;1
3567-PQTSO;Male;0;1;1;1;Fiber optic;0;1;1;One year;1;Electronic check;10525;55763;128;183569;0,01;4,8;0,01;Silver;29;Suburban;6;0
5519-NPHVG;Female;0;0;1;1;Fiber optic;0;0;0;Month-to-month;1;Electronic check;942;10461;34;140481;0,07;4,5;0,47;Bronze;21;Urban;16;0
8043-PNYSD;Male;0;1;1;0;0;No internet service;No internet service;No internet service;Two year;0;Mailed check;1955;12456;256;107740;0,23;4,8;0,67;Silver;41;Rural;11;1
9938-EKRGF;Female;0;0;1;0;DSL;1;1;1;Month-to-month;0;Mailed check;8445;128785;66;143328;0,07;3,2;0,49;Silver;42;Urban;6;1
2703-AMTUL;Male;0;1;1;0;DSL;1;1;0;One year;0;Mailed check;5365;193935;107;91881;0,22;4,9;0,67;Bronze;43;Suburban;28;1
0928-JMXNP;Male;1;1;0;No phone service;DSL;0;0;1;Month-to-month;1;Electronic check;299;11825;8;116996;0,08;3,8;0,82;Bronze;50;Urban;44;0
8173-RXAYP;Female;0;1;1;0;0;No internet service;No internet service;No internet service;Two year;0;Mailed check;197;45255;85;243249;0,12;4,8;0,69;Bronze;38;Urban;7;0
4825-XJGDM;Female;0;0;0;No phone service;DSL;1;1;1;One year;0;Credit card (automatic);437;269655;179;202196;0,29;3,2;0,62;Silver;40;Urban;3;1
5402-HTOTQ;Male;0;0;1;1;DSL;0;1;0;Month-to-month;0;Electronic check;553;87535;46;117177;0,07;4,4;0,85;Gold;54;Rural;39;0
6734-JDTTV;Male;0;1;1;0;0;No internet service;No internet service;No internet service;Two year;1;Credit card (automatic);1985;126705;379;146126;0,11;4,5;0,09;Silver;54;Suburban;53;1
7850-THJMU;Female;0;1;1;0;0;No internet service;No internet service;No internet service;Two year;0;Credit card (automatic);1965;4949;116;136531;0,09;5;0,39;Gold;29;Suburban;15;0
3890-RTCMS;Male;0;0;1;0;DSL;0;0;0;Month-to-month;1;Mailed check;4945;7990;67;106119;0,03;4,5;0,17;Bronze;54;Suburban;15;0
8849-GYOKR;Female;0;1;1;1;Fiber optic;1;1;0;One year;0;Bank transfer (automatic);10655;57633;197;197744;0,15;3,8;0,82;Bronze;38;Suburban;21;0
3148-BLQJT;Male;0;0;1;0;0;No internet service;No internet service;No internet service;Month-to-month;0;Mailed check;201;201;3;196894;0,11;4,1;0,21;Bronze;30;Urban;10;1
3717-FDJFU;Male;0;0;1;0;0;No internet service;No internet service;No internet service;Two year;0;Mailed check;2045;1069;20;238987;0,21;3,7;0,93;Bronze;50;Suburban;58;1
3665-JATSN;Female;0;0;0;No phone service;DSL;0;1;0;Month-to-month;1;Electronic check;397;71005;90;213780;0,25;3,4;0,02;Silver;23;Urban;40;1
7966-YOTQW;Male;0;0;1;1;DSL;1;0;0;Month-to-month;1;Credit card (automatic);545;5682;48;249821;0,16;3,5;0,92;Gold;29;Suburban;53;1
0461-CVKMU;Female;0;1;1;0;Fiber optic;0;1;1;Month-to-month;0;Electronic check;838;190025;61;124989;0,01;3,4;0,59;Silver;47;Urban;59;1
8806-EAGWC;Male;0;0;1;0;DSL;0;0;0;Month-to-month;0;Mailed check;5515;15915;12;102106;0,19;4,1;0,77;Silver;54;Urban;10;0
8853-TZDGH;Female;0;0;1;1;Fiber optic;0;1;1;Two year;1;Bank transfer (automatic);1116;801275;262;97131;0,02;4,8;0,04;Bronze;35;Urban;4;0
7779-LGOVN;Male;1;1;1;1;Fiber optic;0;0;0;Month-to-month;1;Electronic check;8665;85665;54;126553;0,18;4,8;0,99;Bronze;33;Urban;41;0
4324-BZCKL;Female;0;1;1;0;DSL;0;1;1;Month-to-month;1;Mailed check;5555;5513;45;86553;0,21;3,1;0,23;Bronze;24;Suburban;57;1
6924-TDGMT;Male;0;1;1;0;0;No internet service;No internet service;No internet service;One year;1;Mailed check;2055;18495;45;97881;0,06;3,2;0,26;Silver;18;Urban;37;1
9710-ZUSHQ;Female;1;0;1;1;Fiber optic;1;1;0;Month-to-month;1;Bank transfer (automatic);10675;405675;91;81379;0,25;3,5;0,05;Silver;45;Rural;47;1
1536-YHDOE;Male;0;1;1;1;DSL;1;0;0;One year;1;Mailed check;621;109665;75;170791;0,27;3,5;0,94;Bronze;20;Urban;11;1
8123-QBNAZ;Female;0;1;1;1;Fiber optic;1;0;1;Month-to-month;1;Credit card (automatic);1045;368495;88;185664;0,24;3,2;0,46;Silver;27;Suburban;39;1
3629-ZNKXA;Male;1;0;1;0;Fiber optic;0;1;1;Month-to-month;1;Electronic check;1018;175245;56;149306;0,09;3,8;0,67;Silver;31;Suburban;24;0
4827-LTQRJ;Female;1;1;1;1;Fiber optic;1;1;0;One year;1;Credit card (automatic);1106;721085;169;230798;0,18;4,2;0,69;Bronze;32;Urban;57;1
7711-YIJWC;Male;0;1;1;0;DSL;1;1;1;One year;0;Bank transfer (automatic);849;52645;290;220160;0,27;4,2;0,87;Silver;23;Suburban;44;1
5482-VXSXJ;Male;0;0;1;0;Fiber optic;0;1;0;Month-to-month;1;Mailed check;932;21573;62;245386;0,01;4,1;0,66;Gold;33;Urban;12;0
7365-BVCJH;Male;0;0;0;No phone service;DSL;0;0;0;Month-to-month;1;Electronic check;244;244;3;184512;0,25;3,7;0,56;Bronze;35;Urban;47;1
9620-ENEJV;Female;0;0;1;0;Fiber optic;0;0;0;Month-to-month;0;Credit card (automatic);7055;43395;33;96350;0;4,4;0,71;Silver;52;Urban;25;0
4183-WCSEP;Male;0;0;1;0;Fiber optic;0;1;0;Month-to-month;1;Electronic check;7845;243515;87;179599;0;4,7;0,75;Bronze;42;Suburban;10;0
2378-YIZKA;Female;0;1;1;0;DSL;1;1;1;Two year;1;Credit card (automatic);850;560775;274;161397;0,23;3,7;0,19;Gold;50;Urban;55;1
5498-TXHLF;Female;0;1;1;1;Fiber optic;0;0;1;Month-to-month;0;Electronic check;8745;287415;125;159509;0,23;3,2;0,11;Platinum;50;Urban;39;1
0689-DSXGL;Female;0;1;1;0;Fiber optic;0;1;1;Month-to-month;0;Bank transfer (automatic);858;44333;107;97769;0,24;3,6;0,07;Silver;36;Urban;22;1
6818-DJXAA;Female;0;0;1;0;Fiber optic;0;0;1;Month-to-month;1;Electronic check;911;96435;51;181584;0,28;3,3;0,37;Bronze;28;Urban;12;1
9722-UJOJR;Male;0;1;1;0;Fiber optic;0;0;0;Month-to-month;1;Electronic check;7075;19748;66;126365;0,04;3,9;0,05;Bronze;20;Suburban;32;0
0464-WJTKO;Female;0;1;1;0;0;No internet service;No internet service;No internet service;Two year;0;Bank transfer (automatic);201;146085;280;130185;0,07;3,3;0,62;Bronze;18;Urban;51;1
8902-ZEOVF;Male;0;1;1;0;0;No internet service;No internet service;No internet service;One year;0;Mailed check;2005;95155;199;213858;0,27;3,9;0,96;Bronze;42;Urban;51;1
6778-EICRF;Male;0;1;1;1;DSL;1;0;0;One year;0;Mailed check;748;18212;108;206525;0,05;3,4;0,33;Silver;49;Urban;27;1
2662-NNTDK;Male;0;0;1;1;0;No internet service;No internet service;No internet service;One year;0;Credit card (automatic);248;160095;309;212692;0,02;4,5;0,76;Bronze;53;Urban;50;1
4132-KALRO;Female;0;0;1;1;Fiber optic;0;0;0;Month-to-month;1;Mailed check;10085;39925;12;116303;0,16;3,1;0,53;Bronze;21;Suburban;3;1
3902-FOIGH;Male;1;1;1;1;Fiber optic;0;1;0;Month-to-month;1;Electronic check;10135;121855;24;99589;0,02;4,1;0,22;Gold;40;Urban;27;0
6772-KSATR;Male;0;0;1;1;Fiber optic;1;0;0;Month-to-month;1;Electronic check;817;817;4;82882;0,09;3,3;0,62;Silver;33;Rural;33;1
7112-OPOTK;Male;0;0;1;0;Fiber optic;0;0;0;Month-to-month;0;Electronic check;6825;217115;136;209236;0,16;3;0,97;Bronze;28;Urban;50;1
2874-YXVVA;Female;0;0;1;0;Fiber optic;0;1;1;Month-to-month;1;Electronic check;1051;36348;181;235596;0,26;4,7;0,12;Silver;39;Urban;50;1
1245-HARPS;Female;0;1;1;0;0;No internet service;No internet service;No internet service;Two year;0;Mailed check;204;2924;73;89745;0,21;4,3;0,51;Platinum;50;Suburban;9;1
4210-QFJMF;Female;0;0;1;0;Fiber optic;0;0;0;Month-to-month;1;Electronic check;7915;31725;21;95861;0,19;3,2;0,05;Bronze;30;Suburban;48;1
4323-ELYYB;Male;0;1;1;0;0;No internet service;No internet service;No internet service;One year;0;Mailed check;200;21855;51;171707;0,15;4,3;0,32;Silver;38;Rural;54;1
4293-ETKAP;Female;0;1;1;1;DSL;0;1;0;Two year;1;Bank transfer (automatic);794;50719;216;134261;0,09;4,2;0,62;Gold;29;Urban;51;1
6064-PUPMC;Male;0;1;1;0;DSL;1;0;0;One year;0;Credit card (automatic);572;142335;118;213909;0,04;3,9;0,84;Silver;43;Urban;7;0
6504-VBLFL;Male;0;1;1;0;DSL;1;1;1;Two year;0;Electronic check;586;30686;209;154135;0,12;3,8;0,73;Bronze;18;Suburban;8;0
6322-PJJDJ;Male;0;1;1;0;Fiber optic;0;1;0;Two year;1;Electronic check;948;469065;133;134380;0,01;4,8;0,46;Bronze;39;Urban;17;0
0330-BGYZE;Male;0;1;1;1;Fiber optic;0;1;1;One year;0;Bank transfer (automatic);1025;61576;325;166089;0,06;3,5;0,91;Gold;44;Urban;1;0
1085-LDWAM;Female;0;1;1;0;0;No internet service;No internet service;No internet service;One year;1;Credit card (automatic);2035;144265;381;185025;0,13;3,8;0,03;Platinum;49;Urban;17;0
7586-ZATGZ;Male;0;0;1;1;Fiber optic;0;0;0;Month-to-month;1;Electronic check;849;336905;154;249327;0,13;3,7;0,75;Gold;25;Urban;39;0
7197-VOJMM;Male;0;1;1;0;DSL;1;1;0;Two year;1;Credit card (automatic);692;467165;154;240592;0,01;4,5;0,47;Platinum;51;Urban;1;0
3318-OSATS;Male;1;0;1;1;Fiber optic;0;0;0;Month-to-month;1;Electronic check;9545;347405;124;240613;0,18;4,8;0,09;Silver;35;Rural;21;0
5828-AVIPD;Male;0;1;1;1;Fiber optic;0;0;0;One year;1;Electronic check;10095;187555;99;238422;0,16;4,7;0,08;Platinum;21;Urban;15;0
1843-TLSGD;Female;0;1;1;0;0;No internet service;No internet service;No internet service;Two year;0;Mailed check;2085;27235;72;124397;0,02;4,6;0,09;Silver;18;Suburban;36;0
9626-VFRGG;Female;0;0;1;1;Fiber optic;0;1;0;Month-to-month;1;Bank transfer (automatic);885;364505;115;157085;0,28;5;0,21;Platinum;33;Urban;31;1
7075-BNDVQ;Female;0;0;0;No phone service;DSL;1;0;1;Month-to-month;0;Mailed check;350;13575;9;143865;0,03;4,4;0,67;Bronze;47;Urban;9;0
9143-CANJF;Female;0;1;1;0;DSL;1;0;0;Month-to-month;0;Electronic check;5515;131985;132;135956;0,26;4,5;0,74;Gold;40;Urban;40;1
7284-BUYEC;Female;0;0;0;No phone service;DSL;0;1;0;Month-to-month;1;Credit card (automatic);5095;2294;17;238525;0;5;0,74;Bronze;48;Urban;33;0
2041-JIJCI;Female;0;0;1;1;DSL;0;1;0;Month-to-month;1;Electronic check;640;37025;20;180727;0,26;3;0,05;Bronze;45;Urban;47;1
1086-LXKFY;Female;0;1;1;0;Fiber optic;0;0;0;Month-to-month;1;Mailed check;691;691;5;223978;0,01;4,3;0,01;Silver;54;Suburban;15;0
4900-MSOMT;Female;0;1;1;1;DSL;1;1;1;Two year;0;Bank transfer (automatic);802;57142;163;94988;0,23;4,5;0,26;Bronze;33;Suburban;48;1
2229-VWQJH;Female;0;0;1;0;DSL;0;0;1;Month-to-month;1;Credit card (automatic);493;123325;110;238795;0,11;4,8;0,32;Bronze;26;Urban;33;0
9194-GFVOI;Female;0;1;1;1;DSL;1;0;1;Two year;0;Credit card (automatic);8435;35716;96;113800;0,22;4,8;0,85;Platinum;19;Urban;57;1
1336-EZFZY;Female;0;0;1;0;0;No internet service;No internet service;No internet service;Month-to-month;0;Mailed check;2005;833;14;238502;0,12;4,7;0,84;Silver;19;Urban;36;0
4282-MSACW;Male;0;0;1;1;Fiber optic;1;1;1;One year;1;Credit card (automatic);1172;803595;354;243607;0,02;4,9;0,01;Platinum;49;Urban;39;0
1403-LKLIK;Female;0;1;1;0;0;No internet service;No internet service;No internet service;One year;0;Mailed check;201;5794;123;167329;0,23;4,1;0,95;Platinum;33;Suburban;55;1
2636-ALXXZ;Female;1;0;1;0;Fiber optic;0;0;0;Month-to-month;1;Electronic check;696;696;5;132284;0,02;3;0,18;Bronze;30;Urban;33;1
7774-OJSXI;Male;0;0;1;1;Fiber optic;0;1;1;One year;1;Electronic check;10345;306645;131;136232;0,28;3;0,41;Bronze;44;Urban;43;1
7786-WBJYI;Female;0;0;1;1;Fiber optic;0;1;0;Month-to-month;0;Bank transfer (automatic);7795;30555;13;124420;0,02;4,1;0,22;Bronze;48;Suburban;12;0
0136-IFMYD;Male;1;1;1;1;Fiber optic;0;1;1;Two year;1;Electronic check;10995;763425;198;117710;0,14;3,9;0,86;Silver;50;Urban;47;1
5144-TVGLP;Male;1;0;1;1;Fiber optic;0;0;0;Month-to-month;0;Electronic check;9475;36530;129;172035;0,22;3,9;0,75;Silver;38;Urban;36;1
9643-AVVWI;Female;0;1;1;0;Fiber optic;0;1;0;Month-to-month;1;Electronic check;800;2413;10;111283;0,12;3,8;0,35;Silver;36;Urban;11;0
0253-ZTEOB;Female;0;1;1;1;DSL;0;1;0;Two year;0;Electronic check;7965;38703;109;105968;0,07;4,8;0,68;Bronze;30;Urban;14;0
2706-QZIHY;Female;0;1;1;1;0;No internet service;No internet service;No internet service;Two year;0;Mailed check;252;3879;52;142508;0,23;3,7;0,18;Bronze;36;Rural;29;1
6061-PQHMK;Female;0;0;1;0;0;No internet service;No internet service;No internet service;One year;0;Credit card (automatic);199;5275;96;193435;0,24;4,7;0,38;Silver;52;Urban;30;1
9885-CSMWE;Female;1;0;1;0;Fiber optic;0;0;0;Month-to-month;0;Electronic check;7845;7845;4;165366;0,28;4,8;0,38;Bronze;52;Urban;28;1
6137-MFAJN;Female;0;0;0;No phone service;DSL;1;1;0;Month-to-month;1;Electronic check;448;210455;222;85738;0,11;4;0,24;Gold;50;Urban;33;0
9122-UMROB;Male;0;0;1;0;0;No internet service;No internet service;No internet service;Month-to-month;0;Mailed check;203;203;4;83098;0,15;3,9;0,88;Bronze;20;Urban;31;1
4232-JGKIY;Male;0;0;1;0;0;No internet service;No internet service;No internet service;Month-to-month;0;Electronic check;192;192;2;175424;0,11;4,5;0,68;Bronze;38;Urban;43;1
2402-TAIRZ;Female;0;0;1;0;Fiber optic;0;1;1;One year;0;Electronic check;8005;30191;106;158672;0,08;4,4;0,28;Bronze;40;Rural;22;0
9659-ZTWSM;Male;1;1;1;1;Fiber optic;0;1;1;One year;1;Bank transfer (automatic);10735;705195;306;118244;0,23;3,7;0,24;Gold;28;Urban;9;1
9139-TWBAS;Female;0;1;0;No phone service;DSL;1;1;1;One year;0;Bank transfer (automatic);4785;11905;102;219325;0,01;3,2;0,02;Bronze;21;Suburban;7;1
6685-GBWJZ;Male;0;1;1;0;DSL;1;1;0;One year;0;Credit card (automatic);708;44488;127;134333;0,13;3,5;0,35;Bronze;21;Urban;20;0
5016-ETTFF;Male;0;0;0;No phone service;DSL;0;0;1;Month-to-month;0;Mailed check;295;25525;52;205349;0,12;3,3;0,53;Silver;32;Urban;10;1
3866-MDTUB;Female;0;0;1;0;DSL;1;0;0;Month-to-month;1;Electronic check;7075;1469;10;130969;0,21;3,6;0,28;Platinum;45;Suburban;11;1
2195-VVRJF;Male;1;1;1;0;DSL;1;0;0;Month-to-month;1;Credit card (automatic);591;101105;75;170744;0,28;3,5;0,07;Platinum;53;Suburban;48;1
3913-RDSJZ;Female;0;1;1;1;0;No internet service;No internet service;No internet service;Two year;0;Mailed check;2555;171495;145;197286;0,02;4,3;0,41;Bronze;25;Urban;38;0
8058-JMEQO;Female;1;0;1;1;Fiber optic;0;0;0;Month-to-month;1;Electronic check;8445;7625;45;155028;0,14;4,9;0,32;Gold;41;Urban;46;1
4203-QGNZA;Female;0;0;1;0;0;No internet service;No internet service;No internet service;Month-to-month;0;Mailed check;2025;53535;121;115421;0,23;4,4;0,94;Bronze;51;Urban;18;1
5043-TRZWM;Female;0;0;1;0;Fiber optic;0;0;1;Month-to-month;0;Electronic check;7555;7555;5;212526;0,19;4,9;0,26;Bronze;32;Urban;33;0
0697-ZMSWS;Male;0;0;1;1;Fiber optic;0;0;0;Month-to-month;1;Electronic check;8565;3389;20;228594;0,02;4,6;0,04;Silver;40;Urban;37;0
7657-DYEPJ;Male;1;0;1;0;DSL;0;1;1;One year;1;Credit card (automatic);7015;249735;198;118575;0,03;4,5;0,38;Bronze;44;Suburban;33;0
9494-BDNNC;Male;0;1;1;1;Fiber optic;0;1;1;One year;0;Electronic check;953;62734;268;83192;0,01;3,8;0,24;Gold;31;Urban;45;0
1640-PLFMP;Female;0;0;1;0;Fiber optic;0;0;0;Month-to-month;1;Electronic check;7025;7025;2;191116;0,14;3,6;0,22;Platinum;19;Urban;25;1
5366-OBVMR;Female;0;1;1;0;DSL;0;0;0;Month-to-month;1;Mailed check;503;90875;84;207874;0,25;4,7;0,03;Bronze;52;Urban;39;1
8276-MQBYC;Male;1;0;1;1;Fiber optic;0;0;1;Month-to-month;1;Electronic check;978;49133;228;161311;0,09;4,8;0,86;Bronze;24;Urban;15;0
7644-OMVMY;Male;0;1;1;0;0;No internet service;No internet service;No internet service;Two year;0;Mailed check;1985;1397475;0;221474;0,12;3,9;0,77;Silver;33;Urban;18;1
7593-XFKDI;Male;0;0;1;0;DSL;0;0;0;Month-to-month;0;Mailed check;463;463;2;160781;0,27;3;0,68;Silver;39;Suburban;49;1
4573-JKNAE;Male;0;0;1;0;0;No internet service;No internet service;No internet service;Two year;0;Bank transfer (automatic);1935;2123;33;116527;0,25;4,6;0,46;Platinum;45;Urban;55;1
0337-CNPZE;Female;0;0;1;1;Fiber optic;0;1;1;Month-to-month;1;Electronic check;1063;444345;228;132181;0,02;3,6;0,51;Gold;49;Suburban;28;0
9817-APLHW;Male;0;0;1;1;0;No internet service;No internet service;No internet service;Month-to-month;0;Electronic check;250;3162;59;171472;0,08;3;0,27;Silver;24;Urban;44;1
8380-MQINP;Female;0;1;1;0;0;No internet service;No internet service;No internet service;Two year;0;Mailed check;203;107905;309;238074;0,04;4,6;0,07;Bronze;39;Suburban;37;0
0840-DFEZH;Female;0;0;1;1;Fiber optic;0;0;0;Month-to-month;1;Electronic check;7535;56465;35;161219;0;4;0,33;Gold;19;Suburban;35;0
1513-XNPPH;Female;0;0;1;0;Fiber optic;0;0;1;Month-to-month;1;Electronic check;894;109565;52;223532;0,03;4,4;0,05;Bronze;25;Urban;20;0
8690-ZVLCL;Female;0;1;1;1;DSL;1;1;1;Two year;0;Credit card (automatic);880;61619;313;199783;0,09;4,8;0,06;Platinum;24;Urban;9;0
6015-VVHHE;Female;1;0;1;1;Fiber optic;0;0;0;Month-to-month;1;Credit card (automatic);8315;44605;27;241554;0,17;4,1;0,09;Bronze;38;Suburban;46;1
1125-SNVCK;Female;1;0;1;0;DSL;0;0;0;Month-to-month;0;Mailed check;438;210605;211;227519;0,02;4;0,26;Silver;39;Urban;22;0
0384-LPITE;Male;0;0;0;No phone service;DSL;1;1;1;One year;0;Credit card (automatic);6205;251155;181;163265;0,04;3,6;0,37;Bronze;52;Urban;43;0
4616-EWBNJ;Female;0;0;1;0;0;No internet service;No internet service;No internet service;One year;0;Bank transfer (automatic);201;3186;42;130126;0,05;3,6;0,39;Silver;35;Urban;59;1
6347-DCUIK;Male;0;0;1;1;Fiber optic;0;0;0;Month-to-month;1;Mailed check;7415;8118;38;100545;0,19;4,6;0,12;Silver;26;Suburban;51;1
1335-HQMKX;Female;0;1;1;1;Fiber optic;0;1;1;One year;1;Electronic check;10135;732315;350;135114;0,18;3,9;0,23;Silver;19;Urban;43;0
2545-EBUPK;Female;1;0;1;1;Fiber optic;0;0;0;Month-to-month;1;Electronic check;8405;18605;6;173740;0,17;3,3;0,26;Gold;34;Urban;58;1
6923-AQONU;Male;0;1;1;0;0;No internet service;No internet service;No internet service;Two year;0;Mailed check;209;4540;64;93890;0,08;3,2;0,07;Silver;37;Rural;6;1
2172-EJXVF;Female;1;0;1;1;Fiber optic;0;1;1;One year;1;Electronic check;1059;752195;231;201284;0,11;3,9;0,33;Bronze;23;Urban;37;0
0897-FEGMU;Female;0;1;1;1;Fiber optic;0;0;1;Month-to-month;1;Electronic check;995;105695;32;132482;0,03;3,9;0,07;Gold;28;Suburban;4;0
7663-RGWBC;Male;0;0;1;0;DSL;0;0;0;Month-to-month;1;Mailed check;4415;4415;2;212812;0,07;4,3;0,07;Gold;22;Suburban;18;1
1120-BMWUB;Female;0;0;1;0;DSL;0;1;0;Month-to-month;1;Mailed check;539;83415;59;241193;0,27;3,9;0,39;Bronze;27;Urban;45;1
9124-LHCJQ;Female;0;0;1;1;Fiber optic;0;0;0;Month-to-month;1;Mailed check;8545;8545;5;222290;0,29;3,3;0,33;Gold;40;Suburban;32;1
4536-PLEQY;Male;0;1;1;0;Fiber optic;0;1;0;Month-to-month;1;Credit card (automatic);8505;9998;48;151591;0,19;4;0,13;Platinum;50;Urban;23;0
7029-IJEJK;Female;0;0;0;No phone service;DSL;1;0;0;One year;0;Bank transfer (automatic);441;23697;148;168241;0,28;4,8;0,23;Silver;53;Suburban;42;1
8871-JLMHM;Female;0;1;1;1;Fiber optic;0;1;1;Two year;0;Credit card (automatic);902;629765;156;114722;0,19;3,3;0,23;Bronze;51;Suburban;22;1
2235-ZGKPT;Female;0;1;1;1;DSL;0;0;0;Month-to-month;0;Mailed check;5085;23955;19;129431;0,01;4,4;0,99;Silver;34;Urban;21;0
3891-PUQOD;Female;0;0;1;0;DSL;0;0;1;Month-to-month;0;Electronic check;592;592;3;122000;0,03;4,2;0,84;Bronze;43;Urban;35;1
5447-VYTKW;Male;0;0;1;0;DSL;1;0;0;Month-to-month;0;Mailed check;5345;146145;142;151975;0,03;4,5;0,02;Silver;44;Suburban;52;1
3623-FQBOX;Male;0;0;1;0;0;No internet service;No internet service;No internet service;Month-to-month;1;Mailed check;1995;4164;97;110921;0,02;3,3;0,62;Silver;20;Urban;45;1
0689-NKYLF;Male;0;0;1;0;Fiber optic;0;0;1;Month-to-month;1;Electronic check;832;10606;67;179265;0,08;4,9;0,26;Platinum;36;Suburban;20;0
8659-HDIYE;Female;1;0;1;1;DSL;0;1;1;Month-to-month;0;Credit card (automatic);7465;486935;197;168747;0,12;4,2;0,01;Silver;25;Urban;17;0
3658-KIBGF;Female;0;0;1;0;DSL;1;1;0;Month-to-month;1;Electronic check;549;549;4;241686;0,19;4,7;0,71;Bronze;34;Suburban;37;1
3474-BAFSJ;Male;0;1;0;No phone service;DSL;0;1;1;Two year;1;Bank transfer (automatic);575;326595;174;97601;0,13;3,5;0,13;Gold;18;Urban;26;0
5519-YLDGW;Female;0;1;1;1;Fiber optic;1;0;1;Month-to-month;1;Electronic check;1039;22542;120;173332;0,08;4,5;0,44;Bronze;24;Suburban;36;0
3865-ZFZIB;Male;0;0;1;0;0;No internet service;No internet service;No internet service;Two year;0;Mailed check;1965;35815;86;203254;0,01;4,6;0,63;Bronze;53;Urban;48;1
1855-AGAWH;Male;0;1;1;0;Fiber optic;0;0;1;One year;1;Electronic check;938;29398;102;231586;0,01;3,8;0,55;Bronze;20;Urban;24;0
7109-CQYUZ;Male;0;0;1;1;DSL;1;1;1;Two year;1;Mailed check;8925;46524;160;199004;0,29;3,8;0,98;Bronze;36;Suburban;38;1
1370-GGAWX;Female;0;0;1;1;Fiber optic;0;1;1;One year;1;Electronic check;9415;440845;127;227364;0,24;4,3;0,79;Platinum;44;Urban;29;1
4680-KUTAJ;Female;1;0;1;1;DSL;1;0;0;Month-to-month;1;Electronic check;556;5808;52;242582;0,14;3,2;0,77;Silver;20;Suburban;42;1
5307-UVGNB;Female;0;1;0;No phone service;DSL;1;1;1;Month-to-month;1;Bank transfer (automatic);487;24952;152;108000;0,06;4,5;0,36;Gold;51;Suburban;13;0
4946-EDSEW;Female;0;1;1;0;0;No internet service;No internet service;No internet service;Month-to-month;1;Mailed check;1925;1803;48;210439;0,24;3,1;0,01;Bronze;22;Suburban;33;1
2883-ILGWO;Male;1;0;1;1;Fiber optic;0;1;0;Month-to-month;1;Bank transfer (automatic);1049;591395;174;199277;0,05;3,4;0,73;Gold;54;Urban;53;1
2516-VQRRV;Female;1;0;1;1;Fiber optic;0;0;0;Month-to-month;1;Mailed check;7545;1584;9;110383;0,06;4,3;0,1;Silver;33;Urban;31;0
7580-UGXNC;Female;1;0;1;0;DSL;1;1;0;Month-to-month;0;Mailed check;5485;1042;10;222857;0,11;3,2;0,41;Silver;31;Urban;30;1
3642-BYHDO;Female;0;1;1;0;0;No internet service;No internet service;No internet service;Two year;0;Bank transfer (automatic);199;138935;362;120910;0,26;4,9;0,99;Platinum;47;Urban;48;1
9629-NHXFW;Female;0;1;1;0;0;No internet service;No internet service;No internet service;Month-to-month;1;Mailed check;194;194;5;235927;0,04;4,7;0,14;Silver;49;Urban;1;0
2696-RZVZW;Male;0;1;1;1;0;No internet service;No internet service;No internet service;Two year;0;Credit card (automatic);2505;16292;187;104281;0,04;4,3;0,03;Silver;29;Suburban;46;1
5766-FTRTS;Male;0;1;1;0;DSL;1;1;1;Two year;0;Mailed check;8445;60331;169;193838;0,15;4,6;0,17;Bronze;44;Suburban;38;0
0396-HUJBP;Female;0;0;1;0;0;No internet service;No internet service;No internet service;Month-to-month;0;Mailed check;193;444;9;84841;0,08;4,8;0,48;Bronze;43;Urban;34;0
5178-LMXOP;Male;1;1;1;1;Fiber optic;0;0;0;Month-to-month;1;Electronic check;951;951;3;177204;0,17;3,5;0,08;Gold;46;Suburban;22;1
8879-ZKJOF;Female;0;0;1;0;DSL;1;0;1;One year;1;Bank transfer (automatic);7985;332075;152;140155;0,14;4,7;0,34;Gold;40;Urban;5;0
6285-FTQBF;Male;0;1;1;1;0;No internet service;No internet service;No internet service;Two year;0;Credit card (automatic);2555;18677;152;237990;0,13;3,4;0,91;Silver;39;Urban;20;1
8185-UPYBR;Male;0;1;1;1;Fiber optic;0;0;0;Month-to-month;1;Electronic check;755;4380;18;136313;0,03;3,8;0,54;Platinum;37;Urban;25;0
4585-HETAI;Female;0;1;1;0;Fiber optic;0;0;1;Month-to-month;1;Electronic check;7375;32545;8;191688;0,04;4,1;0,47;Silver;33;Urban;29;0
7526-BEZQB;Male;0;0;1;1;Fiber optic;0;0;0;Month-to-month;1;Electronic check;9605;11481;66;228515;0,25;4,4;0,79;Silver;48;Suburban;40;1
1474-JUWSM;Female;0;1;1;1;DSL;1;0;0;One year;1;Electronic check;684;397225;172;243322;0,27;3,1;0,01;Bronze;20;Suburban;41;1
3530-CRZSB;Female;0;0;1;0;0;No internet service;No internet service;No internet service;Month-to-month;0;Mailed check;2065;1559;29;212994;0,07;3,6;0,77;Silver;38;Urban;52;1
8498-XXGWA;Female;0;1;1;0;DSL;1;0;1;Month-to-month;1;Mailed check;5515;367315;140;111976;0,03;4,2;0,24;Bronze;22;Suburban;29;0
9617-INGJY;Male;0;0;1;0;Fiber optic;0;0;0;Month-to-month;1;Mailed check;706;706;4;223063;0,02;3,7;0,28;Bronze;37;Urban;52;1
0621-TSSMU;Male;0;1;1;0;0;No internet service;No internet service;No internet service;One year;0;Credit card (automatic);1995;112675;184;184405;0,18;4,6;0,06;Platinum;40;Suburban;7;0
7234-KMNRQ;Male;0;0;1;0;0;No internet service;No internet service;No internet service;Month-to-month;0;Mailed check;190;7345;22;133744;0,21;4,3;0,09;Bronze;49;Suburban;38;1
7636-PEPNS;Female;0;1;1;0;DSL;0;0;0;One year;1;Mailed check;441;241305;322;233805;0,11;3,5;0,58;Bronze;26;Suburban;32;0
4683-WYDOU;Male;0;1;1;1;Fiber optic;0;0;1;Two year;1;Bank transfer (automatic);1076;69127;204;82473;0,02;3,3;0,65;Bronze;20;Urban;9;1
9052-DHNKM;Male;0;0;1;1;DSL;1;1;0;One year;0;Electronic check;6155;158195;145;219180;0,21;4,3;0,78;Bronze;44;Urban;17;1
6794-HKIAJ;Male;0;0;1;1;Fiber optic;1;1;1;Month-to-month;0;Bank transfer (automatic);907;558645;371;108715;0,28;3,9;0,26;Bronze;44;Urban;47;1
5578-NKCXI;Female;0;1;1;0;Fiber optic;1;1;0;One year;0;Credit card (automatic);9925;584665;307;243282;0,02;3,3;0,83;Bronze;27;Urban;35;1
1642-HMARX;Female;0;1;1;1;DSL;1;1;1;Two year;1;Electronic check;917;64247;365;117317;0,06;3,7;0,42;Silver;33;Urban;40;0
3096-WPXBT;Female;0;1;1;1;Fiber optic;1;1;1;One year;1;Credit card (automatic);1007;601865;182;145516;0,02;3,6;0,18;Silver;41;Urban;54;1
8434-PNQZX;Female;0;0;1;1;DSL;0;0;1;Two year;1;Credit card (automatic);7845;33734;180;244434;0,26;3,2;0,35;Gold;40;Suburban;49;1
5950-AAAGJ;Male;0;0;1;1;Fiber optic;0;0;0;Month-to-month;0;Bank transfer (automatic);843;15379;40;134604;0,24;4,1;0,25;Platinum;26;Urban;10;1
4299-OPXEJ;Female;0;0;1;0;0;No internet service;No internet service;No internet service;Two year;1;Bank transfer (automatic);1955;108055;133;84889;0,17;4,5;0,23;Silver;19;Suburban;43;0
4951-UKAAQ;Female;0;0;1;1;Fiber optic;0;1;0;Month-to-month;1;Electronic check;8895;3552;23;153748;0,03;4,2;0,28;Bronze;23;Urban;7;0
9618-LFJRU;Female;0;0;1;0;0;No internet service;No internet service;No internet service;Month-to-month;0;Credit card (automatic);2045;8285;13;111971;0,08;4,7;0,18;Bronze;54;Rural;0;0
6693-DJWTY;Female;0;0;1;0;DSL;1;1;0;One year;0;Credit card (automatic);556;201645;174;130551;0,09;3,3;0,67;Gold;52;Rural;7;1
0744-GKNGE;Female;0;1;1;1;Fiber optic;1;0;0;Month-to-month;1;Bank transfer (automatic);868;532725;334;214273;0,17;3,9;0,58;Silver;24;Urban;4;0
6447-EGDIV;Female;0;0;1;0;0;No internet service;No internet service;No internet service;One year;0;Mailed check;2095;68325;168;188957;0,08;4,2;0,65;Bronze;32;Rural;0;0
1167-OYZJF;Female;1;1;1;0;0;No internet service;No internet service;No internet service;Two year;1;Bank transfer (automatic);2005;126305;401;169882;0,02;4,4;0,34;Bronze;38;Suburban;2;0
2108-YKQTY;Female;0;0;1;0;DSL;0;1;0;Month-to-month;0;Credit card (automatic);507;1513;11;117958;0,22;4,4;0,77;Gold;53;Urban;26;1
4806-DXQCE;Female;1;1;1;1;Fiber optic;1;1;1;Two year;1;Electronic check;11365;771465;151;85681;0,09;4,5;0,13;Silver;40;Rural;44;0
4918-QLLIW;Male;0;0;1;0;DSL;0;0;0;Month-to-month;0;Credit card (automatic);534;1887;10;181982;0,14;4,3;0,57;Silver;46;Urban;47;1
7056-IMHCC;Male;1;1;1;1;Fiber optic;0;1;0;Month-to-month;1;Electronic check;1019;55494;133;126870;0,04;3,2;0,28;Bronze;30;Urban;22;1
4854-SSLTN;Male;0;1;1;0;DSL;1;1;0;Two year;0;Mailed check;595;1305;4;208396;0,24;4,4;0,53;Silver;22;Urban;43;1
5294-DMSFH;Female;0;1;1;0;Fiber optic;0;0;0;Month-to-month;1;Credit card (automatic);878;262175;99;147203;0,17;4,4;0,32;Gold;18;Urban;38;0
4837-PZTIC;Female;0;0;0;No phone service;DSL;1;0;1;Two year;0;Mailed check;419;187525;241;239224;0,27;5;0,79;Gold;37;Urban;39;1
1625-JAIIY;Female;0;1;1;1;Fiber optic;0;0;0;One year;1;Electronic check;830;56858;290;130061;0,15;4,4;0,89;Gold;18;Rural;10;0
0603-OLQDC;Male;0;0;1;0;DSL;1;0;0;Month-to-month;1;Mailed check;6985;8375;39;138235;0,28;4,4;0,74;Silver;52;Rural;44;1
3272-VUHPV;Female;0;1;1;0;DSL;0;1;0;Month-to-month;0;Bank transfer (automatic);563;4015;36;117890;0,27;4;0,18;Silver;24;Suburban;10;1
4176-FXYBO;Male;0;1;1;1;Fiber optic;1;1;1;Month-to-month;0;Electronic check;10955;611895;158;170073;0,17;4,7;0,27;Silver;52;Urban;35;0
1063-DHQJF;Male;0;1;1;0;Fiber optic;0;1;0;Two year;1;Mailed check;9215;64809;141;141401;0,28;5;0,92;Bronze;51;Rural;37;1
8663-UPDGF;Female;0;0;1;1;DSL;1;1;0;Month-to-month;1;Bank transfer (automatic);695;180005;131;91217;0,01;4,6;0,44;Gold;22;Urban;30;0
6719-FGEDO;Female;0;1;1;1;Fiber optic;1;1;1;Two year;1;Bank transfer (automatic);970;71042;323;128351;0,11;4,2;0,94;Silver;46;Rural;59;1
1837-YQUCE;Female;0;0;0;No phone service;DSL;1;0;1;Two year;1;Bank transfer (automatic);5835;421425;353;113741;0,01;3,2;0,39;Silver;44;Urban;54;1
2947-DOMLJ;Male;0;0;1;0;DSL;1;0;0;Month-to-month;0;Mailed check;506;506;2;231726;0,18;4,5;0,95;Platinum;24;Suburban;23;1
4112-LUEIZ;Male;0;0;1;0;Fiber optic;0;0;0;Month-to-month;1;Electronic check;895;8631;53;81408;0,22;4,4;0,93;Platinum;18;Suburban;18;1
0369-ZGOVK;Female;0;1;1;0;Fiber optic;0;0;0;One year;1;Bank transfer (automatic);704;19922;125;122903;0,23;4,6;0,66;Silver;26;Rural;52;1
4510-HIMLV;Male;0;0;1;0;Fiber optic;0;0;0;Month-to-month;1;Electronic check;698;698;4;187042;0,04;3,2;0,01;Bronze;18;Suburban;31;1
9919-KNPOO;Female;0;1;1;1;Fiber optic;0;0;0;Month-to-month;1;Electronic check;943;194835;94;212290;0,13;4,3;0,04;Bronze;44;Suburban;39;0
8749-JMNKX;Male;1;1;1;1;Fiber optic;1;0;1;Month-to-month;1;Bank transfer (automatic);938;475095;278;202189;0,05;3,6;0,91;Platinum;34;Suburban;37;0
7872-BAAZR;Female;0;1;1;0;0;No internet service;No internet service;No internet service;One year;0;Bank transfer (automatic);1955;10079;230;189268;0,02;4,5;0,89;Bronze;49;Suburban;16;0
9391-LMANN;Male;0;0;1;0;Fiber optic;1;1;1;One year;0;Electronic check;9595;50369;229;110105;0,05;3,5;0,19;Platinum;47;Suburban;49;1
2430-USGXP;Male;0;1;1;1;Fiber optic;0;0;1;Month-to-month;1;Electronic check;10105;23918;143;149634;0,27;4,4;0,04;Bronze;32;Urban;34;1
8174-TBVCF;Female;0;1;1;1;DSL;1;1;1;Two year;1;Credit card (automatic);948;685905;351;197426;0,07;3,6;0,84;Silver;45;Suburban;11;0
1698-XFZCI;Male;0;0;1;1;Fiber optic;1;1;1;One year;1;Electronic check;10775;65219;229;218691;0,09;3;0,58;Silver;20;Urban;14;1
1877-HKBQX;Female;0;0;1;0;DSL;1;0;0;One year;1;Mailed check;546;61785;53;223011;0,26;4,3;0,85;Bronze;45;Suburban;38;1
4450-DLLMH;Male;0;0;1;0;Fiber optic;0;0;0;Month-to-month;1;Credit card (automatic);713;15775;7;98226;0,14;3,2;0,83;Platinum;22;Urban;12;1
0428-AXXLJ;Male;0;0;1;0;0;No internet service;No internet service;No internet service;One year;1;Bank transfer (automatic);195;5163;72;105322;0,01;4,3;0,91;Silver;19;Rural;29;0
2746-DIJLO;Female;0;0;1;1;DSL;0;1;0;One year;1;Credit card (automatic);563;23640;179;197504;0,15;4,9;0,12;Bronze;33;Urban;41;0
5955-ERIHD;Male;0;1;1;1;Fiber optic;0;0;0;Month-to-month;1;Electronic check;947;168795;102;138215;0,03;4,9;0,15;Bronze;34;Urban;18;0
0917-EZOLA;Male;1;1;1;1;Fiber optic;0;1;1;Two year;1;Bank transfer (automatic);10415;768995;411;227950;0,03;3,5;0,08;Gold;29;Rural;8;1
3508-VLHCZ;Female;0;1;1;1;DSL;1;1;1;Two year;1;Credit card (automatic);9055;623905;239;217632;0,18;4,6;0,94;Bronze;43;Urban;56;1
4086-ATNFV;Female;0;1;1;0;DSL;1;1;1;One year;1;Mailed check;608;204205;139;249350;0,08;3,7;0,48;Gold;24;Urban;27;0
0468-YRPXN;Male;0;0;1;0;Fiber optic;0;0;1;Month-to-month;1;Credit card (automatic);988;28071;82;247284;0,17;4,8;0,06;Bronze;41;Suburban;43;0
5996-NRVXR;Male;1;1;1;0;Fiber optic;1;1;1;One year;1;Credit card (automatic);9815;41168;239;174835;0,02;4,6;0,32;Bronze;33;Urban;59;1
3739-YBWAB;Male;0;1;0;No phone service;DSL;1;0;1;One year;0;Mailed check;3535;131795;213;153079;0,24;3,1;0,35;Bronze;35;Urban;42;1
7047-FWEYA;Female;0;1;1;1;Fiber optic;0;1;0;One year;1;Electronic check;10315;459465;211;103946;0,28;3,8;0,81;Bronze;25;Suburban;55;1
2000-MPKCA;Female;0;0;1;1;Fiber optic;1;1;1;One year;1;Electronic check;10775;633275;302;242812;0,26;3,7;0,74;Bronze;44;Rural;24;1
9762-YAQAA;Male;0;0;1;1;Fiber optic;0;1;0;One year;0;Credit card (automatic);814;321375;189;190733;0,01;4,6;0,69;Platinum;43;Urban;39;0
5949-EBSQK;Male;0;1;1;0;DSL;0;0;0;Month-to-month;0;Credit card (automatic);6145;22955;17;87253;0,01;3,8;0,02;Bronze;48;Urban;40;0
5473-KHBPS;Female;0;1;1;1;Fiber optic;0;1;1;One year;1;Credit card (automatic);957;497615;115;159311;0,01;4,4;0,91;Bronze;35;Urban;3;0
0100-DUVFC;Male;1;1;1;1;Fiber optic;0;1;1;One year;1;Electronic check;1048;730895;267;112813;0,02;4,2;0,22;Bronze;19;Urban;51;1
5397-TUPSH;Male;1;1;1;0;Fiber optic;0;0;0;One year;1;Bank transfer (automatic);7095;45552;305;238704;0,16;5;0,63;Silver;40;Urban;36;0
8950-MTZNV;Male;0;0;1;0;DSL;0;0;0;Month-to-month;1;Mailed check;4495;4495;4;128365;0,14;4,9;0,06;Gold;39;Urban;6;1
0326-VDYXE;Female;0;1;1;1;Fiber optic;0;0;1;One year;1;Electronic check;9765;69825;244;147593;0,27;3,9;0,08;Gold;50;Urban;40;1
6773-LQTVT;Female;1;1;0;No phone service;DSL;0;1;1;Month-to-month;1;Mailed check;3565;102515;167;244503;0,05;4,4;0,01;Bronze;35;Suburban;3;0
7274-RTAPZ;Male;0;0;1;0;Fiber optic;0;0;0;Month-to-month;1;Electronic check;9055;9055;2;248508;0;4,7;0,57;Silver;32;Urban;22;1
0436-TWFFZ;Female;0;0;1;1;DSL;1;0;1;Two year;1;Mailed check;8525;57142;268;229485;0,02;4,8;0,63;Silver;20;Urban;43;0
8566-YPRGL;Female;0;0;1;0;0;No internet service;No internet service;No internet service;Month-to-month;1;Mailed check;195;195;4;118485;0,07;3,1;0,05;Silver;40;Suburban;43;1
0311-UNPFF;Female;0;0;1;0;Fiber optic;0;0;0;Month-to-month;1;Bank transfer (automatic);888;227435;124;191504;0,01;3,6;0,29;Bronze;19;Urban;5;0
6609-MXJHJ;Female;0;1;1;1;0;No internet service;No internet service;No internet service;Two year;1;Mailed check;251;78955;137;96101;0,15;3,6;0,85;Gold;21;Suburban;44;0
2669-OIDSD;Female;0;1;1;0;Fiber optic;0;0;1;Month-to-month;1;Credit card (automatic);10005;48340;148;88831;0,09;3,9;0,01;Bronze;43;Urban;8;0
8400-WZICQ;Female;0;1;1;0;DSL;1;1;0;Month-to-month;0;Electronic check;557;31318;144;131897;0,05;3,3;0,22;Bronze;36;Urban;56;1
3834-XUIFC;Male;0;0;1;1;Fiber optic;0;0;0;Month-to-month;1;Mailed check;852;60255;31;85004;0,23;4;0,42;Bronze;27;Urban;8;1
9576-SYUHJ;Male;0;0;1;1;Fiber optic;1;0;0;Month-to-month;1;Electronic check;9115;336925;162;125924;0,06;4,3;0,84;Silver;39;Urban;20;0
0410-IPFTY;Female;0;1;1;0;Fiber optic;0;1;0;Month-to-month;1;Bank transfer (automatic);8385;267415;84;232581;0,21;4;0,25;Bronze;23;Suburban;2;1
2831-EBWRN;Male;0;0;1;0;DSL;0;0;0;Month-to-month;1;Electronic check;459;19975;19;117170;0,01;4,3;0,1;Silver;18;Rural;12;0
9430-NKQLY;Male;0;1;1;1;0;No internet service;No internet service;No internet service;Two year;1;Credit card (automatic);251;17908;275;123555;0,15;3,1;0,36;Gold;33;Urban;37;1
8414-MYSHR;Male;1;0;1;0;Fiber optic;0;0;0;Month-to-month;1;Electronic check;914;44975;23;225734;0,28;4,8;0,39;Silver;24;Urban;17;1
0247-SLUJI;Male;0;1;1;0;0;No internet service;No internet service;No internet service;Month-to-month;0;Mailed check;197;197;5;198115;0,01;4,9;0,12;Silver;41;Urban;54;1
9402-ORRAH;Female;1;0;1;0;Fiber optic;0;0;0;Month-to-month;1;Electronic check;915;14003;40;184216;0,15;4,2;0,68;Gold;52;Suburban;45;0
6483-OATDN;Male;0;1;1;0;DSL;1;0;0;Month-to-month;1;Credit card (automatic);513;4116;16;145930;0,26;4,8;0,24;Gold;31;Urban;30;1
1293-HHSHJ;Female;0;0;1;0;0;No internet service;No internet service;No internet service;One year;0;Mailed check;211;7410;179;116365;0,18;3,3;0,63;Bronze;21;Urban;28;1
4840-ORQXB;Female;1;0;1;1;Fiber optic;0;1;1;Month-to-month;0;Electronic check;10475;584135;248;142188;0,08;4,6;0,22;Silver;32;Urban;54;1
7599-FKVXZ;Male;0;1;1;1;Fiber optic;0;0;1;Month-to-month;1;Bank transfer (automatic);10615;45127;201;178633;0,12;3,2;0,39;Gold;40;Urban;1;1
3982-DQLUS;Male;1;1;1;1;Fiber optic;1;1;0;Month-to-month;1;Electronic check;8575;568845;347;237745;0,02;3,8;0,86;Bronze;36;Urban;30;0
8610-ZIKJJ;Female;0;1;1;0;0;No internet service;No internet service;No internet service;One year;0;Mailed check;203;319;10;143471;0,27;3,6;0,74;Bronze;31;Suburban;37;1
3756-VNWDH;Male;1;1;1;1;Fiber optic;1;0;0;One year;1;Electronic check;10075;667465;379;228228;0,01;4,2;0,15;Bronze;44;Rural;51;1
7801-KICAO;Female;0;0;1;1;Fiber optic;0;0;0;Month-to-month;1;Electronic check;7415;134575;74;137287;0,02;3,6;0,61;Platinum;53;Suburban;6;0
7673-LPRNY;Female;0;0;1;1;DSL;1;0;1;One year;1;Electronic check;7855;184305;90;212717;0,01;4,3;0,63;Bronze;39;Urban;39;0
8229-TNIQA;Female;0;0;1;0;DSL;0;0;0;Month-to-month;1;Mailed check;453;19695;14;139076;0,07;3,7;0,09;Bronze;28;Urban;9;0
6060-QBMGV;Male;0;1;1;0;0;No internet service;No internet service;No internet service;Two year;0;Credit card (automatic);1985;14338;183;196475;0,08;4,7;0,47;Silver;21;Urban;12;0
7339-POGZN;Female;0;0;1;1;DSL;0;0;0;Month-to-month;0;Electronic check;507;21455;17;130151;0,07;4,3;0,26;Gold;49;Suburban;58;1
2828-SLQPF;Male;0;0;1;0;DSL;0;0;0;Month-to-month;1;Bank transfer (automatic);450;86585;59;147384;0,06;3,4;0,47;Bronze;41;Urban;0;1
4465-VDKIQ;Female;0;0;1;0;Fiber optic;0;1;1;Month-to-month;0;Electronic check;778;13586;102;179865;0,04;3,7;0,78;Gold;51;Urban;36;0
2921-XWDJH;Female;1;1;1;0;Fiber optic;1;0;0;Month-to-month;1;Electronic check;8345;314715;164;113541;0,28;4,7;0,16;Silver;20;Suburban;24;1
6221-AVQYL;Male;0;0;1;1;Fiber optic;0;0;0;Month-to-month;1;Credit card (automatic);7325;13105;8;152847;0,04;3,8;0,12;Silver;19;Urban;29;0
2558-BUOZZ;Male;0;0;1;1;Fiber optic;1;1;0;One year;0;Bank transfer (automatic);948;453585;160;130955;0,06;4,1;0,27;Gold;40;Urban;1;0
9257-AZMTZ;Female;0;1;1;0;0;No internet service;No internet service;No internet service;Two year;0;Bank transfer (automatic);201;107875;114;220362;0,07;4,3;0,95;Bronze;37;Urban;35;0
0003-MKNFE;Male;0;0;1;1;DSL;0;0;0;Month-to-month;0;Mailed check;599;5424;19;241215;0,28;3,7;0,75;Platinum;25;Urban;23;1
0975-UYDTX;Female;0;1;1;1;DSL;1;1;1;One year;1;Credit card (automatic);901;231255;96;235581;0,23;3,6;0,02;Gold;52;Urban;11;1
7743-EXURX;Male;0;1;1;0;DSL;0;0;1;Month-to-month;1;Electronic check;5105;41505;18;167780;0,24;4;0,04;Platinum;20;Urban;4;1
4682-BLBUC;Male;0;1;1;0;DSL;0;1;1;One year;1;Electronic check;7095;325045;194;247813;0,03;3,4;0,26;Gold;49;Urban;55;1
0975-VOOVL;Female;0;0;0;No phone service;DSL;0;1;0;Month-to-month;0;Mailed check;292;985;16;237970;0,25;3,6;0,64;Gold;48;Urban;14;1
5968-VXZLG;Male;0;0;1;0;DSL;0;0;0;Month-to-month;1;Bank transfer (automatic);466;879;11;179919;0,12;3,1;0,46;Bronze;48;Urban;41;1
5569-KGJHX;Female;0;1;1;1;Fiber optic;0;0;0;Month-to-month;1;Bank transfer (automatic);8535;75465;41;192854;0,08;3,6;0,96;Bronze;18;Rural;57;1
4988-IQIGL;Male;1;0;1;1;Fiber optic;0;0;0;Month-to-month;1;Electronic check;7535;7535;2;141768;0,17;3,6;0,22;Bronze;29;Urban;48;1
5201-FRKKS;Male;0;0;1;0;Fiber optic;1;0;0;Month-to-month;0;Bank transfer (automatic);743;195225;136;123262;0,25;4,9;0,59;Bronze;35;Urban;45;1
9799-CAYJJ;Female;1;1;1;0;Fiber optic;0;0;0;Month-to-month;1;Electronic check;693;1538;11;216578;0,23;4,2;0,07;Gold;41;Suburban;6;1
7730-IUTDZ;Male;0;0;1;0;Fiber optic;1;0;0;Month-to-month;1;Electronic check;752;31986;119;100605;0,27;4,6;0,83;Bronze;53;Urban;53;1
0426-TIRNE;Female;0;0;1;0;0;No internet service;No internet service;No internet service;Month-to-month;0;Mailed check;209;209;4;158590;0,28;3,1;0,41;Bronze;46;Urban;1;1
5443-SCMKX;Female;0;1;1;1;Fiber optic;0;1;1;One year;1;Electronic check;943;561015;182;108231;0,07;3,2;0,69;Gold;42;Urban;54;1
8295-KMENE;Female;0;1;1;1;DSL;1;0;1;Two year;1;Mailed check;7645;45195;307;159397;0,13;4,6;0,03;Platinum;40;Rural;2;0
6738-ISCBM;Male;0;0;0;No phone service;DSL;1;0;1;One year;1;Electronic check;540;244025;263;157123;0;4,2;0,44;Gold;20;Rural;3;0
9821-BESNZ;Male;0;0;1;1;Fiber optic;0;1;0;One year;1;Electronic check;10425;68606;139;93515;0,26;3,4;0,09;Gold;47;Suburban;47;1
3678-MNGZX;Male;0;1;1;0;0;No internet service;No internet service;No internet service;Two year;0;Bank transfer (automatic);1995;13777;380;167211;0,05;3,8;0,95;Silver;34;Suburban;15;0
1335-NTIUC;Male;0;0;0;No phone service;DSL;0;0;0;Month-to-month;1;Electronic check;2495;19025;40;249694;0,26;4,1;0,72;Gold;47;Urban;26;1
2916-BQZLN;Male;0;0;1;1;Fiber optic;1;0;1;Month-to-month;1;Electronic check;8475;165195;111;96600;0,01;4,7;0,37;Silver;36;Rural;21;0
4558-CGYCZ;Male;0;0;1;0;0;No internet service;No internet service;No internet service;Month-to-month;0;Mailed check;1975;783;15;238964;0,11;3,1;0,82;Platinum;22;Urban;2;1
2368-GAKKQ;Female;0;0;1;1;Fiber optic;1;1;1;Two year;1;Bank transfer (automatic);11365;793925;377;149310;0,01;4,2;0,03;Bronze;51;Urban;48;1
8710-YGLWG;Male;0;0;1;0;DSL;0;0;0;Month-to-month;1;Mailed check;449;449;2;232873;0,01;4,4;0,01;Gold;26;Urban;57;1
3199-XGZCY;Female;0;0;1;1;Fiber optic;0;0;0;Month-to-month;1;Electronic check;7525;5767;26;248767;0,27;5;0,66;Silver;43;Urban;16;1
3785-KTYSH;Male;0;0;1;1;0;No internet service;No internet service;No internet service;Two year;0;Mailed check;246;12790;120;239925;0,01;4,6;0,29;Silver;22;Urban;21;0
6814-ZPWFQ;Male;1;0;1;1;0;No internet service;No internet service;No internet service;One year;0;Bank transfer (automatic);250;12607;300;215501;0,12;3,6;0,95;Gold;41;Urban;51;1
4063-EIKNQ;Male;0;1;1;0;0;No internet service;No internet service;No internet service;Month-to-month;0;Bank transfer (automatic);2095;26735;57;215678;0,01;4,4;0,44;Gold;48;Suburban;6;0
6993-YCOBK;Male;0;1;1;1;Fiber optic;1;0;1;Two year;1;Electronic check;1106;658685;324;215550;0,11;4,5;0,43;Gold;41;Urban;56;1
5206-HPJKM;Male;0;0;1;0;DSL;1;1;0;Month-to-month;1;Credit card (automatic);555;93415;97;194380;0,05;4,5;0,68;Bronze;38;Suburban;29;0
7587-RZNME;Male;0;0;1;0;DSL;0;0;0;Month-to-month;1;Electronic check;433;12365;7;191780;0,08;4,6;0,77;Bronze;39;Urban;7;0
0748-RDGGM;Male;0;1;1;0;Fiber optic;1;1;1;One year;1;Bank transfer (automatic);1095;753465;247;236547;0,26;4,8;0,48;Bronze;39;Suburban;18;1
8393-JMVMB;Male;0;0;1;0;0;No internet service;No internet service;No internet service;Month-to-month;0;Mailed check;1945;1945;2;146177;0,13;3,2;0,21;Bronze;38;Urban;6;1
5019-GQVCR;Male;1;0;1;1;Fiber optic;0;0;0;Month-to-month;1;Electronic check;8485;36456;122;232802;0,08;3,2;0,77;Bronze;47;Suburban;0;1
6036-TTFYU;Female;0;1;1;0;0;No internet service;No internet service;No internet service;Month-to-month;0;Mailed check;196;31445;46;232185;0,18;4,6;0,32;Gold;27;Urban;15;0
2550-AEVRU;Female;0;1;1;0;DSL;1;1;0;One year;0;Electronic check;5345;30530;220;231083;0,04;3,5;0,18;Silver;20;Urban;49;1
0969-RGKCU;Male;0;1;1;0;0;No internet service;No internet service;No internet service;One year;0;Credit card (automatic);198;67705;113;135746;0,08;3,1;0,63;Gold;46;Suburban;56;1
0378-CJKPV;Female;0;1;1;1;Fiber optic;1;1;1;Two year;0;Credit card (automatic);1121;796595;173;203075;0,16;3,8;0,09;Silver;42;Suburban;57;1
4706-AXVKM;Female;1;0;1;1;Fiber optic;0;0;0;Month-to-month;1;Credit card (automatic);848;90685;29;165195;0,07;4,6;0,97;Silver;19;Urban;39;0
5889-JTMUL;Female;1;1;1;1;Fiber optic;0;1;1;Month-to-month;1;Electronic check;9505;48887;129;116818;0,02;3,3;0,63;Bronze;30;Urban;30;1
9026-RNUJS;Male;1;0;1;0;DSL;0;0;1;Month-to-month;0;Electronic check;5035;23725;29;248393;0,15;4,3;0,99;Gold;44;Urban;38;0
3746-EUBYR;Male;0;1;1;1;Fiber optic;0;0;0;Month-to-month;1;Bank transfer (automatic);746;746;5;101309;0,23;3;0,34;Gold;46;Urban;26;1
2332-EFBJY;Male;0;0;1;0;0;No internet service;No internet service;No internet service;Month-to-month;1;Mailed check;197;3424;93;229760;0,28;3,2;0,97;Bronze;31;Rural;9;1
2880-FPNAE;Male;1;1;1;0;Fiber optic;0;0;1;Month-to-month;1;Electronic check;742;1401;7;108176;0,03;3,7;0,15;Bronze;21;Urban;33;0
1703-MGIAB;Female;0;0;1;1;DSL;0;0;1;Month-to-month;1;Mailed check;690;11080;52;148879;0,01;3,2;0,04;Bronze;25;Suburban;46;1
4311-QTTAI;Female;0;0;1;0;0;No internet service;No internet service;No internet service;One year;0;Credit card (automatic);1935;29555;83;147592;0,01;4,7;0,03;Gold;22;Suburban;13;0
9474-PHLYD;Female;0;0;1;0;DSL;0;0;1;Month-to-month;1;Electronic check;5945;89265;49;164728;0,05;4,7;0,46;Gold;44;Urban;1;0
4318-RAJVY;Female;0;0;1;0;0;No internet service;No internet service;No internet service;One year;1;Mailed check;198;19825;31;220488;0,24;4,5;0,08;Silver;41;Urban;38;1
2165-VOEGB;Female;0;0;1;0;Fiber optic;1;1;0;One year;1;Bank transfer (automatic);1052;482285;134;88584;0,23;3,5;0,51;Bronze;51;Urban;54;1
3612-YUNGG;Male;0;1;1;1;Fiber optic;0;1;1;Two year;1;Credit card (automatic);1092;674115;161;204555;0,15;4;0,33;Bronze;45;Suburban;21;0
2254-DLXRI;Female;0;0;1;1;Fiber optic;0;1;0;Month-to-month;1;Mailed check;7915;7915;3;173302;0,16;3,4;0,34;Bronze;41;Urban;25;1
5062-CJJKH;Male;0;1;1;0;DSL;0;1;1;One year;0;Mailed check;5365;135545;85;202408;0,02;3,6;0,64;Bronze;22;Urban;43;0
9028-LIHRP;Male;0;1;1;0;Fiber optic;1;1;1;Two year;0;Credit card (automatic);1002;72090;333;98830;0,17;4;0,16;Bronze;30;Urban;4;0
2219-MVUSO;Male;0;0;1;0;DSL;0;0;0;Month-to-month;1;Mailed check;4515;4384;18;157066;0,24;4,5;0,77;Bronze;35;Urban;37;1
1053-MXTTK;Female;0;1;1;0;Fiber optic;1;1;1;Two year;1;Bank transfer (automatic);10865;772635;204;83591;0,17;3,2;0,58;Silver;34;Urban;15;1
1530-ZTDOZ;Female;0;1;0;No phone service;DSL;1;0;0;Month-to-month;0;Bank transfer (automatic);4065;207075;256;173878;0,08;3,6;0,91;Bronze;47;Urban;11;0
1301-LOPVR;Male;0;1;0;No phone service;DSL;1;1;1;One year;1;Credit card (automatic);5535;163695;75;205407;0,02;4,9;0,36;Silver;36;Urban;40;0
0853-TWRVK;Male;0;1;1;1;Fiber optic;1;1;1;Two year;0;Bank transfer (automatic);1056;75815;242;196869;0,11;3,9;0,98;Silver;39;Suburban;51;1
8914-RBTSB;Male;0;1;1;1;Fiber optic;0;1;1;Month-to-month;0;Electronic check;938;30195;169;101395;0,16;4,9;0,58;Silver;35;Urban;43;0
6212-ATMLK;Female;0;0;1;1;Fiber optic;0;0;0;Month-to-month;1;Electronic check;957;472975;130;96738;0,15;5;0,97;Silver;43;Suburban;41;0
8200-LGKSR;Male;0;1;1;1;DSL;1;0;1;Two year;0;Electronic check;832;61261;165;213703;0,11;4,1;0,03;Bronze;32;Urban;16;0
1568-BEKZM;Male;1;1;1;1;DSL;1;1;1;Two year;0;Credit card (automatic);9005;63334;275;228977;0,22;3,6;0,73;Gold;45;Suburban;24;1
0670-ANMUU;Male;0;0;1;1;Fiber optic;1;0;0;One year;0;Credit card (automatic);9765;668785;227;99056;0,27;4,6;0,82;Platinum;47;Urban;23;1
6897-RWMUB;Male;0;1;1;0;DSL;1;1;1;Two year;1;Bank transfer (automatic);6805;415825;259;201656;0;3,3;0,05;Bronze;45;Urban;10;1
0963-ZBDRN;Male;0;0;1;0;Fiber optic;0;0;0;Month-to-month;1;Electronic check;962;31834;166;195316;0,28;3,5;0,58;Bronze;37;Suburban;17;1
7594-RQHXR;Female;0;0;1;0;Fiber optic;0;0;0;Month-to-month;1;Electronic check;796;796;2;246519;0,15;4,6;0,08;Gold;21;Suburban;35;1
6999-CHVCF;Male;0;0;1;1;Fiber optic;1;1;1;Two year;1;Bank transfer (automatic);1021;714935;293;134418;0,21;3,9;0,56;Platinum;21;Urban;2;1
6134-KWTBV;Male;0;0;1;1;0;No internet service;No internet service;No internet service;Two year;0;Bank transfer (automatic);234;142965;249;117190;0,26;3,4;0,06;Bronze;54;Urban;18;1
1077-HUUJM;Female;0;0;1;0;Fiber optic;0;0;0;Month-to-month;1;Electronic check;7105;47265;18;106014;0,14;4,3;0,69;Bronze;32;Suburban;5;0
6331-EWIEB;Male;0;0;1;1;Fiber optic;0;0;0;Month-to-month;1;Electronic check;8525;17345;89;205563;0,25;4,5;0,06;Gold;51;Urban;22;1
0895-LNKRC;Male;0;1;1;0;0;No internet service;No internet service;No internet service;One year;0;Mailed check;1945;1135;18;81780;0,05;3,3;0,82;Bronze;28;Suburban;39;1
2045-BMBTJ;Female;1;0;0;No phone service;DSL;1;1;1;Month-to-month;1;Bank transfer (automatic);5945;188465;130;122192;0,05;3,6;0,04;Platinum;40;Rural;6;0
8417-GSODA;Male;0;1;1;1;Fiber optic;0;0;0;One year;0;Bank transfer (automatic);922;256815;65;184875;0,02;3,4;0,14;Bronze;52;Urban;46;1
5171-EPLKN;Male;0;0;1;0;0;No internet service;No internet service;No internet service;Two year;0;Credit card (automatic);1985;4700;103;179129;0,26;3,8;0,28;Gold;52;Suburban;43;1
4452-QIIEB;Male;0;0;1;0;DSL;0;0;0;Month-to-month;0;Mailed check;439;2784;22;123923;0,27;4,5;0,63;Bronze;28;Urban;46;1
5998-VVEJY;Male;0;0;1;1;Fiber optic;0;0;0;Month-to-month;1;Electronic check;805;20888;137;169196;0,19;4,4;0,98;Bronze;19;Suburban;8;0
1624-NALOJ;Male;1;0;1;1;Fiber optic;0;1;0;Month-to-month;1;Electronic check;898;5026;11;82395;0,16;4,3;0,12;Platinum;32;Urban;1;0
6741-EGCBI;Male;1;0;1;1;Fiber optic;1;0;0;Month-to-month;1;Credit card (automatic);905;259585;110;182449;0,01;3;0,14;Bronze;45;Urban;57;1
7820-ZYGNY;Male;0;0;1;1;Fiber optic;0;1;0;One year;0;Credit card (automatic);9045;58255;241;201747;0,29;3,3;0,37;Bronze;48;Suburban;51;1
4317-VTEOA;Male;0;0;1;0;DSL;0;1;0;Month-to-month;1;Electronic check;5075;5075;4;226851;0,01;3,4;0,84;Gold;49;Urban;46;1
9677-AVKED;Female;0;0;1;1;DSL;0;1;1;One year;1;Electronic check;846;444975;227;151028;0,22;3,5;0,47;Bronze;51;Rural;49;1
1670-SVOWZ;Female;0;1;1;0;Fiber optic;0;1;0;Month-to-month;1;Credit card (automatic);8965;120835;65;240794;0,16;3,3;0,32;Bronze;39;Urban;44;1
2227-JRSJX;Female;0;0;1;0;Fiber optic;0;1;0;Month-to-month;1;Bank transfer (automatic);9915;19564;107;218183;0,18;3,8;0,56;Bronze;46;Urban;47;1
9847-HNVGP;Male;0;0;1;0;0;No internet service;No internet service;No internet service;One year;0;Mailed check;1995;3106;92;221056;0,12;3,2;0,26;Silver;25;Urban;46;1
6696-YDAYZ;Male;0;1;1;0;0;No internet service;No internet service;No internet service;Two year;0;Mailed check;205;29055;52;173176;0,29;4,5;0,04;Gold;39;Suburban;10;1
8980-WQFWL;Female;0;0;1;0;DSL;0;0;1;Month-to-month;1;Electronic check;621;20961;145;106924;0,17;4,6;0,33;Gold;29;Urban;2;0
1730-ZMAME;Female;1;0;1;0;Fiber optic;0;0;0;Month-to-month;1;Electronic check;795;26650;171;112577;0,28;4,1;0,08;Silver;40;Suburban;41;1
6506-EYCNH;Female;0;1;1;0;0;No internet service;No internet service;No internet service;Month-to-month;1;Bank transfer (automatic);1955;5438;166;218783;0;3,2;0,92;Bronze;19;Urban;48;1
4634-JLRJT;Female;0;0;1;0;0;No internet service;No internet service;No internet service;Month-to-month;1;Mailed check;2035;2035;5;165548;0,17;4,8;0,76;Bronze;29;Urban;29;0
9501-UKKNL;Male;0;0;0;No phone service;DSL;0;0;0;Month-to-month;1;Electronic check;517;30058;205;205093;0,22;4,9;0,44;Gold;38;Suburban;7;1
2560-QTSBS;Female;0;1;1;1;0;No internet service;No internet service;No internet service;One year;1;Bank transfer (automatic);233;162315;200;215168;0,22;3,4;0,05;Gold;29;Urban;36;1
7541-YLXCL;Male;0;0;1;0;DSL;0;1;0;One year;1;Mailed check;654;24984;142;146555;0,27;4,4;0,13;Platinum;48;Urban;20;1
4795-WRNVT;Female;0;0;1;0;DSL;1;1;0;Month-to-month;0;Mailed check;651;25860;198;169848;0;4,7;0,75;Platinum;26;Rural;7;0
6080-TCMYC;Male;0;1;1;1;Fiber optic;0;0;1;Month-to-month;1;Electronic check;812;32923;158;88254;0;4,1;0,06;Bronze;32;Urban;46;1
0260-ZDLGK;Female;0;0;1;0;DSL;0;0;1;Month-to-month;1;Mailed check;729;6514;35;205410;0,14;3,6;0,09;Silver;49;Suburban;10;0
7860-UXCRM;Male;0;1;1;0;DSL;1;1;1;Two year;0;Credit card (automatic);745;467455;337;217037;0,01;4;0,02;Silver;26;Suburban;40;0
6357-JJPQT;Female;0;0;1;0;Fiber optic;0;0;0;Month-to-month;1;Electronic check;805;23235;10;183025;0,29;4;0,76;Bronze;41;Urban;56;1
2292-XQWSV;Male;0;1;0;No phone service;DSL;0;1;1;One year;0;Mailed check;603;24485;217;210509;0,07;3,8;0,68;Bronze;25;Suburban;57;1
9552-TGUZV;Male;0;1;1;0;Fiber optic;1;0;0;Month-to-month;1;Mailed check;750;6581;29;112963;0,14;4,9;0,27;Gold;45;Suburban;56;1
5913-INRQV;Male;1;1;1;0;Fiber optic;1;0;0;One year;0;Mailed check;9015;31288;112;83273;0,02;4,5;0,67;Silver;35;Suburban;33;0
8722-NGNBH;Male;0;0;0;No phone service;DSL;1;0;1;Month-to-month;0;Mailed check;400;22345;19;95330;0,16;3,5;0,92;Silver;54;Urban;38;0
6210-KBBPI;Male;1;0;1;1;Fiber optic;0;1;0;Month-to-month;1;Credit card (automatic);9945;9194;45;232566;0,11;4,2;0,92;Silver;53;Rural;15;0
9643-YBLUR;Male;0;1;1;1;DSL;0;1;1;Month-to-month;1;Credit card (automatic);6905;65395;22;156422;0,01;4,4;0,72;Gold;54;Suburban;6;0
8734-FNWVH;Male;0;1;1;1;DSL;0;0;0;Month-to-month;0;Bank transfer (automatic);597;18255;86;202089;0,01;3,3;0,05;Bronze;49;Urban;3;1
9447-YPTBX;Female;0;1;1;0;0;No internet service;No internet service;No internet service;One year;1;Bank transfer (automatic);1985;9431;290;83212;0,12;3,7;0,87;Silver;38;Urban;31;0
0133-BMFZO;Female;0;0;1;0;Fiber optic;1;1;0;Month-to-month;1;Electronic check;8625;18165;5;167594;0,03;4,8;0,66;Silver;46;Urban;36;1
6128-CZOMY;Female;0;0;1;0;DSL;0;0;0;Month-to-month;1;Electronic check;4565;4565;4;212152;0,06;4,1;0,31;Gold;35;Suburban;45;1
9540-JYROE;Male;0;0;1;0;Fiber optic;0;0;0;Month-to-month;1;Mailed check;701;55135;34;112675;0,16;3,4;0,19;Silver;40;Rural;21;1
9026-LHEVG;Female;0;0;0;No phone service;DSL;0;1;0;Month-to-month;0;Electronic check;4075;3594;35;102007;0,03;3,2;0,12;Platinum;50;Urban;6;1
2260-USTRB;Female;1;0;1;0;Fiber optic;0;0;0;Month-to-month;1;Bank transfer (automatic);702;11595;9;193805;0,24;4;0,05;Bronze;26;Rural;12;1
3656-TKRVZ;Female;0;0;1;0;DSL;1;1;0;Month-to-month;0;Electronic check;5535;1652;8;162641;0,03;4,1;0,75;Platinum;21;Urban;17;1
7011-CVEUC;Male;0;1;1;0;Fiber optic;0;0;0;Month-to-month;1;Credit card (automatic);957;233835;105;175815;0,29;3,7;0,24;Gold;33;Urban;41;1
6185-TASNN;Male;1;0;1;0;DSL;0;0;0;Month-to-month;0;Electronic check;463;463;3;126815;0,15;4,3;0,02;Silver;20;Urban;33;1
7925-PNRGI;Female;0;1;1;1;DSL;1;1;1;Month-to-month;0;Mailed check;813;35411;209;163482;0,21;3,1;0,04;Bronze;25;Urban;12;1
8623-TMRBY;Male;1;1;1;1;Fiber optic;0;1;1;Month-to-month;1;Electronic check;842;414605;130;80639;0,03;3,3;0,48;Bronze;33;Urban;33;1
1552-CZCLL;Female;0;1;1;0;0;No internet service;No internet service;No internet service;Month-to-month;0;Credit card (automatic);200;108725;235;143593;0,13;4,1;0,17;Gold;19;Suburban;28;0
3038-PQIUY;Female;0;0;1;1;DSL;1;1;1;Month-to-month;1;Bank transfer (automatic);6615;25224;104;158038;0,24;3,1;0,04;Silver;36;Urban;46;1
1501-SGHBW;Male;0;0;1;0;DSL;0;0;0;Month-to-month;0;Mailed check;4585;810;6;173899;0,15;4,8;0,19;Silver;41;Urban;4;0
9313-CDOGY;Male;0;1;1;0;0;No internet service;No internet service;No internet service;Month-to-month;0;Electronic check;196;7173;109;83736;0,21;3,3;0,68;Silver;33;Suburban;53;1
8148-BPLZQ;Male;0;0;1;0;DSL;0;1;0;Month-to-month;1;Electronic check;498;17342;92;96473;0,22;4,3;0,08;Gold;19;Suburban;30;1
2623-DRYAM;Female;0;1;1;1;Fiber optic;0;0;1;One year;1;Electronic check;10175;70693;371;208771;0,08;3,8;0,56;Bronze;49;Rural;10;0
9987-LUTYD;Female;0;0;1;0;DSL;1;0;0;One year;0;Mailed check;5515;7429;40;205801;0,26;3,8;0,15;Bronze;18;Urban;37;1
3208-YPIOE;Male;0;0;1;1;Fiber optic;0;0;0;Month-to-month;0;Electronic check;7525;301765;222;245091;0,14;4,5;0,02;Bronze;35;Rural;50;1
4488-KQFDT;Female;0;0;1;1;Fiber optic;0;1;1;One year;1;Electronic check;10395;64230;358;187598;0,06;4;0,39;Bronze;49;Urban;59;1
2612-RANWT;Female;0;0;1;1;Fiber optic;0;0;1;Month-to-month;1;Bank transfer (automatic);10015;11643;51;166623;0,26;4,5;0,01;Silver;26;Urban;46;1
5693-PIPCS;Male;0;0;1;0;Fiber optic;0;1;0;Two year;1;Credit card (automatic);9965;422035;105;116820;0,13;4;0,17;Gold;20;Rural;3;0
0491-KAPQG;Male;0;0;1;1;Fiber optic;0;0;0;Month-to-month;1;Electronic check;737;15587;73;137589;0,23;4,2;0,35;Bronze;41;Urban;6;1
1925-LFCZZ;Male;1;0;0;No phone service;DSL;0;0;1;One year;1;Bank transfer (automatic);5005;274345;285;98414;0,16;4,5;0,33;Bronze;28;Suburban;22;0
8039-EQPIM;Male;0;1;0;No phone service;DSL;1;0;1;Two year;0;Bank transfer (automatic);6025;40555;239;207378;0,11;4,2;0,75;Silver;45;Suburban;30;0
6900-PXRMS;Male;1;1;1;1;Fiber optic;0;1;1;Month-to-month;0;Electronic check;10575;271025;61;104220;0,24;4,2;0,07;Platinum;33;Urban;53;1
8707-RMEZH;Female;1;1;1;0;Fiber optic;1;1;0;One year;0;Credit card (automatic);873;605555;291;140531;0,18;4,6;0,86;Bronze;46;Suburban;16;0
3346-BRMIS;Female;1;1;0;No phone service;DSL;0;0;1;Month-to-month;1;Electronic check;4835;8107;96;190002;0,12;4,9;0,82;Platinum;29;Urban;9;0
3209-ZPKFI;Male;0;1;1;1;DSL;0;1;0;Month-to-month;0;Electronic check;5425;25382;243;89387;0,03;3,8;0,77;Bronze;21;Urban;21;0
6479-VDGRK;Female;0;1;1;0;DSL;1;1;1;Two year;0;Bank transfer (automatic);853;61292;194;156815;0,27;4,2;0,31;Bronze;43;Suburban;29;1
9373-WSLOY;Male;1;1;0;No phone service;DSL;0;1;1;Month-to-month;1;Electronic check;500;175085;154;107584;0,01;3,2;0,82;Gold;21;Rural;28;1
2933-FILNV;Female;0;1;0;No phone service;DSL;0;0;0;Month-to-month;1;Mailed check;244;3655;5;124783;0,26;3,7;0,18;Silver;28;Urban;16;1
3569-JFODW;Female;0;1;1;1;DSL;1;1;1;Two year;0;Credit card (automatic);9095;665245;206;204494;0,11;3,8;0,12;Gold;19;Rural;42;0
9819-FBNSV;Male;1;1;1;0;Fiber optic;0;0;0;Month-to-month;1;Bank transfer (automatic);7225;257545;203;195814;0,19;4,7;0,04;Gold;48;Urban;20;0
9544-PYPSJ;Female;1;1;1;1;Fiber optic;0;1;1;Month-to-month;1;Credit card (automatic);961;601935;185;210752;0,28;4;0,94;Bronze;20;Urban;21;1
1591-XWLGB;Female;0;1;1;0;0;No internet service;No internet service;No internet service;Two year;0;Credit card (automatic);1985;13796;216;221929;0,05;4,5;0,31;Silver;42;Suburban;47;1
0396-UKGAI;Male;0;0;1;0;DSL;0;1;0;Month-to-month;1;Bank transfer (automatic);553;12842;46;153588;0,17;3;0,92;Silver;51;Urban;38;1
3243-ZHOHY;Female;0;0;1;0;0;No internet service;No internet service;No internet service;One year;0;Mailed check;201;29615;87;228067;0,23;3,9;0,27;Gold;18;Rural;39;1
5186-EJEGL;Male;0;0;1;0;DSL;1;0;1;Month-to-month;1;Mailed check;695;65325;46;93580;0,23;4,8;0,91;Silver;22;Suburban;47;1
7527-QNRUS;Male;0;1;1;1;0;No internet service;No internet service;No internet service;Two year;1;Mailed check;2515;4126;76;98240;0,16;3,4;0,09;Bronze;48;Suburban;47;1
9986-BONCE;Female;0;0;1;0;0;No internet service;No internet service;No internet service;Month-to-month;0;Bank transfer (automatic);2095;855;20;163446;0,19;3,1;0,92;Silver;53;Suburban;56;1
2722-JMONI;Female;1;1;1;0;DSL;1;0;0;Month-to-month;1;Electronic check;4955;4955;2;184533;0,23;3,9;0,05;Platinum;20;Suburban;21;1
2203-GHNWN;Female;0;1;1;1;Fiber optic;0;0;1;Month-to-month;1;Mailed check;7965;19287;91;245938;0,25;4,4;0,87;Bronze;29;Suburban;26;1
3878-AVSOQ;Female;1;0;1;0;Fiber optic;0;0;0;Month-to-month;1;Electronic check;7125;7125;3;160974;0,23;3,9;0,95;Bronze;33;Urban;22;1
3258-SYSWS;Male;1;0;1;1;Fiber optic;1;1;1;Two year;0;Bank transfer (automatic);1138;78458;171;153401;0,11;3,9;0,32;Bronze;25;Rural;3;0
5296-PSYVW;Female;0;1;1;1;0;No internet service;No internet service;No internet service;Two year;0;Electronic check;2455;17507;284;223283;0,03;4,3;0,42;Gold;28;Urban;25;1
6319-QSUSR;Female;0;0;1;0;0;No internet service;No internet service;No internet service;Month-to-month;0;Credit card (automatic);197;2162;62;244340;0,13;3,5;0,72;Bronze;31;Urban;38;0
4083-EUGRJ;Male;0;0;1;0;0;No internet service;No internet service;No internet service;Month-to-month;0;Mailed check;2025;1785;19;83646;0,01;4,5;0,03;Bronze;44;Urban;57;1
7579-OOPEC;Female;1;1;1;0;DSL;0;1;0;Month-to-month;0;Credit card (automatic);5015;1151;6;122816;0,11;3,3;0,75;Silver;35;Rural;16;1
0512-FLFDW;Female;1;1;1;1;Fiber optic;0;0;1;One year;1;Credit card (automatic);1005;60290;169;169460;0,04;3,8;0,07;Bronze;25;Urban;2;0
1771-OADNZ;Male;1;1;1;1;Fiber optic;0;1;1;Month-to-month;1;Electronic check;959;27452;85;124112;0,04;4,3;0,52;Bronze;50;Urban;16;0
0487-CRLZF;Female;0;0;1;0;DSL;0;0;1;Two year;1;Bank transfer (automatic);7445;37219;276;131048;0,08;4,7;0,12;Silver;21;Urban;42;0
2107-FBPTK;Female;1;0;1;1;Fiber optic;0;1;1;Month-to-month;1;Electronic check;1041;31211;116;212850;0,02;4,6;0,29;Bronze;47;Urban;39;0
9451-WLYRI;Female;0;1;1;0;0;No internet service;No internet service;No internet service;One year;0;Credit card (automatic);1905;99045;204;125752;0,21;4,4;0,26;Bronze;37;Urban;18;1
8219-VYBVI;Male;0;0;1;1;0;No internet service;No internet service;No internet service;Two year;0;Mailed check;250;100435;196;150726;0,02;3,7;0,84;Bronze;47;Suburban;38;0
1991-VOPLL;Female;0;0;1;0;0;No internet service;No internet service;No internet service;Month-to-month;0;Mailed check;1905;15765;23;238361;0,06;3,2;0,19;Bronze;44;Urban;17;1
9738-QLWTP;Male;0;0;1;0;Fiber optic;0;0;1;One year;0;Electronic check;819;321975;154;124788;0,03;3,4;0,81;Gold;42;Suburban;59;1
1016-DJTSV;Male;1;0;1;0;Fiber optic;0;0;0;Month-to-month;1;Electronic check;697;57285;29;84747;0,02;4,7;0,79;Silver;23;Urban;27;0
9419-IPPBE;Female;0;1;1;1;Fiber optic;0;0;1;One year;1;Electronic check;9015;455485;223;80045;0,08;4,7;0,05;Silver;22;Urban;52;1
0174-QRVVY;Male;0;1;1;1;0;No internet service;No internet service;No internet service;Two year;0;Credit card (automatic);2535;184755;425;87758;0,17;4,9;0,23;Bronze;31;Suburban;14;0
5699-BNCAS;Male;1;0;1;1;0;No internet service;No internet service;No internet service;Two year;1;Mailed check;2465;176675;360;205076;0,29;3,2;0,23;Bronze;31;Urban;50;1
2900-PHPLN;Female;1;1;1;0;0;No internet service;No internet service;No internet service;Two year;1;Credit card (automatic);1955;146205;251;234509;0,26;4,1;0,46;Gold;51;Urban;25;1
0612-RTZZA;Female;1;0;0;No phone service;DSL;0;0;0;Month-to-month;0;Electronic check;2525;2525;5;230657;0,26;4,3;0,01;Bronze;42;Rural;34;1
8106-GWQOK;Male;0;1;0;No phone service;DSL;1;1;0;Two year;1;Bank transfer (automatic);600;21932;101;220926;0,05;4,4;0,53;Bronze;35;Urban;15;0
8751-EDEKA;Female;0;1;1;0;Fiber optic;0;1;1;Month-to-month;0;Credit card (automatic);899;24335;59;136950;0,08;4,3;0,95;Gold;37;Urban;14;0
6878-GGDWG;Female;0;1;1;0;0;No internet service;No internet service;No internet service;Month-to-month;0;Bank transfer (automatic);194;64115;90;228421;0,02;4,5;0,15;Gold;25;Urban;4;0
4039-PIMHX;Male;1;1;1;0;DSL;0;1;0;Two year;0;Mailed check;498;23984;164;232420;0,23;3,7;0,57;Gold;43;Urban;45;1
8450-LUGUK;Female;0;1;1;1;0;No internet service;No internet service;No internet service;Two year;1;Bank transfer (automatic);241;86185;149;245368;0,02;3,4;0,96;Silver;38;Urban;23;1
3604-WLABM;Female;0;0;1;0;DSL;0;0;1;Month-to-month;0;Electronic check;5425;5830;44;99455;0,17;3,4;0,86;Bronze;44;Suburban;1;1
0795-GMVQO;Male;0;1;1;1;Fiber optic;1;1;1;One year;0;Credit card (automatic);1099;73324;378;168552;0,07;3;0,85;Platinum;49;Urban;58;1
2259-OUUSZ;Male;0;0;0;No phone service;DSL;0;0;1;One year;1;Credit card (automatic);355;24955;28;126116;0,07;3,7;0,82;Platinum;34;Urban;35;0
1142-IHLOO;Female;0;0;1;0;Fiber optic;0;0;0;One year;0;Credit card (automatic);8755;44759;204;200461;0,03;3,2;0,31;Bronze;18;Suburban;51;1
6410-LEFEN;Female;0;0;1;0;DSL;0;0;0;Month-to-month;0;Electronic check;4515;41645;19;120484;0,23;3,6;0,89;Gold;44;Urban;44;1
4633-MKHYU;Female;0;0;1;0;Fiber optic;0;0;0;Month-to-month;1;Mailed check;884;7886;19;241287;0,25;4,3;0,94;Silver;53;Urban;47;1
6257-RJOHI;Male;0;0;1;0;DSL;0;0;0;Month-to-month;1;Mailed check;508;2023;16;161638;0,17;4,8;0,05;Silver;28;Urban;30;0
1545-JFUML;Male;0;1;1;1;Fiber optic;1;1;1;Two year;1;Electronic check;990;69946;266;214476;0,26;4,7;0,35;Bronze;52;Urban;29;1
3194-ORPIK;Female;0;1;1;1;Fiber optic;0;0;0;Month-to-month;1;Bank transfer (automatic);844;411615;267;248332;0,19;3,5;0,41;Silver;53;Urban;11;0
7826-VVKWT;Female;1;1;1;0;Fiber optic;0;0;1;Two year;1;Electronic check;9655;226345;63;180647;0,28;3,3;0,33;Bronze;27;Urban;58;1
1353-GHZOS;Male;0;1;1;0;DSL;1;0;0;One year;1;Bank transfer (automatic);5975;137435;46;145642;0,08;3,4;0,21;Silver;18;Rural;36;1
2587-EKXTS;Male;0;0;1;1;Fiber optic;1;1;1;Month-to-month;1;Electronic check;1115;491515;167;126009;0,18;4,9;0,62;Bronze;39;Urban;53;1
5442-BXVND;Female;0;1;1;1;0;No internet service;No internet service;No internet service;Month-to-month;0;Bank transfer (automatic);2425;8385;97;208824;0,21;4,1;0,56;Silver;34;Suburban;56;1
8816-VXNZD;Female;0;0;1;1;Fiber optic;0;0;0;Month-to-month;1;Electronic check;751;751;2;109605;0,12;3,4;0,46;Silver;29;Urban;20;1
9378-FXTIZ;Female;0;1;1;1;DSL;0;0;0;One year;1;Credit card (automatic);7015;371565;264;190879;0,26;4,7;0,01;Gold;30;Urban;11;1
1723-HKXJQ;Male;0;0;1;1;Fiber optic;0;1;0;Month-to-month;1;Electronic check;10175;427345;102;248641;0,29;3,8;0,08;Bronze;42;Urban;57;1
7825-GKXMW;Female;0;0;1;0;DSL;0;0;0;Month-to-month;0;Electronic check;458;458;4;200827;0,15;4,8;0,17;Gold;43;Urban;39;1
9753-OYLBX;Female;0;0;1;0;0;No internet service;No internet service;No internet service;Month-to-month;0;Mailed check;205;205;3;85580;0,12;3,5;0,11;Bronze;50;Urban;36;1
2364-UFROM;Male;0;0;1;0;DSL;1;1;0;One year;0;Electronic check;704;204475;80;194902;0,14;3,8;0,62;Gold;25;Rural;34;0
6656-JWRQX;Female;0;0;0;No phone service;DSL;0;0;0;Month-to-month;0;Mailed check;3055;3055;3;85400;0,26;4;0,04;Silver;30;Rural;21;1
6473-ULUHT;Male;0;1;1;1;DSL;1;1;0;Month-to-month;0;Electronic check;849;139825;83;176032;0,19;4,8;0,06;Gold;43;Urban;44;0
1240-KNSEZ;Male;0;0;1;0;0;No internet service;No internet service;No internet service;Month-to-month;1;Mailed check;201;201;3;207319;0,01;4,7;0,36;Silver;34;Urban;35;1
0836-SEYLU;Male;0;1;0;No phone service;DSL;0;0;0;Month-to-month;0;Mailed check;4065;32895;45;186960;0,16;4,1;0,77;Silver;41;Urban;52;1
4433-JCGCG;Male;1;1;1;1;Fiber optic;0;0;1;Month-to-month;1;Electronic check;1010;468005;115;119015;0,01;3,4;0,62;Bronze;41;Suburban;7;1
3716-BDVDB;Male;0;0;1;0;Fiber optic;0;0;0;Month-to-month;1;Electronic check;691;691;5;151713;0,23;3,8;0,36;Platinum;29;Urban;26;1
7688-AWMDX;Male;0;1;1;0;DSL;1;0;0;Two year;0;Bank transfer (automatic);545;37782;209;226046;0,01;5;0,19;Gold;48;Urban;26;0
2842-BCQGE;Male;0;0;1;1;Fiber optic;0;0;0;Month-to-month;1;Credit card (automatic);7535;31614;202;225109;0,14;4,2;0,63;Bronze;33;Urban;35;0
7244-QWYHG;Male;0;1;0;No phone service;DSL;1;0;0;One year;1;Bank transfer (automatic);4445;218845;213;227239;0,24;4,6;0,89;Bronze;33;Urban;6;1
5899-MQZZL;Female;0;0;1;1;Fiber optic;0;0;0;Month-to-month;1;Mailed check;750;99945;74;168754;0,01;3,9;0,65;Gold;47;Urban;2;0
6849-OYAMU;Male;0;1;1;0;Fiber optic;0;1;0;One year;0;Bank transfer (automatic);1000;188865;67;123148;0,05;4,1;0,81;Platinum;45;Rural;3;0
5312-UXESG;Female;0;0;1;1;Fiber optic;0;0;1;Month-to-month;0;Bank transfer (automatic);9805;39906;92;232606;0,12;3,9;0,52;Bronze;20;Urban;23;0
9488-HGMJH;Female;1;0;1;0;Fiber optic;0;0;0;Month-to-month;1;Electronic check;7115;7115;2;202790;0,07;4,4;0,72;Platinum;50;Urban;7;1
6038-GCYEC;Female;0;0;0;No phone service;DSL;0;1;1;Month-to-month;1;Credit card (automatic);5415;124025;127;166078;0,01;4,7;0,09;Bronze;41;Rural;44;0
2150-WLKUW;Female;0;1;1;1;DSL;0;1;0;One year;0;Bank transfer (automatic);639;26350;163;136879;0,03;4;0,77;Platinum;47;Urban;12;1
7159-FVYPK;Female;0;1;1;1;DSL;0;1;1;Month-to-month;1;Bank transfer (automatic);6915;2350;15;199894;0,25;4;0,91;Gold;45;Suburban;8;1
7032-LMBHI;Female;0;0;1;1;DSL;1;0;0;One year;0;Bank transfer (automatic);6465;234785;108;145839;0,27;3,7;0,43;Bronze;19;Urban;19;1
1150-WFARN;Female;0;1;1;1;Fiber optic;1;0;1;Two year;1;Credit card (automatic);10875;71562;226;109756;0,28;3,4;0,09;Bronze;30;Urban;57;1
6088-BXMRG;Female;0;1;1;1;Fiber optic;0;1;0;Month-to-month;1;Electronic check;9885;30896;67;223755;0,01;4,9;0,62;Silver;54;Urban;19;0
3144-AUDBS;Female;0;1;1;0;DSL;0;0;0;Month-to-month;1;Electronic check;4915;2708;35;222097;0,09;3,6;0,87;Silver;27;Urban;4;0
4821-SJHJV;Female;0;1;1;1;Fiber optic;1;0;0;Month-to-month;0;Electronic check;896;29018;149;229787;0,07;4,6;0,04;Platinum;30;Urban;45;0
7346-MEDWM;Female;0;0;1;1;Fiber optic;0;1;1;Month-to-month;1;Electronic check;8325;49491;338;172943;0,25;4,4;0,66;Gold;36;Urban;4;1
1137-DGOWI;Female;0;1;1;0;DSL;0;1;1;One year;0;Bank transfer (automatic);7025;21989;91;228188;0,02;4,6;0,85;Silver;23;Urban;34;0
5616-PRTNT;Male;0;0;1;0;0;No internet service;No internet service;No internet service;Month-to-month;1;Electronic check;194;3745;88;116744;0,07;4,9;0,17;Platinum;35;Suburban;0;0
3812-LRZIR;Female;0;1;1;1;0;No internet service;No internet service;No internet service;Two year;0;Electronic check;245;76195;127;204697;0,11;4,2;0,66;Silver;26;Urban;41;0
4818-QIUFN;Female;1;0;1;1;Fiber optic;1;0;0;Month-to-month;1;Electronic check;7915;15209;65;196072;0,15;4,8;0,82;Gold;34;Suburban;14;0
9483-GCPWE;Male;0;0;1;0;0;No internet service;No internet service;No internet service;One year;0;Mailed check;201;19025;48;213196;0,16;3,3;0,29;Gold;21;Urban;16;1
4227-OJHAL;Female;0;1;1;1;DSL;1;1;1;One year;1;Credit card (automatic);730;51630;393;249123;0,27;4,3;0,41;Platinum;23;Suburban;11;1
9220-CXRSC;Female;0;1;1;1;DSL;1;0;0;Two year;0;Credit card (automatic);614;405985;382;87176;0,11;4,5;0,57;Bronze;28;Urban;45;0
4993-JCRGJ;Male;0;0;1;1;Fiber optic;0;0;1;Month-to-month;1;Mailed check;843;22816;128;171310;0,27;3,5;0,52;Silver;43;Urban;55;1
9537-JALFH;Male;0;1;1;0;0;No internet service;No internet service;No internet service;Two year;0;Bank transfer (automatic);199;13567;214;229748;0,13;4,5;0,04;Silver;28;Urban;35;0
6698-OXETB;Male;0;0;1;0;0;No internet service;No internet service;No internet service;Two year;0;Mailed check;204;23145;34;125177;0,22;4,6;0,01;Silver;25;Suburban;42;1
2103-ZRXFN;Male;0;0;1;1;DSL;0;0;0;Month-to-month;0;Mailed check;5075;5075;5;190623;0,28;4,7;0,01;Silver;20;Rural;57;1
3724-BSCVH;Male;0;1;1;0;0;No internet service;No internet service;No internet service;One year;0;Mailed check;2045;2424;20;80997;0,27;3,6;0,26;Gold;19;Urban;14;1
4877-TSOFF;Female;0;1;1;1;DSL;1;1;0;One year;1;Bank transfer (automatic);7575;426425;267;200179;0,02;4,4;0,25;Bronze;35;Suburban;13;0
9209-NWPGU;Male;0;0;1;0;DSL;1;0;0;One year;0;Electronic check;654;277455;212;200403;0,06;3,6;0,74;Silver;19;Urban;26;0
6961-VCPMC;Male;1;1;1;0;Fiber optic;0;0;0;Month-to-month;1;Electronic check;804;36052;206;222303;0,14;4,5;0,57;Bronze;43;Urban;49;1
7306-YDSOI;Male;0;1;1;0;DSL;1;1;1;Two year;1;Bank transfer (automatic);5975;40699;411;175287;0,13;3,9;0,76;Bronze;29;Suburban;21;0
5288-AHOUP;Male;1;0;1;0;Fiber optic;0;0;0;Month-to-month;1;Electronic check;785;8742;35;199574;0,19;4,2;0,07;Silver;54;Urban;8;0
6688-UZPWD;Female;0;1;1;1;Fiber optic;0;1;0;Month-to-month;1;Electronic check;1020;114535;36;201509;0,28;3,8;0,49;Bronze;43;Urban;46;1
0655-YDGFJ;Male;0;0;1;0;DSL;0;0;1;Month-to-month;0;Bank transfer (automatic);4895;13237;67;165447;0,03;3,3;0,32;Bronze;53;Suburban;20;1
8468-EHYJA;Female;0;1;1;1;Fiber optic;1;0;0;Month-to-month;1;Electronic check;9965;549705;214;189522;0,14;3,4;0,85;Silver;33;Suburban;2;1
6823-SIDFQ;Male;0;0;1;0;0;No internet service;No internet service;No internet service;One year;0;Credit card (automatic);1825;5347;85;161144;0,06;3,2;0,71;Bronze;31;Urban;51;1
1097-FSPVW;Female;0;0;1;0;DSL;1;0;1;Month-to-month;0;Credit card (automatic);5455;245505;141;172693;0,27;4,2;0,87;Bronze;19;Urban;30;1
2839-RFSQE;Female;0;0;1;0;0;No internet service;No internet service;No internet service;Month-to-month;0;Mailed check;2065;387;10;174315;0,29;4,7;0,05;Gold;38;Urban;12;1
8328-SKJNO;Male;0;0;0;No phone service;DSL;1;1;0;One year;0;Bank transfer (automatic);4065;9474;132;107387;0,14;3;0,72;Gold;24;Urban;1;1
7010-ZMVBF;Female;0;1;1;0;0;No internet service;No internet service;No internet service;Month-to-month;0;Mailed check;2045;3570;49;84090;0,03;3,1;0,54;Bronze;28;Urban;46;1
5201-CBWYG;Male;0;1;1;1;0;No internet service;No internet service;No internet service;One year;0;Bank transfer (automatic);248;147625;216;200846;0,24;3,9;0,83;Bronze;46;Rural;13;1
0968-GSIKN;Female;0;0;1;0;Fiber optic;0;0;0;Month-to-month;1;Mailed check;708;708;5;236017;0,21;4,5;0,51;Platinum;54;Urban;6;1
1965-DDBWU;Male;0;0;1;1;Fiber optic;0;0;0;Month-to-month;1;Credit card (automatic);8905;14486;35;120239;0,11;3,3;0,54;Bronze;45;Urban;28;1
9057-SIHCH;Female;0;0;1;1;Fiber optic;0;0;0;Month-to-month;1;Electronic check;966;2919;7;83743;0,27;3,5;0,05;Silver;21;Rural;3;1
6352-GIGGQ;Male;0;0;1;1;DSL;1;1;1;One year;1;Bank transfer (automatic);888;590315;177;110924;0,29;3,5;0,67;Silver;21;Suburban;3;1
3635-QQRQD;Male;0;0;1;0;0;No internet service;No internet service;No internet service;Two year;1;Credit card (automatic);2005;120165;271;221268;0,17;3,8;0,27;Gold;44;Urban;23;0
6771-XWBDM;Female;0;1;1;1;Fiber optic;0;1;1;Month-to-month;1;Credit card (automatic);1045;592135;148;210160;0,17;3,4;0,02;Platinum;23;Urban;41;1
2897-DOVND;Male;0;0;1;0;Fiber optic;0;0;0;Month-to-month;1;Electronic check;698;14665;11;171815;0,09;3,7;0,07;Bronze;51;Rural;20;0
3082-YVEKW;Female;0;1;1;1;DSL;1;0;1;Two year;1;Bank transfer (automatic);7715;17594;87;185312;0,18;4,5;0,96;Silver;35;Urban;50;1
0191-EQUUH;Female;0;0;0;No phone service;DSL;1;0;0;Two year;0;Bank transfer (automatic);3505;84445;100;148860;0,13;4,2;0,35;Silver;47;Urban;44;0
7134-HBPBS;Female;1;0;1;1;Fiber optic;0;1;1;Two year;1;Bank transfer (automatic);1081;777405;215;160399;0,09;3,2;0,87;Platinum;50;Urban;27;1
3489-HHPFY;Female;0;1;1;1;Fiber optic;0;0;0;Month-to-month;1;Electronic check;8405;13405;7;128795;0,02;4,3;0,96;Gold;37;Urban;37;0
2926-JEJJC;Female;0;0;1;0;0;No internet service;No internet service;No internet service;One year;1;Bank transfer (automatic);202;14095;37;131553;0,08;4;0,94;Silver;53;Urban;7;0
8601-QACRS;Female;0;0;1;1;DSL;0;0;0;Month-to-month;1;Mailed check;506;24995;25;183976;0,06;4,9;0,88;Gold;22;Suburban;41;0
4950-BDEUX;Male;0;0;0;No phone service;DSL;0;0;1;Month-to-month;0;Electronic check;492;170165;175;235183;0,16;3,6;0,89;Bronze;52;Suburban;16;0
5789-LDFXO;Male;0;0;1;1;0;No internet service;No internet service;No internet service;One year;0;Electronic check;246;59265;103;193566;0,18;4,5;0,29;Bronze;36;Urban;8;0
0508-OOLTO;Female;0;1;1;0;Fiber optic;0;0;0;Month-to-month;1;Electronic check;7165;13575;11;199968;0,18;4,5;0,15;Bronze;29;Suburban;45;0
2984-TBYKU;Male;0;1;1;1;Fiber optic;1;1;1;Two year;1;Credit card (automatic);1049;773265;379;141600;0,12;3,4;0,64;Bronze;43;Urban;19;1
9822-WMWVG;Female;0;0;1;1;Fiber optic;1;1;1;Month-to-month;1;Electronic check;1065;42824;206;130022;0,13;4,8;0,49;Silver;36;Suburban;4;0
2391-SOORI;Male;0;0;1;0;DSL;1;0;0;Month-to-month;0;Electronic check;4935;21965;8;214271;0,25;4;0,01;Gold;28;Suburban;57;1
9040-KZVWO;Male;0;0;1;0;Fiber optic;0;1;0;One year;0;Bank transfer (automatic);755;20181;52;130897;0,14;4,4;0,68;Silver;37;Suburban;34;0
2645-QTLMB;Male;0;0;1;0;Fiber optic;0;1;0;Month-to-month;1;Electronic check;9425;6690;19;118038;0,03;3,3;0,56;Silver;26;Urban;40;1
4806-HIPDW;Female;0;1;1;0;Fiber optic;0;0;0;Month-to-month;1;Electronic check;6895;6895;4;203323;0,13;3,5;0,86;Bronze;37;Suburban;28;1
1548-ARAGG;Female;0;1;1;1;DSL;0;1;0;Month-to-month;1;Mailed check;585;22485;14;200278;0,19;4,2;0,61;Silver;44;Urban;11;0
6339-RZCBJ;Male;0;0;1;0;DSL;0;1;1;Two year;0;Credit card (automatic);789;37715;173;191054;0,02;3,6;0,57;Silver;22;Urban;53;1
4424-TKOPW;Male;1;0;1;1;Fiber optic;0;0;0;Month-to-month;1;Electronic check;9385;19675;11;87897;0,02;4;0,44;Silver;27;Urban;31;0
4415-WNGVR;Female;1;1;1;0;DSL;1;0;1;One year;1;Electronic check;792;94385;66;144541;0,26;3,7;0,46;Bronze;26;Urban;30;1
2522-AHJXR;Male;0;1;1;1;Fiber optic;1;0;1;Month-to-month;1;Bank transfer (automatic);10945;657285;338;186968;0,28;4,3;0,95;Silver;42;Urban;30;1
0412-UCCNP;Male;0;0;1;0;DSL;1;0;1;Two year;1;Electronic check;592;317585;179;94892;0,03;4;0,14;Silver;30;Urban;0;1
1816-FLZDK;Male;0;0;0;No phone service;DSL;0;0;0;Month-to-month;0;Mailed check;2915;2915;4;219343;0,08;3;0,45;Silver;49;Urban;56;1
7096-UCLNH;Male;0;0;1;0;0;No internet service;No internet service;No internet service;Month-to-month;0;Mailed check;2005;2005;3;104815;0,17;4,3;0,66;Bronze;25;Suburban;42;1
8443-ZRDBZ;Male;0;0;1;1;Fiber optic;0;0;0;Month-to-month;1;Electronic check;7605;3189;11;125612;0,14;3,8;0,43;Bronze;44;Urban;4;0
9136-ALYBR;Male;0;0;0;No phone service;DSL;0;0;0;Month-to-month;1;Mailed check;2445;2445;2;244429;0,17;3,7;0,28;Bronze;39;Urban;50;1
4615-PIVVU;Female;0;0;1;0;DSL;0;0;1;Two year;0;Credit card (automatic);665;276275;141;96267;0,05;3,2;0,29;Gold;45;Urban;35;1
8885-QSQBX;Female;0;0;1;0;DSL;1;0;0;Month-to-month;0;Bank transfer (automatic);4955;4955;3;98268;0,26;3,4;0,23;Gold;35;Urban;11;1
7479-NITWS;Male;0;0;1;1;Fiber optic;0;0;1;Month-to-month;1;Credit card (automatic);8935;63185;37;194463;0,27;3,4;0,34;Platinum;40;Urban;15;1
8617-ENBDS;Male;0;0;1;0;Fiber optic;0;0;1;Month-to-month;1;Credit card (automatic);736;2325;7;225335;0,13;4,9;0,87;Silver;48;Suburban;15;0
9385-NXKDA;Female;0;1;1;1;DSL;1;1;1;Two year;1;Credit card (automatic);8265;591935;355;175347;0,08;3,9;0,51;Bronze;51;Suburban;20;0
0430-IHCDJ;Male;0;0;1;1;DSL;0;0;0;Month-to-month;1;Electronic check;490;74925;61;174542;0,04;3,1;0,24;Gold;24;Urban;32;1
2959-MJHIC;Male;0;1;1;0;Fiber optic;0;0;0;Month-to-month;1;Electronic check;8035;3074;12;146612;0,21;3,3;0,38;Silver;22;Urban;25;1
6674-KVJHG;Female;0;0;1;1;0;No internet service;No internet service;No internet service;One year;0;Electronic check;252;24515;43;218307;0,09;3,2;0,11;Bronze;38;Urban;2;1
1814-DKOLC;Female;0;0;1;1;0;No internet service;No internet service;No internet service;Month-to-month;0;Mailed check;2545;13475;15;168757;0,27;4,2;0,09;Gold;23;Urban;22;1
4201-JMNGR;Female;1;0;1;0;DSL;1;0;1;Month-to-month;1;Electronic check;558;558;4;227489;0,02;3,4;0,41;Bronze;52;Rural;24;1
9351-HXDMR;Male;0;1;1;1;Fiber optic;1;0;1;Two year;1;Credit card (automatic);1109;824085;268;178075;0,19;4;0,98;Bronze;40;Urban;53;1
3537-HPKQT;Female;0;1;1;1;Fiber optic;0;1;0;Month-to-month;1;Credit card (automatic);7775;42664;146;114609;0,17;3,7;0,35;Gold;20;Suburban;19;0
2129-ALKBS;Female;0;1;1;1;0;No internet service;No internet service;No internet service;Month-to-month;1;Electronic check;262;10775;98;182785;0,01;4,6;0,84;Gold;50;Rural;46;1
5821-MMEIL;Female;0;1;1;0;0;No internet service;No internet service;No internet service;Two year;0;Bank transfer (automatic);199;11156;238;244974;0,28;3,6;0,26;Gold;40;Urban;51;1
5960-WPXQM;Male;0;0;1;0;Fiber optic;0;0;0;Month-to-month;1;Electronic check;7905;7905;5;103645;0,19;3,9;0,08;Bronze;33;Urban;56;1
0684-AOSIH;Male;0;1;1;0;Fiber optic;1;0;0;Month-to-month;1;Electronic check;950;950;3;142233;0,03;4,4;0,03;Gold;42;Urban;48;1
8260-NGFNY;Female;0;0;0;No phone service;DSL;0;0;0;Month-to-month;0;Mailed check;252;252;4;191443;0,16;3,9;0,61;Gold;33;Urban;53;1
1309-XGFSN;Male;1;1;1;1;DSL;0;1;1;One year;1;Electronic check;8085;407955;241;234473;0,21;4,6;0,31;Gold;42;Urban;35;1
1866-RZZQS;Male;1;0;1;1;Fiber optic;0;0;1;Month-to-month;1;Electronic check;984;418775;234;87771;0,02;4,3;0,44;Gold;24;Rural;34;0
6968-URWQU;Male;0;1;1;0;DSL;0;0;0;One year;1;Mailed check;5635;239115;227;182601;0,19;3,8;0,82;Silver;25;Rural;42;0
4742-TXUEX;Female;0;1;1;0;0;No internet service;No internet service;No internet service;Two year;0;Bank transfer (automatic);193;8905;200;213014;0,23;4;0,25;Bronze;20;Suburban;32;1
9631-XEYKE;Male;0;0;1;1;DSL;0;0;0;Month-to-month;0;Bank transfer (automatic);504;13725;13;231460;0,23;4,9;0,31;Gold;22;Suburban;4;1
8631-NBHFZ;Male;1;1;1;1;DSL;1;1;1;Two year;0;Credit card (automatic);794;51546;369;205224;0,23;4,3;0,85;Silver;36;Urban;3;1
1335-MXCSE;Male;0;1;1;0;DSL;0;0;1;Two year;1;Credit card (automatic);5525;31199;197;163251;0,07;4,8;0,49;Bronze;24;Urban;57;1
8873-TMKGR;Male;0;0;1;0;0;No internet service;No internet service;No internet service;One year;0;Mailed check;191;5295;95;137042;0,29;3,4;0,83;Gold;39;Urban;51;1
8800-JOOCF;Female;0;0;1;1;Fiber optic;0;0;0;Month-to-month;1;Electronic check;8405;96655;24;133740;0,03;4;0,37;Silver;43;Urban;7;1
1469-LBJQJ;Female;0;1;1;1;Fiber optic;0;1;1;Month-to-month;1;Electronic check;1052;693685;350;127024;0,02;4,8;0,04;Silver;42;Urban;10;0
4958-XCBDQ;Male;1;0;1;1;Fiber optic;0;0;1;Month-to-month;1;Electronic check;1014;34963;182;234522;0,28;3,6;0,17;Bronze;23;Suburban;42;1
8337-UPOAQ;Male;1;1;1;1;Fiber optic;0;0;1;Month-to-month;1;Electronic check;898;9143;24;136965;0,09;4,9;0,92;Bronze;22;Urban;49;1
0064-YIJGF;Male;0;1;1;1;Fiber optic;0;0;0;Month-to-month;1;Bank transfer (automatic);7575;19290;116;90057;0,21;3,2;0,09;Bronze;39;Urban;26;1
2386-OWURY;Female;0;0;1;0;Fiber optic;0;0;0;Month-to-month;1;Electronic check;953;58177;223;88983;0,01;4,8;0,98;Gold;48;Suburban;9;0
1725-IQNIY;Male;0;1;1;0;Fiber optic;1;1;1;Two year;0;Bank transfer (automatic);10975;61102;133;210469;0,29;3,9;0,04;Bronze;39;Suburban;58;1
0310-VQXAM;Male;0;0;1;0;0;No internet service;No internet service;No internet service;Month-to-month;0;Mailed check;1985;1788;53;99995;0,03;3,1;0,82;Bronze;28;Urban;57;1
6598-RFFVI;Male;0;0;1;0;0;No internet service;No internet service;No internet service;One year;0;Credit card (automatic);193;283;5;194587;0,15;4,8;0,41;Platinum;49;Urban;44;0
3453-RTHJQ;Male;0;0;1;0;Fiber optic;0;0;0;Month-to-month;1;Electronic check;691;4350;13;118886;0,13;3,5;0,45;Bronze;34;Suburban;19;0
6712-OAWRH;Female;1;0;1;0;Fiber optic;0;0;0;Month-to-month;1;Electronic check;9125;23518;113;169025;0,01;3;0,83;Silver;39;Urban;31;1
6278-FEPBZ;Female;0;0;1;0;0;No internet service;No internet service;No internet service;Month-to-month;0;Mailed check;2025;18615;44;175149;0,19;3,3;0,18;Platinum;33;Suburban;47;1
4280-DLSHD;Male;0;1;1;0;DSL;0;1;1;Month-to-month;1;Mailed check;5475;44585;17;174020;0,04;4,3;0,22;Silver;32;Urban;26;0
1508-DFXCU;Male;0;0;1;0;Fiber optic;0;0;0;Month-to-month;1;Electronic check;8145;9120;55;82673;0,21;5;0,31;Gold;25;Suburban;48;1
8614-VGMMV;Female;0;0;1;1;DSL;0;0;0;Month-to-month;1;Electronic check;491;67955;61;245962;0,29;3,2;0,79;Platinum;20;Suburban;17;1
7868-BGSZA;Male;0;1;1;1;DSL;1;0;1;One year;1;Electronic check;802;35816;103;157513;0,24;3,9;0,37;Gold;30;Suburban;25;1
2800-QQUSO;Male;0;0;1;1;Fiber optic;0;0;0;Month-to-month;1;Electronic check;1003;422295;112;103466;0,26;3,4;0,36;Silver;47;Urban;57;1
2930-UOTMB;Female;0;0;1;1;DSL;1;0;1;Month-to-month;0;Credit card (automatic);6525;19943;132;172545;0,11;4,5;0,1;Bronze;45;Urban;34;0
7973-DZRKH;Female;0;0;1;1;Fiber optic;1;0;1;Two year;1;Credit card (automatic);9095;593005;210;130406;0,01;3,2;0,38;Silver;26;Suburban;27;1
5914-DVBWJ;Female;1;0;1;1;Fiber optic;0;1;0;Month-to-month;1;Electronic check;8545;150585;103;214760;0,16;3,5;0,25;Gold;29;Urban;0;0
7698-YFGEZ;Male;0;0;1;0;0;No internet service;No internet service;No internet service;Month-to-month;0;Mailed check;200;200;5;149284;0,01;3,4;0,62;Gold;42;Suburban;33;1
2533-QVMSK;Male;0;1;1;1;Fiber optic;0;1;0;Two year;1;Electronic check;941;56383;361;194579;0,28;4,1;0,08;Gold;54;Suburban;54;1
9773-PEQBZ;Male;0;0;1;1;Fiber optic;0;1;0;Month-to-month;0;Electronic check;7985;79725;30;93665;0,04;4,7;0,07;Silver;38;Urban;25;0
8644-XLFBW;Male;1;0;1;0;Fiber optic;0;0;0;Month-to-month;1;Electronic check;7165;7165;5;100641;0,27;4;0,62;Silver;36;Rural;57;1
0650-BWOZN;Female;1;0;1;0;Fiber optic;0;1;0;Month-to-month;1;Electronic check;7355;135945;67;243572;0,03;3,1;0,04;Bronze;25;Urban;5;1
8625-AZYZY;Male;0;1;1;1;Fiber optic;0;1;1;Month-to-month;1;Electronic check;10465;254245;81;115797;0,25;4,1;0,53;Bronze;20;Suburban;49;1
7785-RDVIG;Female;0;1;1;0;0;No internet service;No internet service;No internet service;Month-to-month;0;Mailed check;193;547;6;125950;0,05;4,6;0,26;Gold;39;Suburban;48;1
9602-WCXPI;Male;0;0;1;0;0;No internet service;No internet service;No internet service;One year;0;Credit card (automatic);2015;98905;110;236118;0,01;3,3;0,31;Bronze;18;Urban;57;1
2903-YYTBW;Male;0;1;1;0;DSL;0;0;0;Month-to-month;0;Electronic check;4455;4455;4;209554;0,22;3,1;0,47;Bronze;36;Urban;45;1
3620-MWJNE;Male;0;0;1;0;DSL;1;0;0;Month-to-month;1;Mailed check;5445;873;7;182339;0,08;3,4;0,93;Gold;38;Suburban;24;1
8573-JGCZW;Male;0;0;1;0;0;No internet service;No internet service;No internet service;One year;1;Bank transfer (automatic);1965;35155;49;193431;0,21;4,5;0,71;Bronze;30;Urban;16;1
6837-HAEVO;Male;0;1;1;1;Fiber optic;0;1;1;Two year;1;Electronic check;1050;729775;307;220710;0,17;4,2;0,94;Platinum;44;Urban;25;0
6701-YVNQG;Male;0;1;1;1;DSL;1;1;1;Two year;1;Credit card (automatic);887;63017;216;101173;0,03;4,1;0,66;Bronze;34;Suburban;20;0
9306-CPCBC;Female;0;0;1;1;Fiber optic;0;0;0;Month-to-month;1;Electronic check;7425;2103;12;224294;0,28;3,5;0,01;Platinum;37;Urban;31;1
4304-XUMGI;Male;1;1;1;1;DSL;1;1;1;Two year;1;Bank transfer (automatic);7515;382245;171;248082;0,14;3,7;0,27;Silver;47;Urban;24;0
9504-YAZWB;Female;0;0;1;0;0;No internet service;No internet service;No internet service;Two year;0;Mailed check;2025;104845;280;98095;0,22;4,9;0,91;Bronze;28;Urban;31;1
8819-ZBYNA;Female;0;1;1;1;Fiber optic;1;1;0;Two year;1;Credit card (automatic);1091;639365;306;203554;0,15;3,5;0,64;Silver;44;Urban;40;0
6174-NRBTZ;Male;0;0;0;No phone service;DSL;1;0;0;One year;1;Bank transfer (automatic);3075;14893;179;212511;0,18;4,8;0,98;Gold;45;Suburban;53;1
9481-IEBZY;Male;1;1;1;1;Fiber optic;1;1;1;Month-to-month;1;Credit card (automatic);1129;80615;245;205614;0,09;4,2;0,16;Silver;43;Suburban;18;0
1833-VGRUM;Female;1;0;1;1;Fiber optic;0;0;0;Month-to-month;1;Electronic check;742;742;3;216447;0,06;3,2;0,03;Silver;50;Rural;1;1
6137-NICCO;Female;0;1;1;1;Fiber optic;0;1;1;Month-to-month;1;Mailed check;9405;51875;31;169023;0,16;3,9;0,36;Platinum;49;Urban;34;0
9065-ZCPQX;Male;0;1;1;1;DSL;1;1;1;Two year;0;Bank transfer (automatic);7885;576315;238;187181;0,13;4,9;0,33;Bronze;42;Suburban;15;0
6402-EJMWF;Male;0;0;1;0;DSL;0;0;0;Month-to-month;1;Mailed check;553;2385;11;100600;0,12;3,8;0,25;Gold;41;Urban;15;0
3620-EHIMZ;Female;0;1;1;0;0;No internet service;No internet service;No internet service;Two year;0;Mailed check;1935;10317;121;82466;0,02;4,7;0,44;Bronze;44;Urban;32;0
3213-VVOLG;Male;0;1;1;1;0;No internet service;No internet service;No internet service;Two year;0;Mailed check;2535;1397475;0;189934;0,21;3,5;0,64;Silver;39;Suburban;50;1
6870-ECSHE;Female;0;0;1;0;0;No internet service;No internet service;No internet service;One year;0;Mailed check;2045;348;7;133276;0,01;4,1;0,31;Bronze;37;Urban;49;1
8747-UDCOI;Female;0;1;1;0;0;No internet service;No internet service;No internet service;Two year;0;Bank transfer (automatic);1935;131995;348;86928;0,01;4,7;0,08;Silver;50;Urban;23;0
8374-XGEJJ;Male;1;1;1;1;Fiber optic;0;1;0;Month-to-month;1;Electronic check;1010;43884;124;135309;0,12;4,8;0,71;Bronze;22;Urban;30;0
2656-TABEH;Male;0;1;1;1;Fiber optic;0;1;0;Month-to-month;1;Electronic check;1002;4202;14;196196;0,03;4;0,46;Bronze;46;Suburban;41;0
6946-LMSQS;Male;1;1;1;1;Fiber optic;1;0;0;One year;1;Electronic check;8905;217745;130;89404;0,07;4,3;0,56;Silver;22;Suburban;22;0
4626-OZDTJ;Female;0;1;1;1;DSL;0;1;0;One year;1;Credit card (automatic);7865;395085;270;244711;0,02;3;0,46;Silver;34;Urban;16;1
9169-BSVIN;Male;0;0;1;1;DSL;0;0;1;Month-to-month;0;Bank transfer (automatic);7475;82705;42;193187;0,03;3,5;0,89;Silver;46;Urban;32;1
2325-ZUSFD;Female;0;1;1;0;DSL;1;0;0;One year;1;Bank transfer (automatic);701;39133;218;190449;0,22;3,6;0,56;Silver;28;Urban;36;1
8194-PEEBY;Female;0;1;1;0;0;No internet service;No internet service;No internet service;One year;0;Mailed check;199;5335;77;107684;0,03;3,2;0,92;Bronze;39;Urban;35;1
6872-HXFNF;Female;0;1;1;1;DSL;0;0;1;One year;0;Bank transfer (automatic);5835;375645;366;148591;0,01;3,6;0,51;Platinum;48;Suburban;55;1
3932-CMDTD;Female;0;0;1;0;Fiber optic;0;1;1;One year;1;Electronic check;10565;4439;9;199821;0,22;3,6;0,29;Bronze;18;Rural;55;1
7714-YXSMB;Female;0;0;1;1;Fiber optic;0;0;1;Month-to-month;1;Bank transfer (automatic);1005;259995;149;82682;0,13;4,9;0,36;Bronze;32;Rural;18;0
8387-UGUSU;Female;0;1;1;0;0;No internet service;No internet service;No internet service;Month-to-month;0;Mailed check;2005;2843;71;191186;0,24;4,3;0,52;Silver;36;Suburban;20;1
1080-BWSYE;Male;1;1;1;1;0;No internet service;No internet service;No internet service;Two year;0;Credit card (automatic);2565;17408;264;249118;0,28;3,9;0,53;Gold;27;Suburban;38;1
4039-HEUNW;Male;1;1;1;1;Fiber optic;0;1;0;Month-to-month;1;Electronic check;965;34361;76;101832;0,18;5;0,69;Bronze;26;Suburban;39;0
1194-HVAIF;Female;0;1;1;1;Fiber optic;0;0;0;Month-to-month;0;Credit card (automatic);950;246255;105;96997;0,06;3,3;0,22;Bronze;30;Rural;18;1
0812-WUPTB;Male;1;1;1;0;Fiber optic;0;0;0;Month-to-month;0;Mailed check;7085;7085;3;114640;0,23;4;0,66;Gold;43;Suburban;7;1
3594-UVONA;Female;0;0;1;1;DSL;1;0;1;One year;1;Credit card (automatic);8595;31101;92;120491;0,29;4,3;0,78;Silver;23;Urban;25;1
0004-TLHLJ;Male;0;0;1;0;Fiber optic;0;0;1;Month-to-month;1;Electronic check;739;28085;18;143043;0,17;3,1;0,68;Silver;19;Urban;40;1
1767-TGTKO;Female;0;1;1;0;DSL;0;0;0;Month-to-month;1;Electronic check;4545;41175;47;192175;0,02;4,4;0,48;Platinum;46;Urban;50;1
8439-LTUGF;Male;0;0;1;0;0;No internet service;No internet service;No internet service;Month-to-month;1;Credit card (automatic);200;1986;42;208568;0,01;3,2;0,99;Bronze;29;Suburban;59;1
8805-JNRAZ;Female;0;0;1;0;DSL;0;1;0;Month-to-month;0;Mailed check;492;1037;9;194250;0,11;3,3;0,04;Silver;40;Urban;17;1
5089-IFSDP;Female;0;1;1;1;Fiber optic;1;1;1;Two year;1;Bank transfer (automatic);10945;614455;131;152725;0,22;3,3;0,11;Bronze;20;Suburban;13;1
6418-HNFED;Male;0;1;1;0;DSL;1;1;1;Two year;1;Credit card (automatic);8325;408945;187;208131;0,28;4,9;0,82;Bronze;28;Suburban;17;1
0206-OYVOC;Female;0;1;1;0;0;No internet service;No internet service;No internet service;Two year;1;Mailed check;1925;8642;113;125520;0,19;4,4;0,21;Bronze;22;Urban;36;0
7291-CDTMJ;Male;0;0;1;0;0;No internet service;No internet service;No internet service;Month-to-month;1;Bank transfer (automatic);1965;1965;4;142919;0,24;4,3;0,71;Silver;27;Urban;27;1
7128-GGCNO;Male;0;0;1;1;Fiber optic;0;0;0;Month-to-month;0;Bank transfer (automatic);728;32494;264;189869;0,05;4,1;0,18;Bronze;23;Suburban;57;1
0237-YFUTL;Female;0;1;1;1;Fiber optic;1;1;0;Month-to-month;1;Bank transfer (automatic);10965;54058;232;144442;0,06;3,6;0,02;Silver;33;Urban;59;1
7691-KGKGP;Male;0;1;1;0;DSL;0;1;0;Month-to-month;0;Credit card (automatic);650;33638;122;232842;0,16;4,2;0,16;Platinum;48;Urban;32;0
6710-HSJRD;Male;0;1;1;1;Fiber optic;0;1;1;Month-to-month;1;Electronic check;1141;713215;208;185246;0,05;3,8;0,38;Gold;40;Suburban;5;0
3675-EQOZA;Male;0;0;1;0;0;No internet service;No internet service;No internet service;Month-to-month;0;Bank transfer (automatic);2065;9355;21;189687;0,19;3,3;0,11;Bronze;47;Urban;6;1
0840-DCNZE;Male;0;0;1;0;DSL;1;1;1;One year;1;Bank transfer (automatic);8695;41389;169;203447;0,09;4,4;0,02;Bronze;37;Urban;59;1
1732-FEKLD;Female;0;0;1;1;Fiber optic;0;1;1;One year;1;Bank transfer (automatic);9475;512175;288;141477;0,24;3,3;0,76;Silver;42;Urban;4;1
9862-KJTYK;Male;0;0;0;No phone service;DSL;0;0;0;Month-to-month;1;Credit card (automatic);2535;5661;99;80244;0,24;3,4;0,77;Bronze;52;Suburban;26;1
0479-HMSWA;Female;0;0;1;0;Fiber optic;0;1;1;Two year;1;Electronic check;10545;27153;115;243860;0,14;4,6;0,82;Platinum;22;Suburban;7;0
5854-KSRBJ;Male;0;1;1;1;0;No internet service;No internet service;No internet service;Two year;0;Mailed check;254;178205;244;159453;0,05;4,3;0,84;Platinum;20;Urban;37;0
0365-BZUWY;Male;0;1;1;1;Fiber optic;0;1;1;Month-to-month;1;Electronic check;10255;17425;51;207962;0,19;4,3;0,42;Silver;51;Rural;32;0
4817-VYYWS;Female;0;0;1;1;Fiber optic;0;1;0;Month-to-month;1;Electronic check;1002;29838;72;151303;0,03;3,8;0,87;Bronze;29;Rural;56;1
5701-SVCWR;Female;0;0;1;1;0;No internet service;No internet service;No internet service;Month-to-month;0;Mailed check;240;240;3;108390;0,19;3,8;0,53;Platinum;44;Suburban;11;1
3129-AAQOU;Female;0;1;1;1;0;No internet service;No internet service;No internet service;Two year;0;Mailed check;256;4859;69;90247;0,01;4,4;0,47;Gold;22;Suburban;36;0
4922-CVPDX;Female;0;1;1;0;DSL;0;1;1;Two year;1;Credit card (automatic);735;19057;122;245750;0,01;4,5;0,72;Silver;39;Suburban;36;0
1396-QWFBJ;Female;0;1;1;0;Fiber optic;0;1;0;Month-to-month;1;Bank transfer (automatic);7405;15657;97;109583;0,01;4;0,21;Bronze;21;Suburban;14;0
1357-BIJKI;Male;0;1;1;1;Fiber optic;0;1;0;One year;1;Electronic check;9825;48587;114;219148;0,06;4,9;0,79;Silver;45;Urban;16;0
1099-BTKWT;Female;0;1;0;No phone service;DSL;1;0;1;One year;1;Electronic check;544;372365;243;229078;0,24;4,9;0,43;Platinum;24;Urban;36;1
5299-SJCZT;Male;0;0;1;1;Fiber optic;0;0;1;Month-to-month;1;Bank transfer (automatic);10155;29835;8;226123;0,25;3,8;0,13;Bronze;51;Urban;50;1
2018-PZKMU;Male;0;1;1;0;Fiber optic;0;0;1;Month-to-month;0;Electronic check;1031;97045;23;215386;0,08;4,6;0,12;Gold;19;Suburban;41;0
7340-KEFQE;Female;0;1;0;No phone service;DSL;1;0;0;Two year;0;Bank transfer (automatic);342;17820;270;108670;0,01;4,1;0,16;Bronze;26;Urban;28;0
4570-QHXHL;Female;0;0;1;0;DSL;0;0;0;Month-to-month;1;Electronic check;4375;4057;19;204920;0,07;4;0,89;Platinum;32;Urban;2;0
2403-BCASL;Male;1;1;1;1;Fiber optic;0;1;1;One year;1;Electronic check;11195;45349;150;90236;0,27;3,1;0,99;Silver;48;Urban;10;1
7392-YYPYJ;Male;0;0;1;1;Fiber optic;0;1;0;Month-to-month;1;Electronic check;10065;241595;58;115568;0,15;4,1;0,36;Bronze;53;Urban;25;0
2898-LSJGD;Female;0;1;0;No phone service;DSL;1;0;1;One year;1;Electronic check;5595;115705;115;187327;0,02;4,8;0,29;Bronze;32;Urban;39;0
2223-GDSHL;Male;0;1;1;1;Fiber optic;1;1;1;Two year;1;Bank transfer (automatic);11605;82975;300;190188;0,12;4,6;0,22;Silver;50;Suburban;56;1
7359-PTSXY;Male;0;0;1;0;DSL;0;0;0;Month-to-month;0;Electronic check;4575;4575;2;96352;0,19;4,6;0,82;Bronze;48;Rural;44;1
9470-RTWDV;Male;0;1;1;1;DSL;0;0;1;One year;1;Credit card (automatic);820;20831;104;205721;0,12;3,3;0,21;Silver;44;Rural;5;1
2176-OSJUV;Male;0;1;1;1;DSL;1;1;0;Two year;0;Bank transfer (automatic);6515;468175;349;221418;0,01;3,7;0,92;Bronze;19;Suburban;34;0
9348-YVOMK;Male;0;0;1;0;DSL;0;0;0;Month-to-month;1;Credit card (automatic);448;1762;23;236228;0,19;3,5;0,67;Bronze;26;Rural;23;0
8104-OSKWT;Female;0;0;1;1;Fiber optic;1;0;0;Month-to-month;1;Electronic check;798;10012;34;135904;0,18;3,6;0,09;Silver;18;Urban;50;1
4521-YEEHE;Female;0;1;1;1;Fiber optic;0;0;0;Month-to-month;1;Electronic check;8885;159475;99;225107;0,09;4,2;0,55;Silver;36;Urban;38;0
4090-KPJIP;Female;0;0;1;1;Fiber optic;0;0;0;Month-to-month;1;Electronic check;7495;2124;17;202141;0,04;3,7;0,69;Silver;26;Urban;33;0
3786-WOVKF;Female;1;1;1;1;Fiber optic;1;1;0;One year;1;Bank transfer (automatic);10685;76774;407;96108;0,11;4,1;0,62;Silver;19;Suburban;53;1
4503-BDXBD;Male;0;0;1;0;Fiber optic;0;1;0;Month-to-month;0;Electronic check;7495;8155;49;82853;0,12;3,9;0,83;Silver;54;Urban;23;0
6086-ESGRL;Female;0;0;1;0;Fiber optic;0;0;0;Month-to-month;0;Credit card (automatic);8015;8015;4;164156;0,19;3,6;0,84;Silver;18;Suburban;18;1
2592-HODOV;Male;0;0;1;0;0;No internet service;No internet service;No internet service;One year;0;Credit card (automatic);193;25965;46;84176;0,27;3,2;0,59;Bronze;29;Suburban;12;1
3886-CERTZ;Female;0;1;1;1;Fiber optic;0;1;1;One year;1;Electronic check;10925;81098;360;180459;0,01;4,8;0,63;Bronze;43;Urban;56;1
7995-ZHHNZ;Male;0;1;1;1;DSL;1;0;0;One year;0;Credit card (automatic);561;238685;173;236992;0,07;3;0,92;Bronze;27;Urban;42;1
3824-RHKVR;Female;0;0;1;0;0;No internet service;No internet service;No internet service;Month-to-month;0;Credit card (automatic);197;34035;80;217901;0,06;3;0,93;Silver;18;Suburban;8;1
5816-SCGFC;Female;1;0;1;0;DSL;0;1;0;Month-to-month;1;Mailed check;513;41935;25;203225;0,15;4,7;0,66;Silver;18;Suburban;18;0
5989-AXPUC;Female;0;1;1;1;Fiber optic;1;1;1;Two year;0;Mailed check;1186;799005;334;198458;0,13;5;0,01;Silver;48;Urban;50;1
4979-HPRFL;Male;0;1;1;1;0;No internet service;No internet service;No internet service;Two year;0;Bank transfer (automatic);2415;140225;296;190893;0,22;4,5;0,01;Gold;28;Suburban;31;1
8590-OHDIW;Female;0;1;1;0;0;No internet service;No internet service;No internet service;One year;0;Mailed check;203;74935;98;153927;0,07;3;0,86;Bronze;22;Suburban;20;1
8015-IHCGW;Female;0;1;1;1;Fiber optic;1;1;1;Two year;1;Electronic check;1155;842515;383;198178;0,18;3,5;0,08;Silver;52;Rural;31;0
2332-TODQS;Female;0;0;1;1;0;No internet service;No internet service;No internet service;One year;0;Credit card (automatic);2505;11715;199;120667;0,27;4,9;0,21;Bronze;28;Urban;56;1
9278-VZKCD;Female;1;1;1;1;Fiber optic;1;1;1;Month-to-month;1;Electronic check;1091;564795;279;246915;0,27;4,6;0,23;Gold;21;Urban;45;1
8008-OTEZX;Female;0;1;1;0;0;No internet service;No internet service;No internet service;One year;0;Mailed check;1965;7088;130;241615;0,29;4,1;0,06;Silver;38;Urban;11;1
2773-OVBPK;Male;0;1;1;1;Fiber optic;0;1;1;Two year;1;Bank transfer (automatic);1113;75672;235;86611;0,23;3,5;0,58;Gold;53;Suburban;28;1
5999-LCXAO;Female;0;0;0;No phone service;DSL;1;0;0;Month-to-month;0;Mailed check;299;299;5;168242;0,27;3;0,29;Gold;45;Suburban;32;1
5206-XZZQI;Male;0;0;1;0;Fiber optic;0;1;0;Month-to-month;1;Mailed check;806;43481;159;164612;0,07;3;0,21;Gold;25;Rural;0;1
4803-LBYPN;Male;0;1;1;0;0;No internet service;No internet service;No internet service;Month-to-month;0;Mailed check;208;6359;182;126902;0,06;4,2;0,76;Gold;37;Rural;48;1
5759-RCVCB;Female;0;0;0;No phone service;DSL;0;0;0;Month-to-month;0;Credit card (automatic);352;10895;11;113043;0;3;0,94;Bronze;38;Suburban;3;1
6372-RFVNS;Female;0;1;1;0;Fiber optic;0;0;0;Month-to-month;0;Electronic check;788;788;4;216343;0,21;5;0,05;Bronze;52;Suburban;12;1
2139-FQHLM;Male;0;0;1;0;Fiber optic;0;0;1;Month-to-month;0;Mailed check;8995;16824;61;152867;0,28;3,4;0,13;Platinum;49;Urban;22;1
8261-GWDBQ;Female;1;1;1;1;Fiber optic;1;1;1;Two year;1;Bank transfer (automatic);11605;69259;257;157089;0,06;4,4;0,64;Platinum;53;Urban;27;0
1093-YSWCA;Male;0;0;1;0;0;No internet service;No internet service;No internet service;Two year;0;Credit card (automatic);1955;22315;36;138745;0,19;3,3;0,08;Silver;22;Rural;42;1
8938-UMKPI;Female;0;0;1;1;Fiber optic;0;1;1;Month-to-month;1;Electronic check;1064;512795;101;222645;0,22;4,1;0,79;Bronze;21;Suburban;49;1
0991-BRRFB;Male;0;0;1;0;DSL;1;0;0;Month-to-month;0;Electronic check;494;8748;55;232481;0,28;3,2;0,72;Gold;24;Urban;11;1
3882-IYOIJ;Female;0;1;1;1;Fiber optic;1;1;1;Two year;0;Credit card (automatic);11525;675845;121;165970;0,19;4,5;0,89;Bronze;51;Urban;18;0
8749-TZYEC;Male;0;1;1;1;0;No internet service;No internet service;No internet service;Two year;0;Credit card (automatic);248;18743;425;104464;0,29;4,2;0,22;Bronze;37;Urban;51;1
1755-FZQEC;Male;0;0;1;0;0;No internet service;No internet service;No internet service;One year;0;Mailed check;199;79115;228;198523;0,01;3,2;0,11;Silver;24;Urban;32;1
3115-JPJDD;Female;0;1;1;0;Fiber optic;1;0;1;One year;1;Credit card (automatic);8125;463945;211;100662;0,01;4,7;0,62;Bronze;41;Suburban;17;0
5600-KTXFM;Male;0;1;1;0;Fiber optic;0;0;0;Month-to-month;0;Mailed check;6995;1439;9;98228;0,16;4,1;0,82;Bronze;38;Urban;33;0
3871-IKPYH;Male;1;0;1;0;Fiber optic;0;0;0;Month-to-month;0;Electronic check;691;691;3;140721;0,12;4,8;0,58;Gold;26;Urban;29;1
6319-IEJWJ;Male;0;1;1;0;Fiber optic;0;0;0;Month-to-month;1;Electronic check;902;177655;93;218458;0;4,8;0,96;Bronze;36;Suburban;42;0
9025-AOMKI;Female;0;0;1;1;Fiber optic;0;0;0;Month-to-month;1;Bank transfer (automatic);9355;5364;31;86862;0,22;4,8;0,08;Platinum;37;Urban;46;1
6339-TBELP;Male;0;0;1;1;Fiber optic;0;0;1;Two year;1;Credit card (automatic);864;61720;410;120108;0,23;3,2;0,07;Platinum;45;Urban;46;1
7964-YESJC;Female;0;1;1;1;DSL;1;1;1;Month-to-month;0;Mailed check;663;155945;86;171788;0,22;3,2;0,06;Gold;49;Urban;5;1
6173-GOLSU;Male;1;1;1;1;Fiber optic;0;0;0;Month-to-month;1;Credit card (automatic);9465;60790;343;160140;0,01;5;0,11;Platinum;51;Urban;3;0
5275-SQEIZ;Male;0;0;1;0;Fiber optic;0;0;0;Month-to-month;1;Mailed check;8085;8085;3;238273;0,16;4;0,78;Silver;33;Urban;11;1
7716-YTYHG;Female;0;1;1;1;Fiber optic;0;0;0;One year;1;Mailed check;8205;402995;286;148578;0,11;3,5;0,02;Silver;34;Rural;22;0
9938-ZREHM;Female;0;1;1;1;DSL;0;1;0;One year;0;Mailed check;721;26584;77;129966;0;4,5;0,03;Gold;28;Urban;27;0
7950-XWOVN;Male;0;0;0;No phone service;DSL;0;1;1;Month-to-month;0;Mailed check;347;38355;48;90386;0,17;3,5;0,91;Silver;21;Suburban;10;0
4390-KYULV;Male;0;1;1;0;0;No internet service;No internet service;No internet service;Month-to-month;1;Credit card (automatic);2055;5115;13;157228;0,04;4,5;0,89;Silver;35;Urban;27;0
4647-MUZON;Female;0;1;1;0;Fiber optic;0;0;1;Month-to-month;1;Credit card (automatic);9595;17455;85;226297;0,02;4,7;0,22;Silver;23;Suburban;39;0
9702-AIUJO;Male;0;1;1;0;DSL;0;0;0;One year;1;Bank transfer (automatic);448;223085;124;227765;0,23;4,6;0,78;Silver;49;Suburban;33;1
8849-PRIQJ;Female;0;1;1;1;Fiber optic;1;0;1;One year;1;Electronic check;1094;72816;385;152197;0;3,5;0,05;Gold;22;Urban;47;1
8851-RAGOV;Female;0;1;1;0;DSL;1;1;0;Month-to-month;1;Mailed check;7105;18377;68;123021;0,29;3,8;0,29;Silver;32;Suburban;33;1
1304-NECVQ;Female;1;0;1;1;Fiber optic;0;0;1;Month-to-month;1;Electronic check;7855;14955;8;198915;0,15;3,8;0,62;Gold;33;Urban;20;0
5396-IZEPB;Male;0;0;1;0;0;No internet service;No internet service;No internet service;Month-to-month;0;Credit card (automatic);197;1807;26;229333;0,29;4;0,76;Silver;34;Urban;35;1
1729-VLAZJ;Female;0;0;0;No phone service;DSL;1;1;0;One year;0;Mailed check;4025;41145;32;238450;0,02;3,3;0,01;Silver;54;Suburban;27;1
8285-ABVLB;Female;0;1;1;0;0;No internet service;No internet service;No internet service;Two year;0;Credit card (automatic);1985;132835;293;197174;0,18;3,9;0,33;Bronze;32;Suburban;57;1
0701-TJSEF;Male;0;0;1;0;DSL;1;0;1;Month-to-month;1;Bank transfer (automatic);6825;57695;33;166755;0,01;4;0,21;Gold;52;Rural;33;0
5712-VBOXD;Female;0;0;1;0;0;No internet service;No internet service;No internet service;Month-to-month;1;Credit card (automatic);2015;6845;10;223009;0,25;4,1;0,1;Bronze;25;Rural;56;1
6629-LADHQ;Female;0;0;1;0;DSL;1;0;0;Month-to-month;0;Mailed check;5095;12305;5;146330;0,11;4,6;0,67;Platinum;52;Suburban;40;0
8945-GRKHX;Female;0;0;1;0;Fiber optic;0;0;0;Month-to-month;0;Electronic check;7865;7865;3;152322;0,08;4;0,41;Gold;53;Suburban;28;1
1559-DTODC;Male;0;0;0;No phone service;DSL;0;0;0;Month-to-month;1;Bank transfer (automatic);2515;46835;95;182318;0,26;3,5;0,08;Silver;44;Urban;25;1
4797-MIWUM;Male;0;1;1;0;0;No internet service;No internet service;No internet service;Month-to-month;1;Bank transfer (automatic);2025;1747;39;125313;0,11;4,3;0,06;Platinum;31;Urban;12;0
6959-UWKHF;Male;0;0;1;0;DSL;0;0;0;Month-to-month;1;Electronic check;429;429;2;107032;0,01;4,6;0,64;Silver;40;Urban;59;1
8720-RQSBJ;Male;1;0;1;0;DSL;0;0;0;Month-to-month;0;Electronic check;440;440;3;228430;0,12;3,6;0,82;Bronze;37;Urban;51;1
4537-CIBHB;Female;0;1;1;0;0;No internet service;No internet service;No internet service;One year;0;Mailed check;2025;17235;21;141710;0,02;4,3;0,29;Silver;23;Urban;33;0
3815-SLMEF;Female;0;0;0;No phone service;DSL;1;0;0;Month-to-month;0;Mailed check;3425;13935;6;175326;0,08;3,3;0,98;Bronze;41;Suburban;18;1
5154-VEKBL;Female;0;0;0;No phone service;DSL;1;0;1;Month-to-month;0;Mailed check;585;53985;41;166157;0,13;3,7;0,44;Bronze;40;Urban;7;0
4324-AHJKS;Female;0;0;1;0;DSL;1;0;1;Month-to-month;0;Credit card (automatic);558;3004;22;108365;0,02;4,8;0,03;Silver;53;Suburban;28;0
4355-CVPVS;Female;0;1;1;0;Fiber optic;0;0;0;One year;0;Bank transfer (automatic);889;49680;148;93189;0,18;4,8;0,35;Gold;29;Urban;42;0
4495-LHSSK;Female;0;0;1;1;DSL;1;0;0;Month-to-month;0;Mailed check;5765;9927;52;87248;0,23;4,2;0,52;Silver;19;Suburban;39;1
5655-JSMZM;Male;1;0;1;1;Fiber optic;0;0;0;Month-to-month;1;Electronic check;962;471825;102;84369;0,12;4,4;0,94;Silver;44;Suburban;15;0
5915-ANOEI;Male;0;1;1;1;DSL;1;1;1;Two year;0;Mailed check;7915;55365;373;219122;0,13;4,7;0,74;Bronze;49;Urban;27;0
9861-PDSZP;Female;0;0;1;1;Fiber optic;0;1;1;Two year;1;Credit card (automatic);10805;78066;424;108605;0,03;4,9;0,58;Silver;46;Rural;29;0
4505-EXZHB;Female;1;0;1;0;Fiber optic;0;0;1;Month-to-month;0;Electronic check;744;4341;15;129616;0,06;4;0,16;Bronze;50;Urban;22;0
7225-CBZPL;Male;1;1;1;1;Fiber optic;0;0;0;Month-to-month;1;Electronic check;948;15639;49;183719;0,05;4,1;0,15;Bronze;46;Rural;28;0
6704-UTUKK;Male;0;1;0;No phone service;DSL;0;0;0;Month-to-month;1;Electronic check;459;13324;158;113055;0,14;3,8;0,05;Gold;50;Urban;19;0
4587-VVTOX;Female;0;1;1;1;Fiber optic;0;1;1;Month-to-month;1;Electronic check;1053;5452;34;196680;0,16;3,1;0,73;Bronze;53;Urban;16;1
2019-HDCZY;Male;0;1;1;1;Fiber optic;0;0;1;Two year;0;Electronic check;1026;629675;231;87450;0,28;3,8;0,75;Bronze;34;Rural;25;1
4652-NNHNY;Male;0;1;1;1;Fiber optic;0;0;0;Month-to-month;1;Bank transfer (automatic);7385;12842;35;213997;0,02;4,6;0,23;Bronze;27;Suburban;56;1
8788-DOXSU;Male;0;0;1;0;DSL;0;0;1;One year;1;Bank transfer (automatic);6135;36455;127;130272;0,18;4,6;0,01;Silver;18;Urban;46;1
7404-JLKQG;Female;0;0;1;0;DSL;0;0;1;Month-to-month;0;Electronic check;5755;16145;12;85310;0,16;4,8;0,38;Gold;34;Suburban;38;0
7421-ZLUPA;Female;0;0;0;No phone service;DSL;0;1;0;Month-to-month;1;Mailed check;2925;22695;28;111817;0,15;3,1;0,92;Platinum;45;Urban;32;1
8972-HJWNV;Female;1;1;1;1;Fiber optic;0;0;0;Month-to-month;1;Electronic check;8455;64685;14;162641;0,26;4,1;0,55;Gold;53;Urban;13;1
3274-NSDWE;Female;0;0;1;0;0;No internet service;No internet service;No internet service;Two year;0;Credit card (automatic);196;144165;294;95457;0,06;3,2;0,32;Silver;44;Urban;30;1
2632-IVXVF;Female;0;1;1;1;Fiber optic;1;0;1;Two year;0;Credit card (automatic);11175;75113;139;122311;0,01;3,4;0,32;Bronze;54;Urban;15;1
3692-JHONH;Female;1;1;1;1;Fiber optic;0;1;1;One year;1;Electronic check;1065;562185;267;215052;0,02;4,8;0,13;Bronze;42;Rural;20;0
8915-NNTRC;Male;0;1;1;1;Fiber optic;1;1;0;Two year;1;Credit card (automatic);1077;79198;232;231958;0,01;4;0,47;Silver;51;Suburban;34;0
5914-GXMDA;Female;0;1;1;0;0;No internet service;No internet service;No internet service;One year;0;Mailed check;193;5932;69;203573;0,01;4,5;0,79;Silver;20;Urban;49;1
7463-IFMQU;Female;0;1;1;0;0;No internet service;No internet service;No internet service;Two year;0;Bank transfer (automatic);2005;142365;313;177427;0,08;3,1;0,97;Silver;46;Suburban;18;1
2920-RNCEZ;Male;0;1;1;0;Fiber optic;0;0;0;Month-to-month;1;Credit card (automatic);6995;6995;3;116181;0,09;3,8;0,05;Bronze;52;Urban;5;1
2541-YGPKE;Male;0;1;1;0;DSL;1;0;0;One year;0;Credit card (automatic);637;276335;247;244334;0,19;4,3;0,17;Bronze;27;Urban;59;1
8515-OCTJS;Female;0;0;1;1;0;No internet service;No internet service;No internet service;Two year;0;Credit card (automatic);2475;6921;104;212019;0,05;3,3;0,68;Bronze;18;Suburban;22;1
5382-TEMLV;Male;0;0;1;0;DSL;1;0;0;Month-to-month;1;Bank transfer (automatic);509;229855;139;211094;0,12;3,7;0,76;Gold;18;Urban;25;0
3441-CGZJH;Female;0;1;0;No phone service;DSL;1;0;1;One year;1;Credit card (automatic);604;264055;208;81128;0,14;3,1;0,07;Bronze;49;Urban;8;1
9592-ERDKV;Male;0;1;1;1;DSL;1;0;1;One year;0;Mailed check;7925;29118;114;159522;0,14;4,3;0,85;Silver;39;Suburban;12;0
2860-RANUS;Female;1;0;1;1;Fiber optic;0;0;0;Month-to-month;1;Credit card (automatic);858;17275;112;243394;0,29;4,9;0,83;Bronze;36;Rural;57;1
5261-QSHQM;Female;0;0;0;No phone service;DSL;0;0;0;Month-to-month;1;Electronic check;2445;866;13;128929;0,01;4,7;0,47;Silver;52;Urban;43;0
4778-IZARL;Male;0;1;1;0;Fiber optic;1;1;1;Two year;1;Credit card (automatic);1101;67057;264;161696;0,29;4,9;0,56;Bronze;23;Urban;14;1
0432-CAJZV;Male;0;0;1;0;Fiber optic;0;0;0;Month-to-month;0;Mailed check;907;23765;6;195245;0,17;4,7;0,71;Bronze;51;Urban;31;0
7008-LZVOZ;Male;0;1;1;1;0;No internet service;No internet service;No internet service;Two year;1;Credit card (automatic);253;167235;244;89808;0,24;4,7;0,68;Bronze;32;Suburban;58;1
8868-WOZGU;Male;0;0;1;1;Fiber optic;0;1;1;Month-to-month;1;Electronic check;1057;29795;149;175148;0,13;4,2;0,02;Bronze;20;Suburban;38;0
1200-TUZHR;Female;1;0;1;1;Fiber optic;0;0;0;Month-to-month;0;Electronic check;852;69575;41;101725;0,14;4;0,12;Bronze;54;Suburban;43;0
9365-CSLBQ;Male;0;0;1;1;0;No internet service;No internet service;No internet service;Two year;0;Mailed check;2435;16546;205;152534;0,26;3,8;0,16;Gold;39;Rural;16;1
1334-FJSVR;Male;0;0;0;No phone service;DSL;0;0;0;Month-to-month;1;Electronic check;2425;2425;2;119950;0,27;4,6;0,76;Bronze;46;Suburban;44;1
5884-FBCTL;Female;0;1;1;1;0;No internet service;No internet service;No internet service;Two year;0;Bank transfer (automatic);251;185785;379;163576;0,07;3,4;0,44;Bronze;31;Suburban;54;1
7130-CTCUS;Male;1;1;1;0;DSL;1;1;0;Month-to-month;1;Bank transfer (automatic);5455;8251;91;100557;0,06;3,1;0,55;Silver;47;Urban;28;1
6242-FEGFD;Male;0;1;1;1;Fiber optic;1;1;1;Two year;0;Mailed check;966;642425;157;101825;0,15;4,9;0,77;Silver;32;Suburban;48;1
7625-XCQRH;Female;0;0;1;1;Fiber optic;0;0;0;Month-to-month;1;Electronic check;765;83795;41;88998;0,27;3;0,34;Bronze;46;Suburban;39;1
6194-HBGQN;Male;0;0;1;1;DSL;1;1;1;One year;1;Credit card (automatic);8115;41262;170;116080;0,01;5;0,75;Silver;31;Urban;17;0
7634-WSWDB;Female;0;0;0;No phone service;DSL;1;0;0;Month-to-month;1;Electronic check;385;3308;43;226874;0,02;4,5;0,44;Gold;20;Urban;33;0
6986-IXNDM;Male;0;0;1;0;Fiber optic;0;0;0;Month-to-month;1;Electronic check;929;133745;32;222239;0,21;3,7;0,38;Bronze;39;Urban;48;1
1731-TVIUK;Female;0;0;1;1;Fiber optic;0;1;0;Month-to-month;1;Electronic check;935;3622;11;122407;0,23;4,4;0,33;Silver;50;Suburban;24;1
2987-BJXIK;Female;0;0;1;1;DSL;1;1;1;Two year;0;Mailed check;847;599105;350;200283;0,17;4,6;0,96;Bronze;40;Urban;11;0
9769-TSBZE;Female;0;0;1;1;DSL;1;1;0;Two year;0;Electronic check;660;48915;154;93338;0,12;3,5;0,77;Bronze;24;Suburban;44;0
0406-BPDVR;Female;1;1;1;1;Fiber optic;0;1;0;One year;1;Credit card (automatic);1015;53731;214;156289;0,29;4,5;0,02;Platinum;37;Urban;14;1
0618-XWMSS;Male;0;0;1;0;Fiber optic;1;0;0;Month-to-month;1;Bank transfer (automatic);749;206855;105;229967;0,18;4,6;0,96;Bronze;24;Suburban;42;0
1395-WSWXR;Male;0;0;1;0;0;No internet service;No internet service;No internet service;Two year;0;Mailed check;2075;48705;80;211029;0,22;3,5;0,78;Bronze;34;Urban;23;1
6023-GSSXW;Female;0;1;1;0;DSL;0;1;0;Two year;1;Credit card (automatic);6145;41312;246;189367;0,01;3,1;0,15;Platinum;49;Suburban;8;1
6752-APNJL;Male;0;1;1;0;DSL;1;1;0;Month-to-month;0;Mailed check;545;230115;173;145898;0,02;3,4;0,08;Gold;32;Urban;39;1
5276-KQWHG;Female;1;0;1;0;Fiber optic;0;0;0;Month-to-month;1;Electronic check;696;13165;5;214526;0,08;3,4;0,31;Silver;30;Urban;19;1
0420-HLGXF;Female;1;0;1;1;Fiber optic;0;0;1;Month-to-month;1;Electronic check;9975;40360;167;197486;0,07;3,1;0,62;Silver;20;Urban;24;1
7446-KQISO;Male;0;1;1;1;Fiber optic;0;1;1;Two year;1;Bank transfer (automatic);10975;490065;234;166540;0,21;4,5;0,62;Gold;42;Urban;46;1
9823-EALYC;Male;0;1;1;1;DSL;1;1;1;Two year;1;Bank transfer (automatic);8085;572745;362;216421;0,16;3,8;0,28;Gold;49;Suburban;23;0
0582-AVCLN;Female;0;0;1;0;0;No internet service;No internet service;No internet service;Two year;0;Mailed check;203;74305;99;205416;0,02;4,8;0,45;Bronze;33;Suburban;48;1
5803-NQJZO;Male;0;1;1;1;DSL;1;1;1;Two year;1;Bank transfer (automatic);678;480465;186;119963;0,08;3,5;0,21;Silver;18;Urban;25;0
2565-JSLRY;Male;0;0;1;1;0;No internet service;No internet service;No internet service;Month-to-month;1;Mailed check;2405;2405;3;218822;0,18;3,9;0,05;Bronze;20;Urban;13;1
2607-DHDAK;Male;0;1;1;0;0;No internet service;No internet service;No internet service;Two year;1;Credit card (automatic);198;141465;247;174929;0,13;4,3;0,52;Bronze;37;Suburban;4;0
1073-XXCZD;Male;0;1;1;1;0;No internet service;No internet service;No internet service;Two year;0;Bank transfer (automatic);257;144365;199;233535;0,18;4,8;0,35;Silver;45;Suburban;47;1
0743-HRVFF;Female;0;1;0;No phone service;DSL;0;0;1;One year;1;Electronic check;5615;289895;240;154935;0,09;4;0,54;Silver;39;Urban;56;1
4006-HKYHO;Male;0;0;1;0;DSL;1;1;1;Two year;1;Bank transfer (automatic);867;53095;140;93686;0,21;3,7;0,95;Bronze;53;Urban;28;1
3727-JEZTU;Female;0;0;1;0;0;No internet service;No internet service;No internet service;Month-to-month;0;Mailed check;204;204;2;143528;0,24;4,7;0,14;Bronze;18;Urban;59;1
8143-ETQTI;Female;0;1;1;0;0;No internet service;No internet service;No internet service;Two year;1;Mailed check;1965;45155;82;179811;0,08;3,6;0;Silver;31;Urban;7;0
6689-KXGBO;Female;0;0;1;0;DSL;0;1;0;Month-to-month;0;Electronic check;5055;5055;4;102787;0,09;3,2;0,08;Silver;32;Suburban;16;1
9667-TKTVZ;Female;0;0;1;1;DSL;0;0;0;Month-to-month;1;Mailed check;5435;11705;5;225848;0,02;3,9;0,46;Gold;49;Suburban;53;1
3657-COGMW;Female;1;0;1;1;Fiber optic;1;1;1;Month-to-month;0;Credit card (automatic);1081;58393;237;195613;0,21;4,6;0,71;Gold;35;Urban;42;1
8570-KLJYJ;Female;0;0;1;1;DSL;1;0;0;One year;0;Mailed check;5445;18935;109;184887;0,21;3,1;0,58;Platinum;39;Urban;21;1
7754-IXRMC;Female;0;0;1;0;DSL;0;0;0;Month-to-month;0;Mailed check;4535;4535;5;141086;0,02;4,2;0,49;Silver;33;Suburban;17;0
9473-CBZOP;Female;0;0;1;1;DSL;1;0;1;One year;0;Mailed check;590;165445;156;182231;0,12;4,2;0,35;Silver;28;Urban;26;0
2969-WGHQO;Female;0;1;1;0;DSL;1;1;1;One year;0;Electronic check;6945;47705;22;143308;0,12;4,9;0,31;Gold;24;Urban;1;0
6615-NGGZJ;Male;0;0;1;1;Fiber optic;0;1;0;Month-to-month;1;Electronic check;10055;141555;40;95797;0,08;3,6;0,38;Gold;26;Suburban;0;0
4334-HOWRP;Male;1;1;0;No phone service;DSL;1;1;1;Two year;1;Credit card (automatic);6495;45460;262;85302;0,05;3,6;0,61;Gold;18;Urban;53;1
4255-DDUOU;Female;0;1;1;0;0;No internet service;No internet service;No internet service;Month-to-month;1;Mailed check;205;205;2;118059;0,21;3,9;0,17;Silver;25;Suburban;40;1
5863-OOKCL;Female;0;0;1;0;0;No internet service;No internet service;No internet service;Month-to-month;0;Mailed check;1885;1632;46;211980;0,03;3,7;0,77;Bronze;28;Rural;7;0
1686-STUHN;Male;0;0;1;0;0;No internet service;No internet service;No internet service;One year;0;Bank transfer (automatic);198;8499;222;223949;0,28;4,5;0,58;Gold;22;Rural;20;1
1329-VHWNP;Female;0;0;0;No phone service;DSL;0;0;0;Month-to-month;0;Bank transfer (automatic);2505;18995;32;94239;0,25;4,3;0,27;Gold;46;Urban;23;1
2984-MIIZL;Male;0;0;1;0;Fiber optic;0;0;1;Month-to-month;1;Bank transfer (automatic);748;3219;21;107313;0,26;4,5;0,05;Gold;23;Suburban;1;1
0266-GMEAO;Male;0;1;1;1;Fiber optic;1;1;1;Two year;1;Credit card (automatic);1143;805855;258;122103;0,27;4,6;0,96;Bronze;29;Suburban;43;1
5590-YRFJT;Female;0;1;0;No phone service;DSL;0;0;0;Month-to-month;1;Electronic check;2445;4828;52;168771;0,12;4,8;0,02;Bronze;24;Urban;58;1
5574-NXZIU;Male;0;0;1;0;Fiber optic;1;1;1;Two year;0;Credit card (automatic);1092;704975;311;206228;0,25;3,9;0,02;Silver;29;Urban;37;1
0019-GFNTW;Female;0;0;0;No phone service;DSL;1;1;1;Two year;0;Bank transfer (automatic);4505;25601;192;171665;0,05;5;0,45;Gold;50;Urban;27;0
4256-ZWTZI;Female;0;0;1;0;DSL;0;0;0;Month-to-month;1;Mailed check;510;2868;23;90534;0,01;3,4;0,64;Gold;36;Suburban;33;1
8309-PPCED;Female;0;1;1;1;Fiber optic;0;1;1;Two year;1;Bank transfer (automatic);11045;79825;221;123060;0,24;4,4;0,21;Bronze;53;Urban;55;1
4098-NAUKP;Male;1;1;1;1;Fiber optic;0;1;1;Month-to-month;1;Electronic check;8465;56836;158;97189;0,02;4,1;0,93;Silver;36;Urban;11;0
5196-WPYOW;Male;0;1;1;0;DSL;1;1;0;One year;0;Mailed check;6005;399405;400;208431;0,03;4,6;0,64;Bronze;38;Suburban;49;1
4608-LCIMN;Male;0;1;1;0;DSL;0;0;0;Month-to-month;0;Bank transfer (automatic);4465;36915;20;166067;0,02;4;0,88;Silver;36;Urban;4;0
1485-YDHMM;Male;0;1;1;1;Fiber optic;0;1;0;Month-to-month;1;Bank transfer (automatic);9325;46317;309;90967;0,23;4,6;0,33;Silver;26;Urban;44;1
4054-CUMIA;Female;0;1;1;0;0;No internet service;No internet service;No internet service;Month-to-month;1;Mailed check;2025;40195;106;145563;0,07;4,9;0,83;Gold;39;Urban;59;1
0603-TPMIB;Female;0;1;1;1;0;No internet service;No internet service;No internet service;Two year;0;Mailed check;2545;153405;305;88660;0,02;4,5;0,38;Gold;36;Suburban;54;1
2525-GVKQU;Female;0;0;1;0;0;No internet service;No internet service;No internet service;Two year;0;Mailed check;206;10930;278;198671;0,01;4,6;0,25;Bronze;54;Suburban;54;1
8161-QYMTT;Male;0;0;1;1;Fiber optic;0;0;0;Month-to-month;1;Electronic check;941;7013;30;209909;0,25;3,1;0,91;Silver;28;Suburban;35;1
9581-GVBXT;Male;0;1;0;No phone service;DSL;1;0;1;One year;0;Mailed check;348;19803;322;220688;0,05;3,4;0,09;Silver;42;Urban;7;1
5862-BRIXZ;Male;0;0;0;No phone service;DSL;1;0;1;Two year;1;Bank transfer (automatic);6075;28934;145;155976;0,21;4,9;0,94;Bronze;52;Rural;29;1
5404-GGUKR;Male;0;0;1;0;DSL;0;1;0;Month-to-month;1;Electronic check;5135;2623;19;93107;0,07;4,4;0,46;Platinum;22;Urban;54;1
3308-JSGML;Male;1;1;0;No phone service;DSL;1;0;1;Two year;1;Credit card (automatic);6405;388685;264;174182;0,02;4,1;0,99;Gold;48;Urban;9;0
2126-GSEGL;Female;0;1;1;1;DSL;0;1;1;Two year;1;Bank transfer (automatic);848;591755;255;171787;0,14;3,7;0,54;Bronze;31;Suburban;20;0
3677-TNKIO;Female;0;0;1;0;Fiber optic;0;0;0;Month-to-month;1;Credit card (automatic);710;9140;51;95954;0,05;3,1;0,76;Silver;30;Suburban;45;1
0440-QEXBZ;Female;0;0;1;1;DSL;0;0;0;Month-to-month;1;Mailed check;5015;21391;146;96943;0,22;3,7;0,01;Bronze;51;Suburban;51;1
2434-EEVDB;Female;0;1;1;1;Fiber optic;1;0;1;Two year;1;Credit card (automatic);946;59487;272;120725;0,07;4;0,05;Silver;51;Urban;33;0
6762-QVYJO;Female;0;1;0;No phone service;DSL;1;0;1;Two year;0;Mailed check;5975;362435;313;125434;0,01;3,4;0,74;Silver;35;Urban;33;1
6199-IWKGC;Female;1;1;1;1;Fiber optic;0;0;0;One year;0;Electronic check;10025;475385;129;165751;0,17;3,3;0,78;Bronze;23;Urban;3;1
2675-DHUTR;Male;1;1;1;1;Fiber optic;0;1;0;Month-to-month;1;Electronic check;989;57807;332;90110;0,09;4;0,16;Gold;38;Urban;55;1
8152-VETUR;Female;0;1;1;1;Fiber optic;0;1;0;Two year;1;Credit card (automatic);977;68697;342;96462;0,11;4,2;0,42;Silver;22;Urban;10;0
9667-EQRXU;Female;1;0;0;No phone service;DSL;0;0;1;Month-to-month;1;Electronic check;403;117295;158;159232;0,24;3,5;0,42;Platinum;19;Suburban;21;1
7446-YPODE;Male;1;0;1;1;DSL;1;1;0;Month-to-month;0;Bank transfer (automatic);6025;66295;46;146567;0,05;4,2;0,01;Bronze;23;Urban;40;0
9522-BNTHX;Female;1;0;0;No phone service;DSL;0;1;1;Month-to-month;1;Electronic check;5625;176595;174;207425;0,02;4,8;0,44;Gold;25;Urban;49;1
4676-WLUHT;Male;0;0;0;No phone service;DSL;1;1;0;Two year;0;Bank transfer (automatic);462;243195;111;136063;0,01;3,9;0,81;Gold;19;Urban;22;0
3329-WDIOK;Female;0;0;0;No phone service;DSL;0;1;0;Month-to-month;1;Electronic check;506;15535;15;193394;0,13;4,7;0,03;Bronze;40;Urban;48;1
7980-MHFLQ;Female;0;1;1;1;0;No internet service;No internet service;No internet service;Two year;0;Mailed check;249;18592;155;135240;0,16;4,9;0,43;Bronze;37;Suburban;33;0
2873-ZLIWT;Female;0;1;1;1;Fiber optic;0;0;1;Month-to-month;1;Electronic check;8485;330305;222;161352;0,11;3,2;0,96;Gold;21;Suburban;29;1
3415-TAILE;Female;0;1;1;0;DSL;0;0;0;Month-to-month;0;Mailed check;657;13435;11;228940;0,24;3,2;0,03;Silver;32;Rural;58;1
0757-WCUUZ;Male;0;1;1;1;DSL;0;0;1;Two year;0;Credit card (automatic);6335;34091;171;160989;0,01;4;0,59;Silver;47;Suburban;24;0
1629-DQQVB;Female;0;0;1;0;DSL;1;0;0;Month-to-month;0;Bank transfer (automatic);501;7095;39;102222;0,13;4,2;0,74;Platinum;37;Urban;23;0
1915-IOFGU;Female;0;0;1;0;Fiber optic;0;0;0;Month-to-month;0;Electronic check;705;705;5;159794;0,11;3,9;0,76;Bronze;41;Suburban;24;0
3045-XETSH;Female;0;0;1;1;Fiber optic;0;1;1;Month-to-month;1;Electronic check;9485;95345;30;143924;0,19;3,7;0,72;Silver;26;Urban;29;0
0374-AACSZ;Female;0;0;1;0;DSL;1;0;0;Month-to-month;0;Electronic check;5015;5015;5;179854;0,29;4,3;0,73;Silver;38;Urban;38;1
7239-HZZCX;Male;0;0;1;0;0;No internet service;No internet service;No internet service;Month-to-month;0;Mailed check;1975;1975;2;158513;0,15;3;0,06;Silver;30;Urban;43;1
4872-VXRIL;Male;0;0;1;1;DSL;1;1;0;One year;1;Bank transfer (automatic);6465;366555;140;134649;0,03;4,9;0,53;Bronze;22;Urban;15;1
9140-CZQZZ;Female;0;1;1;0;DSL;1;1;0;Two year;1;Bank transfer (automatic);796;55158;402;182986;0,09;3,5;0,78;Silver;31;Urban;9;0
3423-HHXAO;Female;0;1;1;0;0;No internet service;No internet service;No internet service;One year;1;Mailed check;195;2720;65;163749;0,01;4,8;0,09;Gold;24;Suburban;30;0
9938-TKDGL;Male;0;1;1;0;Fiber optic;1;0;0;Two year;1;Electronic check;9955;66680;366;221295;0,05;3,2;0,01;Silver;23;Urban;59;1
0531-ZZJWQ;Male;1;1;1;1;Fiber optic;0;0;0;Month-to-month;1;Electronic check;740;40524;181;119369;0,12;3,5;0,81;Silver;29;Suburban;10;0
6537-QLGEX;Female;0;0;0;No phone service;DSL;1;0;0;Month-to-month;1;Electronic check;389;6644;75;166379;0,09;3,5;0,71;Bronze;33;Rural;8;0
2688-BHGOG;Male;1;0;1;0;Fiber optic;0;0;0;Month-to-month;1;Electronic check;7955;71855;39;149392;0,03;5;0,41;Gold;49;Rural;35;0
7683-CBDKJ;Male;0;1;1;0;DSL;1;1;0;Month-to-month;1;Electronic check;6545;9376;61;92661;0,13;3;0,94;Silver;28;Rural;47;1
0946-CLJTI;Male;1;1;1;1;Fiber optic;0;0;1;Month-to-month;1;Electronic check;987;58126;274;226663;0,01;4,3;0,77;Platinum;21;Suburban;18;0
3160-TYXLT;Male;0;0;0;No phone service;DSL;1;1;0;Month-to-month;1;Bank transfer (automatic);463;254685;227;151718;0,04;4,7;0,97;Bronze;46;Urban;51;1
1325-USMEC;Male;0;1;1;1;Fiber optic;1;1;1;Two year;1;Credit card (automatic);9935;69445;260;87970;0,09;4,3;0,93;Bronze;51;Urban;4;0
0916-QOFDP;Female;1;1;1;1;Fiber optic;0;0;0;Month-to-month;1;Electronic check;958;13463;43;127922;0,27;3,7;0,48;Bronze;26;Suburban;11;1
0628-CNQRM;Male;0;1;1;0;DSL;1;0;1;One year;1;Bank transfer (automatic);675;154405;111;110755;0,09;4,9;0,75;Silver;27;Suburban;9;0
5606-AMZBO;Female;0;1;1;1;Fiber optic;1;0;0;Month-to-month;1;Credit card (automatic);7815;76515;29;200926;0,21;4,8;0,67;Bronze;25;Rural;13;1
6199-IPCAO;Female;0;1;1;1;0;No internet service;No internet service;No internet service;Two year;0;Mailed check;261;69255;138;99416;0,18;3,9;0,81;Gold;53;Suburban;19;0
7665-TOALD;Female;0;0;1;0;Fiber optic;0;0;0;Month-to-month;1;Electronic check;696;696;2;93672;0,13;4,1;0,79;Gold;49;Urban;19;1
0112-QWPNC;Male;0;1;1;1;DSL;1;0;1;One year;0;Electronic check;8435;405935;220;208145;0,07;4,9;0,15;Bronze;23;Rural;43;0
0324-BRPCJ;Female;1;1;1;1;Fiber optic;0;1;0;Month-to-month;1;Electronic check;1002;685165;339;154095;0,11;5;0,23;Bronze;23;Rural;54;1
2777-PHDEI;Female;0;0;1;0;Fiber optic;0;0;0;Month-to-month;0;Electronic check;7805;7805;2;80064;0,18;3,9;0,27;Gold;44;Urban;35;1
5640-CAXOA;Female;0;0;0;No phone service;DSL;0;0;0;One year;1;Credit card (automatic);4035;118705;67;148835;0,11;4,7;0,82;Bronze;19;Suburban;51;1
2235-EZAIK;Female;0;1;1;1;DSL;1;1;1;Two year;0;Credit card (automatic);792;54019;181;216711;0,06;3,6;0,81;Silver;26;Suburban;24;0
3847-BAERP;Female;0;0;1;0;0;No internet service;No internet service;No internet service;Month-to-month;1;Mailed check;209;2470;44;222127;0,03;3,7;0,05;Bronze;22;Urban;40;0
1196-AMORA;Male;0;0;1;1;Fiber optic;0;0;0;Month-to-month;0;Electronic check;736;5200;37;167594;0,26;3,3;0,58;Silver;51;Suburban;45;1
4282-YMKNA;Female;0;0;1;1;Fiber optic;0;0;0;Month-to-month;1;Electronic check;7475;7066;19;240499;0,13;3,4;0,83;Bronze;31;Urban;4;1
1453-RZFON;Female;0;0;1;0;DSL;1;0;0;Month-to-month;0;Mailed check;499;499;4;196916;0,19;4,3;0,31;Silver;27;Urban;40;1
8263-OKETD;Female;0;0;1;1;DSL;0;1;0;Month-to-month;1;Credit card (automatic);689;137035;67;200308;0,15;4;0,05;Silver;24;Urban;26;0
0670-KDOMA;Female;0;0;1;0;0;No internet service;No internet service;No internet service;Month-to-month;1;Mailed check;2025;2025;3;162516;0,26;3,5;0,48;Gold;37;Suburban;1;1
2476-YGEFM;Female;0;0;1;1;Fiber optic;0;0;0;Month-to-month;1;Credit card (automatic);760;221525;165;144666;0,16;3,8;0,91;Bronze;28;Urban;11;0
8687-BAFGU;Male;0;0;1;0;Fiber optic;0;0;0;Month-to-month;0;Electronic check;740;740;3;198294;0,14;3,7;0,79;Silver;30;Urban;27;1
0641-EVBOJ;Male;0;0;1;0;Fiber optic;1;0;0;Month-to-month;1;Mailed check;823;2144;11;90866;0,28;5;0,37;Bronze;34;Rural;43;1
0829-XXPLX;Female;0;0;1;0;Fiber optic;1;0;1;Month-to-month;1;Bank transfer (automatic);894;187115;41;83889;0,22;4,7;0,06;Platinum;54;Urban;12;1
9974-JFBHQ;Male;0;0;1;0;Fiber optic;0;1;0;Month-to-month;1;Credit card (automatic);9915;61712;148;198194;0,03;3,8;0,64;Silver;53;Urban;20;0
5356-RHIPP;Male;0;0;1;0;0;No internet service;No internet service;No internet service;Month-to-month;1;Mailed check;202;202;3;204714;0,05;4,8;0,83;Bronze;50;Suburban;42;1
6624-JDRDS;Female;0;0;0;No phone service;DSL;1;0;0;Month-to-month;0;Bank transfer (automatic);2945;16145;12;111335;0,24;3,7;0,66;Bronze;27;Urban;54;1
0608-JDVEC;Male;0;1;1;0;0;No internet service;No internet service;No internet service;Two year;0;Electronic check;198;10132;226;130547;0,25;4,3;0,43;Bronze;51;Suburban;7;1
9780-FKVVF;Male;0;0;1;0;DSL;1;0;0;Month-to-month;1;Bank transfer (automatic);5915;3367;22;237234;0,16;4,9;0,12;Bronze;30;Urban;59;1
1919-RTPQD;Male;0;1;1;0;DSL;0;0;0;Month-to-month;0;Electronic check;4475;33365;29;235759;0,17;3,8;0,91;Silver;42;Suburban;52;1
5214-NLTIT;Male;0;1;1;1;Fiber optic;0;0;1;Two year;1;Credit card (automatic);908;65118;194;178756;0,19;4,4;0,28;Bronze;50;Urban;11;0
3345-PBBFH;Male;0;1;1;0;DSL;0;1;0;Month-to-month;1;Bank transfer (automatic);4955;39345;25;90995;0,13;3,6;0,22;Platinum;27;Rural;40;0
5055-BRMNE;Female;0;1;1;1;Fiber optic;1;0;0;Two year;0;Credit card (automatic);1067;70095;311;82631;0,02;3,5;0,82;Bronze;41;Urban;43;0
9189-JWSHV;Female;1;1;1;1;Fiber optic;0;0;0;Month-to-month;1;Electronic check;9355;226405;140;246026;0,03;4,1;0,98;Gold;22;Urban;10;0
2190-PHBHR;Female;0;1;1;1;Fiber optic;1;1;0;Two year;1;Credit card (automatic);9445;69217;158;217039;0,29;5;0,66;Bronze;27;Rural;18;1
2650-GYRYL;Male;0;1;1;0;0;No internet service;No internet service;No internet service;One year;1;Bank transfer (automatic);1945;60025;183;168294;0,23;3,9;0,62;Bronze;44;Suburban;59;1
0746-JTRFU;Male;0;0;0;No phone service;DSL;0;0;0;Month-to-month;1;Electronic check;2505;5635;8;167278;0,19;4,9;0,32;Platinum;53;Suburban;7;0
5208-FVQKB;Male;0;1;1;0;DSL;1;1;0;Two year;0;Mailed check;6795;466415;297;144471;0,09;4,8;0,02;Gold;50;Urban;26;0
7184-LRUUR;Female;0;0;1;0;DSL;0;1;1;One year;0;Bank transfer (automatic);6525;14418;88;117116;0,05;3,5;0,19;Silver;45;Urban;56;1
6627-CFOSN;Female;0;0;1;1;Fiber optic;1;1;1;Month-to-month;1;Bank transfer (automatic);9945;56237;134;172116;0,12;3,8;0,58;Silver;20;Urban;6;0
3982-JGSFD;Male;0;0;1;0;0;No internet service;No internet service;No internet service;One year;1;Credit card (automatic);2035;69585;84;245299;0,02;4,3;0,15;Platinum;48;Urban;20;0
1574-DYCWE;Female;0;1;1;0;0;No internet service;No internet service;No internet service;Two year;0;Mailed check;1995;102875;224;213014;0,19;4;0,88;Silver;46;Urban;56;1
7247-XOZPB;Male;0;1;1;1;DSL;1;0;1;One year;0;Bank transfer (automatic);774;415595;178;127664;0,11;3,2;0,19;Bronze;38;Rural;26;1
2466-FCCPT;Female;0;1;1;0;0;No internet service;No internet service;No internet service;One year;0;Bank transfer (automatic);197;3956;113;239141;0,18;5;0,52;Bronze;49;Urban;13;0
6211-WWLTF;Male;0;1;1;0;Fiber optic;1;0;1;Two year;0;Credit card (automatic);997;63304;228;167342;0,24;4,5;0,51;Silver;45;Urban;31;1
4826-TZEVA;Female;0;0;1;0;Fiber optic;0;1;0;Month-to-month;0;Credit card (automatic);748;29717;102;94407;0,01;3,9;0,06;Silver;38;Urban;28;0
6016-NXBNJ;Male;0;0;1;0;0;No internet service;No internet service;No internet service;One year;1;Mailed check;1915;6380;170;193926;0,14;4,2;0,33;Gold;52;Suburban;23;0
9138-EFSMO;Male;0;1;1;0;Fiber optic;0;0;0;One year;0;Bank transfer (automatic);7895;203425;82;139201;0,23;3,2;0,87;Bronze;47;Urban;27;1
0576-WNXXC;Male;1;1;1;1;Fiber optic;0;1;1;Month-to-month;1;Electronic check;9555;25102;110;160093;0,16;4;0,44;Platinum;34;Urban;23;0
4632-XJMEX;Male;0;0;1;0;DSL;1;1;0;One year;0;Credit card (automatic);6285;34195;253;97878;0,02;4,9;0,07;Silver;46;Suburban;53;1
8910-LEDAG;Male;1;1;1;0;Fiber optic;0;0;0;Month-to-month;0;Credit card (automatic);7155;242735;190;163100;0,16;4,8;0,64;Silver;19;Urban;1;0
3452-GWUIN;Female;1;1;1;1;Fiber optic;0;0;0;Month-to-month;1;Electronic check;9495;176025;98;158629;0,03;3,7;0,12;Bronze;50;Urban;51;1
2716-GFZOR;Male;0;1;1;0;Fiber optic;1;1;1;Month-to-month;1;Credit card (automatic);861;355165;202;123168;0,02;4,1;0,62;Platinum;21;Urban;30;0
3724-UCSHY;Male;0;1;1;0;0;No internet service;No internet service;No internet service;Month-to-month;0;Mailed check;1955;1229;28;134862;0,15;4,4;0,55;Silver;42;Urban;11;0
8626-XHBIE;Male;0;0;1;1;0;No internet service;No internet service;No internet service;Two year;1;Mailed check;248;14242;323;108004;0,03;3,7;0,09;Silver;22;Urban;0;0
4628-CTTLA;Male;0;0;0;No phone service;DSL;0;1;0;Month-to-month;1;Electronic check;393;211145;181;100471;0,05;3,1;0,88;Platinum;21;Urban;59;1
3192-LNKRK;Male;0;1;1;0;Fiber optic;0;0;1;Month-to-month;1;Mailed check;8405;290995;68;171820;0,11;4;0,15;Platinum;46;Urban;57;1
4439-YRNVD;Female;0;0;0;No phone service;DSL;0;1;0;Month-to-month;0;Electronic check;3625;3740;30;182229;0,05;4,2;0,08;Bronze;54;Urban;20;0
2876-VBBBL;Female;0;0;1;0;0;No internet service;No internet service;No internet service;Month-to-month;1;Mailed check;2025;2025;2;145308;0,29;3;0,29;Platinum;25;Urban;28;1
6834-NXDCA;Female;0;0;0;No phone service;DSL;0;0;0;Month-to-month;1;Electronic check;239;3008;60;163969;0,28;3,2;0,99;Gold;37;Urban;29;1
2208-UGTGR;Male;0;0;1;1;Fiber optic;0;1;0;Month-to-month;0;Electronic check;986;558105;253;94568;0,01;3,4;0,02;Bronze;23;Urban;41;1
3005-TYFRD;Female;0;1;1;1;Fiber optic;0;1;1;Month-to-month;1;Credit card (automatic);10365;567665;240;89466;0,19;3,7;0,67;Bronze;53;Urban;0;0
8670-MEFCP;Female;0;1;1;1;DSL;1;1;1;Two year;1;Credit card (automatic);929;337925;74;137324;0,16;4,1;0,61;Silver;49;Urban;21;0
3079-BCHLN;Male;0;1;1;0;0;No internet service;No internet service;No internet service;One year;0;Bank transfer (automatic);199;94295;231;182208;0,24;3,6;0,65;Silver;22;Rural;41;1
7777-UNYHB;Female;0;1;1;0;0;No internet service;No internet service;No internet service;Month-to-month;1;Credit card (automatic);201;2324;39;226539;0,19;3,6;0,22;Gold;37;Urban;7;0
5597-GLBUC;Female;0;0;1;0;Fiber optic;0;0;1;Month-to-month;1;Electronic check;8545;8545;4;155955;0;4,7;0,23;Bronze;21;Suburban;12;1
7278-CKDNC;Male;1;0;1;1;Fiber optic;0;1;0;Month-to-month;1;Electronic check;805;208845;101;227748;0,23;3,3;0,43;Gold;39;Suburban;13;1
2748-MYRVK;Female;0;0;1;1;Fiber optic;0;1;0;One year;0;Bank transfer (automatic);999;61370;212;174791;0,22;4;0,01;Gold;50;Suburban;41;1
8450-UYIBU;Female;1;0;0;No phone service;DSL;0;0;1;Month-to-month;1;Electronic check;3985;14346;88;242586;0,15;4,9;0,07;Silver;48;Suburban;0;0
2969-VAPYH;Female;0;0;1;0;DSL;1;1;0;One year;0;Credit card (automatic);605;38700;159;188718;0,27;4,3;0,09;Platinum;46;Suburban;31;1
4822-YCXMX;Male;0;0;1;1;Fiber optic;0;0;0;Month-to-month;1;Electronic check;848;204345;133;102650;0,27;4,4;0,57;Gold;22;Suburban;37;1
7181-OQCUT;Male;0;0;1;1;Fiber optic;1;0;1;Month-to-month;0;Mailed check;10385;22150;119;168290;0,16;3,9;0,04;Bronze;27;Rural;11;0
8474-UMLNT;Female;0;0;1;0;DSL;1;1;0;Month-to-month;0;Bank transfer (automatic);678;84225;59;157701;0,18;3;0,29;Gold;28;Urban;51;1
9821-POOTN;Male;0;1;1;1;Fiber optic;0;0;0;Month-to-month;1;Electronic check;752;25762;84;90683;0,03;4,3;0,32;Platinum;54;Urban;46;1
3836-FZSDJ;Male;1;1;1;1;0;No internet service;No internet service;No internet service;Two year;0;Bank transfer (automatic);2485;19010;256;160978;0,09;4,3;0,21;Bronze;39;Urban;44;0
9142-XMYJH;Female;0;0;1;0;0;No internet service;No internet service;No internet service;Month-to-month;0;Credit card (automatic);1935;6016;142;84860;0,01;3,2;0,41;Platinum;41;Suburban;46;1
6559-ILWKJ;Male;0;1;0;No phone service;DSL;0;1;0;Two year;0;Electronic check;4935;351525;363;214801;0,05;3,9;0,02;Bronze;38;Urban;56;1
0187-QSXOE;Male;1;1;1;0;Fiber optic;0;0;0;Month-to-month;1;Electronic check;890;60545;17;111351;0,27;4,8;0,07;Silver;53;Rural;59;1
7733-UDMTP;Female;1;0;0;No phone service;DSL;0;1;1;Month-to-month;1;Electronic check;550;309405;114;142744;0,22;3,4;0,12;Gold;33;Urban;15;1
2649-HWLYB;Male;0;1;1;1;DSL;1;0;1;Two year;0;Bank transfer (automatic);7615;492955;315;235418;0,03;3,9;0,95;Gold;19;Urban;23;0
5214-CHIWJ;Male;0;0;1;0;0;No internet service;No internet service;No internet service;One year;0;Mailed check;203;59505;92;200198;0,29;3,9;0,09;Gold;32;Urban;43;1
4229-CZMLL;Male;0;0;1;1;Fiber optic;0;0;0;Month-to-month;1;Electronic check;749;4698;18;154155;0,22;4,6;0,94;Silver;43;Suburban;19;1
6904-JLBGY;Female;1;0;1;1;Fiber optic;1;1;1;Two year;1;Credit card (automatic);11735;843625;147;201449;0,26;4,6;0,83;Silver;47;Suburban;42;1
2465-BLLEU;Male;0;0;1;0;0;No internet service;No internet service;No internet service;Month-to-month;1;Mailed check;1975;1975;4;156700;0,01;4,5;0,68;Silver;19;Urban;43;1
1685-VAYJF;Male;0;0;1;0;DSL;0;0;0;Month-to-month;0;Credit card (automatic);452;4920;59;86955;0,15;3,7;0,91;Silver;46;Suburban;31;0
8874-EJNSR;Male;0;1;1;1;0;No internet service;No internet service;No internet service;Two year;0;Mailed check;252;98795;227;101662;0,21;3,1;0,14;Silver;23;Urban;26;1
6917-YACBP;Female;1;0;1;1;Fiber optic;1;1;1;Month-to-month;1;Electronic check;8975;54969;251;86408;0,16;3,7;0,18;Gold;18;Urban;33;0
5049-MUBWG;Male;0;0;1;0;DSL;1;0;0;One year;0;Bank transfer (automatic);750;190835;105;81225;0,02;4,4;0,25;Bronze;28;Urban;21;0
4223-WOZCM;Male;1;0;1;0;DSL;0;0;1;Month-to-month;0;Mailed check;4995;1071;4;223268;0,25;4,4;0,24;Silver;40;Suburban;2;1
0769-MURVM;Female;0;1;0;No phone service;DSL;1;1;1;Two year;0;Bank transfer (automatic);657;457535;302;226444;0,11;4,9;0,31;Bronze;43;Suburban;16;0
9253-VIFJQ;Male;0;1;1;1;DSL;1;1;1;One year;0;Credit card (automatic);6705;430955;228;97279;0,25;3,9;0,58;Silver;48;Urban;13;1
7030-FZTFM;Male;0;1;1;1;Fiber optic;0;1;1;Two year;0;Credit card (automatic);1109;792275;318;190401;0,05;4,3;0,03;Bronze;32;Urban;26;0
9741-YLNTD;Male;0;0;1;1;Fiber optic;0;0;0;Month-to-month;1;Bank transfer (automatic);8795;52235;21;172404;0,08;4,1;0,38;Silver;26;Suburban;38;0
5917-RYRMG;Male;1;0;1;0;0;No internet service;No internet service;No internet service;One year;0;Credit card (automatic);198;5877;94;249259;0,01;3,3;0,25;Bronze;51;Urban;19;1
5120-ZBLAI;Female;0;1;1;1;DSL;0;0;1;One year;0;Bank transfer (automatic);757;38762;118;128481;0,11;3,9;0,61;Bronze;34;Urban;45;0
1194-BHJYC;Male;0;1;0;No phone service;DSL;1;0;1;Two year;1;Mailed check;6215;377885;198;239547;0,11;4,1;0,99;Silver;52;Urban;30;0
3663-MITLP;Female;0;0;1;0;Fiber optic;0;1;1;Month-to-month;1;Electronic check;10125;145725;35;124552;0,24;4,9;0,52;Silver;53;Urban;40;1
0906-QVPMS;Male;0;1;1;1;Fiber optic;1;1;1;Two year;0;Bank transfer (automatic);11515;834945;194;217930;0,02;3,7;0,43;Silver;20;Suburban;30;0
9025-ZRPVR;Male;0;0;1;0;0;No internet service;No internet service;No internet service;Month-to-month;1;Mailed check;1895;1856;53;154474;0,13;5;0,37;Bronze;28;Urban;28;0
1905-OEILC;Female;0;0;1;0;0;No internet service;No internet service;No internet service;Month-to-month;0;Mailed check;195;195;3;105168;0,02;4,1;0,78;Platinum;45;Rural;41;1
7858-GTZSP;Female;0;0;1;1;Fiber optic;0;0;0;Month-to-month;1;Electronic check;8655;10669;49;112099;0,02;3,5;0,07;Bronze;45;Suburban;57;1
3285-UCQVC;Female;0;0;0;No phone service;DSL;0;0;0;Month-to-month;0;Credit card (automatic);286;97355;203;141455;0,05;3,4;0,96;Gold;36;Suburban;42;1
6248-BSHKG;Male;0;1;1;0;0;No internet service;No internet service;No internet service;One year;0;Mailed check;204;122645;364;134240;0,19;3,3;0,42;Gold;19;Urban;31;1
4685-TFLLS;Male;0;1;1;0;0;No internet service;No internet service;No internet service;One year;0;Bank transfer (automatic);198;3423;77;154796;0,19;3,9;0,31;Bronze;49;Urban;29;0
3470-BTGQO;Male;0;0;1;0;DSL;0;0;0;Month-to-month;0;Mailed check;4565;98505;110;134592;0,23;3;0,97;Silver;28;Suburban;42;1
1209-VFFOC;Male;0;1;0;No phone service;DSL;1;1;1;Two year;1;Mailed check;564;394845;224;202181;0,12;3,9;0,94;Platinum;33;Suburban;26;0
8224-DWCKX;Male;1;0;1;1;Fiber optic;0;0;0;Month-to-month;1;Credit card (automatic);733;82805;38;181611;0,22;5;0,64;Silver;28;Urban;18;1
5482-PLVPE;Female;1;0;0;No phone service;DSL;0;0;0;Month-to-month;0;Electronic check;2435;4185;7;138046;0,21;4,3;0,02;Bronze;20;Urban;27;1
4553-DVPZG;Female;0;1;1;1;Fiber optic;0;0;1;Month-to-month;1;Electronic check;10135;61647;290;96488;0,29;4,5;0,75;Silver;46;Urban;44;1
4902-OHLSK;Female;1;0;1;1;Fiber optic;0;0;0;Month-to-month;0;Electronic check;9865;286275;137;198521;0,06;3,2;0,34;Silver;22;Suburban;9;1
6917-IAYHD;Male;0;0;0;No phone service;DSL;0;1;0;Month-to-month;0;Mailed check;336;336;3;211467;0,17;3,9;0,39;Gold;45;Suburban;15;1
0495-ZBNGW;Male;1;1;1;1;Fiber optic;0;0;1;Month-to-month;1;Bank transfer (automatic);799;34395;12;221917;0,18;3,6;0,16;Platinum;48;Suburban;30;0
8620-RJPZN;Female;0;0;1;0;0;No internet service;No internet service;No internet service;Month-to-month;0;Electronic check;207;207;4;247131;0,03;4,8;0,52;Bronze;30;Rural;9;1
7572-KPVKK;Male;0;0;1;1;Fiber optic;0;0;1;Two year;1;Electronic check;10405;65905;155;98394;0,06;3,4;0,74;Bronze;42;Suburban;9;1
2642-MAWLJ;Female;0;1;1;0;0;No internet service;No internet service;No internet service;Two year;0;Bank transfer (automatic);2025;71795;155;173993;0,16;3,9;0,27;Bronze;23;Urban;27;0
2357-COQEK;Female;1;0;1;1;Fiber optic;0;0;1;Month-to-month;1;Electronic check;1033;289065;133;139332;0,01;4,2;0,94;Platinum;20;Suburban;11;0
7103-ZGVNT;Female;0;1;1;1;DSL;1;1;0;One year;0;Credit card (automatic);737;488585;331;248377;0,16;4;0,19;Silver;39;Suburban;32;0
3737-GCSPV;Female;0;1;1;1;Fiber optic;1;0;0;Month-to-month;1;Credit card (automatic);962;122205;55;122628;0,07;4,7;0,07;Gold;49;Urban;27;0
2027-WKXMW;Female;0;1;1;1;Fiber optic;0;1;1;Month-to-month;1;Electronic check;10875;68717;345;101352;0,01;3,5;0,64;Silver;47;Urban;17;0
7137-NAXML;Male;0;0;1;0;0;No internet service;No internet service;No internet service;One year;0;Bank transfer (automatic);2015;4056;91;162971;0,17;3,8;0,85;Gold;24;Suburban;51;1
2428-ZMCTB;Male;0;0;1;0;0;No internet service;No internet service;No internet service;Month-to-month;0;Credit card (automatic);1975;20825;49;131993;0,01;4,6;0,95;Bronze;42;Suburban;27;0
2961-VNFKL;Female;0;1;1;1;0;No internet service;No internet service;No internet service;Two year;1;Credit card (automatic);2595;18019;317;183027;0,05;4,1;0,77;Platinum;19;Suburban;27;0
1768-HNVGJ;Female;1;0;1;1;DSL;1;0;0;Month-to-month;1;Electronic check;7005;306245;123;200212;0,01;3,8;0,02;Silver;25;Suburban;42;0
6963-KQYQB;Female;0;1;1;1;0;No internet service;No internet service;No internet service;Two year;0;Mailed check;2405;176475;147;88539;0,01;3,1;0,98;Gold;50;Urban;38;1
5934-RMPOV;Female;0;0;1;1;Fiber optic;0;0;0;Month-to-month;1;Electronic check;8475;181675;69;212335;0,29;4,5;0,92;Bronze;45;Suburban;13;1
1207-BLKSA;Female;0;1;1;1;0;No internet service;No internet service;No internet service;Two year;0;Mailed check;2305;12551;196;224377;0,17;4,9;0,16;Silver;27;Urban;7;0
4088-YLDSU;Male;0;1;1;1;Fiber optic;0;0;1;One year;1;Electronic check;10415;574305;245;133817;0,24;4,2;0,56;Silver;35;Urban;29;1
8316-BBQAY;Female;0;0;0;No phone service;DSL;1;0;1;Two year;0;Credit card (automatic);5995;39211;350;235470;0,13;4,7;0,56;Bronze;30;Urban;35;0
1166-PQLGG;Female;0;1;1;0;0;No internet service;No internet service;No internet service;Two year;0;Bank transfer (automatic);1955;146345;200;129107;0,27;4;0,44;Silver;38;Urban;2;1
3146-JTQHR;Male;0;1;1;0;0;No internet service;No internet service;No internet service;One year;0;Bank transfer (automatic);196;18945;25;243224;0,14;3,5;0,98;Silver;50;Urban;9;0
4291-YZODP;Female;0;0;1;0;0;No internet service;No internet service;No internet service;One year;0;Mailed check;2005;968;40;241696;0,17;3;0,06;Bronze;40;Suburban;8;1
4395-PZMSN;Male;1;0;1;0;Fiber optic;0;1;0;Month-to-month;1;Electronic check;8555;4085;12;209240;0,15;4,3;0,63;Bronze;18;Urban;46;1
6427-FEFIG;Female;0;1;1;1;DSL;1;0;1;Two year;0;Credit card (automatic);786;184665;93;179655;0,22;4;0,21;Silver;38;Urban;39;1
0017-IUDMW;Female;0;1;1;1;Fiber optic;1;1;1;Two year;1;Credit card (automatic);1168;845675;312;136132;0,17;4,6;0,53;Bronze;22;Urban;12;0
8706-HRADD;Male;0;0;0;No phone service;DSL;1;0;0;Month-to-month;1;Mailed check;4355;10115;87;205701;0,08;4,4;0,78;Silver;52;Suburban;21;0
9955-QOPOY;Male;0;1;0;No phone service;DSL;0;1;1;One year;1;Credit card (automatic);608;42634;161;185494;0,04;5;0,25;Silver;35;Urban;56;1
4385-ZKVNW;Male;0;1;1;0;DSL;0;1;0;Month-to-month;1;Bank transfer (automatic);549;25491;98;132979;0,18;4;0,39;Bronze;53;Urban;23;0
5446-DKWYW;Female;1;1;1;1;DSL;0;0;1;One year;1;Electronic check;652;396505;147;138013;0,15;3,9;0,95;Bronze;46;Urban;6;0
2034-CGRHZ;Male;1;0;1;1;Fiber optic;0;1;1;Month-to-month;1;Credit card (automatic);10295;24967;104;143797;0,03;3,6;0,76;Gold;43;Urban;12;0
5797-APWZC;Female;0;0;1;0;Fiber optic;0;0;0;Month-to-month;0;Electronic check;906;906;4;131798;0,12;4;0,57;Bronze;53;Urban;5;1
3683-QKIUE;Female;0;0;1;0;DSL;0;0;0;Month-to-month;1;Bank transfer (automatic);508;28805;17;227722;0,15;4,7;0,22;Silver;35;Suburban;9;0
4228-ZGYUW;Male;0;0;1;1;Fiber optic;0;1;0;Month-to-month;1;Electronic check;9005;3681;18;237086;0,25;3,1;0,43;Silver;46;Urban;50;1
9031-ZVQPT;Male;0;1;1;1;Fiber optic;0;1;1;Two year;1;Electronic check;1082;78406;380;156421;0,02;5;0,77;Platinum;48;Urban;59;1
2990-IAJSV;Male;0;0;1;1;DSL;1;1;1;Two year;0;Bank transfer (automatic);920;663275;155;87434;0,01;5;0,82;Bronze;30;Urban;10;0
8107-KNCIM;Male;1;1;1;1;Fiber optic;0;0;0;Month-to-month;1;Electronic check;751;101335;55;110028;0,25;4,2;0,24;Gold;47;Suburban;28;1
9027-YFHQJ;Male;0;0;1;1;0;No internet service;No internet service;No internet service;Month-to-month;1;Bank transfer (automatic);2505;15295;33;146558;0,19;3,7;0,66;Silver;24;Urban;15;0
5176-LDKUH;Female;0;0;1;0;Fiber optic;0;1;0;One year;0;Electronic check;7515;377265;144;104331;0,09;3,4;0,01;Bronze;23;Rural;53;1
4644-OBGFZ;Male;0;1;1;0;0;No internet service;No internet service;No internet service;One year;0;Mailed check;195;102635;177;147573;0,25;3,6;0,02;Bronze;19;Suburban;19;1
7926-IJOOU;Male;0;0;1;0;0;No internet service;No internet service;No internet service;Month-to-month;0;Credit card (automatic);193;193;4;209473;0,15;3,1;0,55;Silver;25;Urban;20;1
6480-YAGIY;Male;0;0;1;0;Fiber optic;1;1;1;One year;0;Credit card (automatic);1122;503185;251;162979;0,15;4;0,22;Bronze;27;Suburban;54;1
4029-HPFVY;Male;0;0;1;0;Fiber optic;0;0;0;Month-to-month;1;Mailed check;703;2204;15;84123;0,29;3,1;0,08;Bronze;39;Urban;28;1
7602-DBTOU;Female;0;1;1;0;0;No internet service;No internet service;No internet service;Two year;0;Mailed check;196;14165;307;96603;0,28;4,4;0,73;Platinum;27;Urban;13;1
5345-BMKWB;Male;0;1;1;0;0;No internet service;No internet service;No internet service;Month-to-month;0;Mailed check;2025;15835;39;145941;0,11;3,7;0,05;Bronze;52;Urban;54;1
3519-ZKXGG;Female;0;1;1;1;Fiber optic;0;0;0;Month-to-month;1;Electronic check;7585;2566;10;122597;0,04;3,4;0,08;Silver;36;Suburban;59;1
5457-COLHT;Male;0;1;1;0;DSL;1;1;0;Two year;0;Bank transfer (automatic);8065;554255;314;164238;0,01;4,1;0,66;Gold;21;Urban;40;0
6416-TVAIH;Male;0;1;1;0;Fiber optic;0;0;0;Month-to-month;1;Electronic check;685;685;3;121751;0,01;4,9;0,73;Gold;36;Suburban;15;1
5451-YHYPW;Female;1;1;1;1;Fiber optic;1;1;1;Two year;1;Credit card (automatic);11575;84437;198;206462;0,01;4,4;0,31;Bronze;37;Suburban;8;0
5108-ADXWO;Male;0;0;1;0;Fiber optic;1;0;0;Month-to-month;1;Electronic check;735;79175;52;166978;0,12;4;0,26;Gold;21;Urban;5;0
7998-WNZEM;Male;0;0;1;1;DSL;1;1;1;Two year;0;Bank transfer (automatic);806;57082;300;97693;0,28;4,6;0,06;Silver;43;Rural;37;1
3066-RRJIO;Female;0;0;1;0;Fiber optic;0;0;0;Month-to-month;1;Mailed check;6995;6995;3;248769;0,26;4,5;0,02;Bronze;20;Urban;28;1
4664-NJCMS;Female;0;1;0;No phone service;DSL;1;0;1;Two year;0;Bank transfer (automatic);5955;20163;186;174524;0,15;4,8;0,82;Bronze;47;Rural;17;0
0307-BCOPK;Female;0;0;1;0;0;No internet service;No internet service;No internet service;One year;0;Mailed check;1905;32665;33;177869;0,17;3,4;0,52;Bronze;53;Suburban;23;1
7629-WFGLW;Female;1;1;1;1;Fiber optic;1;1;1;One year;0;Electronic check;9565;547175;182;241064;0;4,7;0,23;Bronze;23;Suburban;50;1
2542-HYGIQ;Female;0;0;1;0;0;No internet service;No internet service;No internet service;Month-to-month;0;Credit card (automatic);1995;1995;2;143825;0,06;3,6;0,63;Bronze;44;Suburban;16;1
6715-OFDBP;Male;0;0;1;0;DSL;0;0;1;Month-to-month;1;Electronic check;7005;3464;25;220594;0,01;4,9;0,95;Bronze;33;Suburban;35;0
5016-LIPDW;Male;0;1;1;0;0;No internet service;No internet service;No internet service;One year;0;Mailed check;194;10616;274;210475;0,23;3,6;0,08;Silver;33;Urban;20;1
6481-LXPWL;Male;0;1;0;No phone service;DSL;0;1;1;One year;1;Credit card (automatic);361;19715;186;125406;0,04;4,9;0,11;Gold;53;Suburban;18;0
1567-DSCIC;Male;0;0;1;1;Fiber optic;0;1;1;Month-to-month;1;Electronic check;940;77365;37;223193;0,26;4,9;0,84;Silver;51;Urban;22;1
2150-UWTFY;Female;0;1;1;0;DSL;1;1;1;Month-to-month;0;Mailed check;6115;142205;78;203371;0,19;3,3;0,11;Silver;41;Urban;26;1
6124-ACRHJ;Female;0;0;1;0;0;No internet service;No internet service;No internet service;Month-to-month;0;Mailed check;1975;1975;5;225291;0,07;4,9;0,04;Gold;23;Rural;52;1
9362-MWODR;Female;0;0;1;0;DSL;1;0;0;Month-to-month;1;Credit card (automatic);641;246035;152;81617;0,05;3,2;0,35;Gold;37;Urban;10;1
9975-GPKZU;Male;0;1;1;0;0;No internet service;No internet service;No internet service;Two year;0;Credit card (automatic);1975;8565;167;123016;0,19;3,4;0,47;Gold;26;Urban;25;1
9625-RZFUK;Male;0;1;1;0;0;No internet service;No internet service;No internet service;Two year;0;Mailed check;197;127585;361;104276;0,27;3,9;0,57;Bronze;38;Urban;52;1
5153-LXKDT;Male;0;1;1;1;Fiber optic;1;1;1;Two year;1;Electronic check;1102;74675;204;152240;0,22;5;0,51;Bronze;28;Urban;53;1
5161-UBZXI;Male;0;1;1;0;Fiber optic;1;1;0;Two year;1;Credit card (automatic);10635;726175;171;186292;0,01;4;0,91;Silver;47;Urban;10;0
1020-JPQOW;Female;0;1;1;1;Fiber optic;0;1;1;Month-to-month;0;Electronic check;9055;51166;242;97959;0,18;4,1;0,77;Bronze;18;Urban;42;0
7919-ZODZZ;Female;0;1;1;0;DSL;0;1;1;One year;1;Mailed check;659;66005;58;108522;0,09;4,4;0,98;Bronze;44;Suburban;21;0
0565-JUPYD;Male;0;0;1;1;Fiber optic;1;1;1;One year;0;Credit card (automatic);1045;65908;221;221025;0,03;4,9;0,48;Bronze;23;Urban;56;1
6867-ACCZI;Female;0;1;0;No phone service;DSL;1;1;1;Two year;1;Mailed check;525;120815;53;106567;0,22;4,6;0,08;Platinum;24;Urban;18;1
5939-XAIXZ;Female;0;0;1;1;DSL;0;0;1;Month-to-month;1;Mailed check;561;10339;63;142708;0,18;3,4;0,96;Bronze;39;Rural;7;1
9054-FOWNV;Male;0;1;1;1;Fiber optic;0;0;1;Month-to-month;1;Electronic check;8875;188515;88;206206;0,13;3,6;0;Silver;51;Rural;58;1
2683-BPJSO;Male;0;1;1;1;Fiber optic;1;1;0;Month-to-month;1;Electronic check;8445;24671;76;102560;0,19;3,2;0,78;Bronze;37;Suburban;22;1
2157-MXBJS;Male;0;1;1;1;DSL;0;0;1;One year;1;Mailed check;753;98945;60;138390;0,01;4,3;0,03;Gold;32;Urban;47;1
8207-VVMYB;Female;0;1;1;1;0;No internet service;No internet service;No internet service;Two year;1;Bank transfer (automatic);260;200695;419;205772;0,01;3,4;0,76;Silver;26;Urban;56;1
9732-EQMWY;Female;0;1;1;0;Fiber optic;0;1;1;Month-to-month;0;Electronic check;994;50250;186;247732;0,12;3,5;0,94;Bronze;35;Suburban;52;1
9360-AHGNL;Female;1;1;1;1;Fiber optic;1;0;1;One year;1;Mailed check;10955;483025;147;125104;0,28;4,8;0,39;Platinum;53;Urban;22;1
1087-UDSIH;Female;0;0;1;0;0;No internet service;No internet service;No internet service;Month-to-month;1;Mailed check;196;5975;10;137805;0,19;3,7;0,24;Gold;47;Rural;39;0
5269-NRGDP;Male;0;1;1;0;DSL;0;0;1;One year;0;Electronic check;7315;308825;103;104496;0,03;4,1;0,23;Gold;28;Urban;8;0
6195-MELTI;Male;0;0;1;0;DSL;0;1;0;One year;1;Mailed check;5465;31347;315;171257;0,27;3,8;0,49;Platinum;50;Suburban;23;1
5485-WUYWF;Male;1;0;1;0;DSL;1;0;1;Month-to-month;0;Bank transfer (automatic);664;9455;7;83515;0,08;3,1;0,17;Silver;23;Urban;11;1
2121-JAFOM;Female;0;1;1;1;Fiber optic;1;1;1;Two year;1;Credit card (automatic);11555;83124;255;84454;0,07;3,7;0,67;Gold;39;Urban;11;0
8818-DOPVL;Female;1;0;1;1;Fiber optic;0;1;1;Month-to-month;1;Electronic check;10445;486385;213;102873;0,09;3,8;0,37;Bronze;36;Suburban;31;0
2632-UCGVD;Male;1;1;1;1;Fiber optic;0;0;0;Month-to-month;1;Credit card (automatic);10005;68719;248;153920;0,17;4,8;0,32;Silver;39;Suburban;1;0
5445-PZWGX;Male;0;0;1;1;Fiber optic;1;1;0;One year;0;Electronic check;1020;652925;284;93727;0,16;3,6;0,46;Bronze;48;Suburban;58;1
1227-UDMZR;Female;0;1;1;1;DSL;1;1;1;Two year;1;Bank transfer (automatic);9115;66379;161;208376;0,15;3,8;0,54;Bronze;42;Urban;5;0
5198-HQAEN;Male;0;1;1;0;Fiber optic;0;1;0;One year;1;Electronic check;897;31656;183;149070;0,22;4,6;0,14;Silver;47;Suburban;3;1
9170-CCKOU;Male;0;1;1;1;Fiber optic;1;1;1;Month-to-month;0;Credit card (automatic);902;145415;97;179059;0,09;4,5;0,71;Bronze;21;Urban;12;0
2167-FQSTQ;Female;0;1;1;1;DSL;1;1;1;Two year;1;Electronic check;924;67861;330;204564;0,23;4,6;0,88;Silver;43;Urban;35;1
2819-GWENI;Female;0;1;1;0;0;No internet service;No internet service;No internet service;One year;0;Mailed check;199;5430;162;197213;0,05;4,9;0,28;Silver;24;Urban;40;0
1043-YCUTE;Male;0;1;1;1;0;No internet service;No internet service;No internet service;Two year;1;Credit card (automatic);2515;132715;145;105465;0,23;4,6;0,18;Silver;29;Suburban;38;1
3814-MLAXC;Female;0;0;1;1;Fiber optic;0;0;0;Month-to-month;1;Credit card (automatic);7985;240415;121;139799;0,02;3,8;0,76;Bronze;18;Urban;37;0
3572-UUHRS;Male;0;0;1;0;0;No internet service;No internet service;No internet service;One year;0;Bank transfer (automatic);1885;8673;198;176129;0,02;4,6;0,18;Bronze;23;Suburban;17;0
2692-PFYTJ;Female;0;0;1;1;0;No internet service;No internet service;No internet service;Month-to-month;1;Mailed check;2575;2575;4;232402;0,14;4;0,04;Silver;18;Urban;14;1
1226-UDFZR;Female;0;0;1;0;DSL;0;1;0;Month-to-month;1;Mailed check;496;1147;7;219374;0,02;3,6;0,62;Silver;25;Urban;47;1
5955-EPOAZ;Female;0;0;1;0;0;No internet service;No internet service;No internet service;Month-to-month;1;Mailed check;2095;1095;20;187288;0,02;3,6;0,24;Bronze;50;Urban;32;0
6821-JPCDC;Female;0;1;1;0;Fiber optic;0;1;1;One year;1;Electronic check;9705;469295;120;92875;0,26;3,4;0,17;Silver;21;Urban;41;1
8815-LMFLX;Male;0;1;1;1;0;No internet service;No internet service;No internet service;Month-to-month;1;Bank transfer (automatic);254;54685;89;107219;0,02;3,3;0,98;Gold;23;Urban;29;1
9135-HSWOC;Male;0;1;1;0;0;No internet service;No internet service;No internet service;Two year;1;Bank transfer (automatic);197;127405;169;116182;0,04;3,4;0,29;Bronze;20;Urban;35;1
8582-KRHPJ;Male;0;0;0;No phone service;DSL;1;1;0;Month-to-month;1;Mailed check;350;17824;246;159781;0,17;3,1;0,09;Silver;32;Urban;24;1
5811-IWXYM;Female;0;1;1;1;Fiber optic;0;0;1;One year;0;Bank transfer (automatic);10125;53011;147;86457;0,22;4,8;0,18;Bronze;23;Urban;3;1
7044-YAACC;Male;1;1;1;0;Fiber optic;0;0;0;Month-to-month;1;Electronic check;702;28035;8;217821;0,02;4,9;0,82;Platinum;23;Urban;17;0
8189-XRIKE;Female;1;0;1;0;Fiber optic;0;0;0;Month-to-month;0;Electronic check;9095;289795;134;113064;0,28;4,2;0,05;Bronze;54;Urban;44;1
1506-YJTYT;Male;0;1;1;1;DSL;1;1;0;Two year;0;Credit card (automatic);7385;33710;197;220893;0,29;4,7;0,08;Bronze;44;Urban;55;1
4123-DVHPH;Male;0;1;1;1;Fiber optic;1;0;0;Month-to-month;1;Electronic check;8805;8013;49;195256;0,18;3,4;0,73;Gold;22;Urban;53;1
6425-YQLLO;Female;1;1;1;1;Fiber optic;0;0;1;One year;1;Credit card (automatic);10595;697525;284;178297;0,14;4,8;0,89;Bronze;34;Rural;32;0
5442-UTCVD;Male;0;0;1;1;Fiber optic;0;0;1;Month-to-month;0;Electronic check;9185;25705;10;218736;0,22;4;0,16;Silver;40;Urban;19;1
2228-BZDEE;Female;0;0;1;0;0;No internet service;No internet service;No internet service;Two year;0;Mailed check;201;107945;281;240353;0,01;3,1;0,73;Bronze;34;Urban;41;1
7734-DBOAI;Female;0;1;0;No phone service;DSL;0;0;0;Month-to-month;0;Electronic check;401;401;4;242893;0,15;3,3;0,45;Platinum;40;Urban;20;1
2789-CZANW;Female;0;1;1;1;Fiber optic;1;1;0;Two year;0;Bank transfer (automatic);1103;69973;148;235719;0,27;3,6;0,75;Gold;50;Urban;0;1
2091-RFFBA;Female;1;0;1;1;Fiber optic;0;0;0;Month-to-month;1;Electronic check;739;221715;132;149918;0,29;3,1;0,71;Silver;19;Urban;33;1
2114-MGINA;Female;0;0;1;0;Fiber optic;0;0;0;Month-to-month;1;Mailed check;898;11291;78;170179;0,28;3,6;0,03;Bronze;27;Urban;8;1
7596-LDUXP;Female;0;0;1;0;Fiber optic;1;0;0;One year;1;Credit card (automatic);8515;97905;43;154944;0,08;3,1;0,18;Bronze;36;Urban;0;1
3740-RLMVT;Male;1;1;1;0;DSL;1;1;0;One year;1;Bank transfer (automatic);6095;41194;213;169142;0,07;3,5;0,47;Silver;26;Suburban;46;1
4489-SNOJF;Female;0;1;1;1;DSL;1;0;1;Month-to-month;0;Electronic check;7225;256855;90;107603;0,09;3,5;0,93;Bronze;32;Rural;26;0
2192-OZITF;Female;0;0;1;1;DSL;1;0;0;Two year;0;Mailed check;7355;33491;117;126458;0,13;5;0,34;Silver;41;Suburban;14;0
5651-CPDND;Male;0;0;1;0;DSL;0;0;0;Month-to-month;0;Mailed check;460;4921;37;150605;0,09;3,5;0,63;Silver;29;Urban;23;0
2186-QZEYA;Female;1;0;1;1;DSL;1;1;0;Month-to-month;1;Bank transfer (automatic);5855;171895;127;99623;0,11;3,5;0,01;Gold;39;Suburban;59;1
1131-ALZWV;Female;0;0;1;1;0;No internet service;No internet service;No internet service;One year;0;Bank transfer (automatic);246;60525;55;124440;0,19;4,4;0,71;Bronze;35;Urban;58;1
7729-XBTWX;Male;0;1;1;0;0;No internet service;No internet service;No internet service;Two year;1;Mailed check;1975;13445;380;162427;0,23;4,7;0,06;Silver;19;Suburban;24;1
9134-WYRVP;Male;0;0;1;0;Fiber optic;1;0;0;One year;0;Mailed check;8635;426715;256;218776;0,22;3,8;0,72;Gold;32;Urban;33;1
3284-SVCRO;Female;0;1;1;1;0;No internet service;No internet service;No internet service;Two year;0;Mailed check;255;112105;195;173826;0,24;4,8;0,09;Silver;26;Urban;43;1
9732-OUYRN;Female;0;1;1;0;0;No internet service;No internet service;No internet service;One year;0;Credit card (automatic);190;9187;260;107460;0,01;3,7;0,15;Gold;39;Urban;49;1
0559-CKHUS;Female;0;1;1;0;0;No internet service;No internet service;No internet service;Two year;1;Mailed check;1955;5218;67;190373;0,01;3,4;0,26;Bronze;34;Suburban;54;1
2931-SVLTV;Male;0;1;1;1;Fiber optic;1;1;0;Month-to-month;1;Credit card (automatic);1101;44691;156;217637;0,24;3,7;0,1;Gold;31;Suburban;9;1
6899-PPEEA;Female;1;0;1;1;Fiber optic;0;0;0;Month-to-month;1;Electronic check;9655;35803;167;84870;0,16;4,2;0,16;Platinum;48;Urban;29;0
7504-UWHNB;Male;0;0;1;0;Fiber optic;0;0;0;Month-to-month;0;Electronic check;6975;172935;132;98909;0,17;3,7;0,72;Bronze;24;Suburban;44;0
2582-FFFZR;Female;0;0;0;No phone service;DSL;0;0;1;Month-to-month;1;Electronic check;506;10733;112;89117;0,02;4,3;0,73;Bronze;52;Suburban;40;0
8908-NMQTX;Male;0;0;0;No phone service;DSL;1;1;1;Two year;1;Bank transfer (automatic);656;45665;223;147474;0,08;3,5;0,68;Bronze;51;Urban;57;1
2187-LZGPL;Female;0;0;0;No phone service;DSL;0;1;0;Month-to-month;1;Credit card (automatic);401;2933;40;173926;0,19;4,4;0,23;Silver;20;Urban;24;0
1431-AIDJQ;Male;0;1;1;0;DSL;0;1;1;Two year;0;Credit card (automatic);821;26031;82;207463;0,26;3,7;0,22;Silver;19;Suburban;2;1
6288-LBEAR;Female;0;0;1;0;Fiber optic;0;1;0;Month-to-month;1;Mailed check;791;178375;126;181536;0,28;3,9;0,67;Bronze;44;Urban;54;1
4597-NUCQV;Male;1;0;1;1;Fiber optic;0;1;0;Month-to-month;1;Electronic check;10125;244015;141;100128;0,15;4,1;0,19;Gold;19;Suburban;21;0
9019-QVLZD;Female;0;0;1;0;Fiber optic;0;0;0;Month-to-month;0;Electronic check;7955;7955;2;149001;0,16;4,4;0,66;Gold;22;Urban;39;1
8413-YNHNV;Male;0;0;1;1;DSL;1;1;1;Two year;0;Mailed check;9065;63221;337;80440;0,25;3,5;0,49;Platinum;38;Rural;45;1
5808-TOTXO;Female;0;0;1;0;0;No internet service;No internet service;No internet service;One year;1;Credit card (automatic);2055;574;6;203491;0,16;4,7;0,39;Silver;24;Rural;55;1
4369-NYSCF;Male;0;0;1;0;DSL;0;1;0;One year;1;Bank transfer (automatic);7575;428465;202;222735;0,16;4,4;0,03;Silver;42;Urban;23;0
6333-YDVLT;Male;0;0;1;1;Fiber optic;1;0;1;One year;1;Credit card (automatic);1100;713865;264;230619;0,27;3,5;0,95;Gold;18;Urban;55;1
5324-KTGCG;Male;0;1;1;0;0;No internet service;No internet service;No internet service;One year;0;Electronic check;2085;153975;306;161662;0,24;4,9;0,51;Bronze;26;Urban;26;1
5599-HVLTW;Female;1;0;1;1;Fiber optic;0;0;1;Month-to-month;1;Bank transfer (automatic);8035;10581;80;80005;0,27;4,3;0,56;Silver;19;Urban;25;1
7394-LWLYN;Female;0;0;1;0;Fiber optic;0;0;0;Month-to-month;1;Electronic check;7015;1238;9;87038;0,07;3,9;0,95;Silver;20;Urban;15;0
3707-LRWZD;Female;0;0;1;1;Fiber optic;0;0;0;One year;0;Electronic check;8405;278185;125;86414;0,16;3,3;0,65;Bronze;54;Suburban;37;1
6873-UDNLD;Male;0;0;1;0;DSL;1;0;1;Month-to-month;0;Electronic check;6745;27310;209;149506;0,25;4,1;0,96;Bronze;21;Suburban;40;1
2700-LUEVA;Male;0;0;1;0;0;No internet service;No internet service;No internet service;Month-to-month;0;Credit card (automatic);2075;2075;5;156586;0,03;3,3;0,11;Bronze;38;Suburban;52;1
1455-ESIQH;Male;0;0;1;0;Fiber optic;0;0;0;Month-to-month;1;Electronic check;891;891;2;213678;0,24;3,9;0,85;Silver;43;Urban;3;1
0958-YHXGP;Female;0;0;1;0;Fiber optic;0;0;0;Month-to-month;1;Mailed check;699;4973;41;96482;0,05;3,8;0,34;Silver;54;Suburban;22;0
1101-SSWAG;Female;0;1;1;1;DSL;0;0;0;Month-to-month;1;Electronic check;511;71115;35;113948;0,24;4,4;0,81;Gold;31;Urban;18;1
2979-SXESE;Female;0;1;1;1;Fiber optic;1;0;1;Month-to-month;0;Electronic check;944;16072;89;169987;0,18;3,4;0,86;Silver;27;Urban;55;1
4013-TLDHQ;Male;0;0;1;0;Fiber optic;0;1;1;Month-to-month;1;Electronic check;7825;149095;59;100875;0,06;4,6;0,27;Bronze;43;Urban;14;0
5743-KHMNA;Male;0;0;1;1;0;No internet service;No internet service;No internet service;Two year;0;Bank transfer (automatic);2555;18981;179;93057;0,14;3,7;0,41;Silver;27;Suburban;30;0
4194-FJARJ;Female;0;1;1;1;DSL;1;0;0;Two year;0;Bank transfer (automatic);600;327395;203;112400;0,02;3,9;0,73;Bronze;54;Urban;23;0
5325-UWTWJ;Male;0;1;1;1;Fiber optic;1;1;0;Month-to-month;1;Credit card (automatic);9055;292975;141;148607;0,19;4,5;0,01;Bronze;35;Rural;10;0
3969-GYXEL;Female;0;0;1;0;Fiber optic;1;0;0;Month-to-month;0;Electronic check;764;8387;38;167561;0,13;4,3;0,76;Bronze;44;Suburban;52;1
9208-OLGAQ;Female;1;0;1;0;Fiber optic;0;0;1;Month-to-month;1;Electronic check;8495;144365;39;107503;0,27;3,6;0,11;Bronze;34;Urban;9;1
3244-CQPHU;Female;1;0;1;1;Fiber optic;1;1;0;Two year;1;Bank transfer (automatic);1101;77467;316;234837;0,16;3,8;0,91;Bronze;27;Urban;7;0
2674-MLXMN;Female;1;0;1;1;Fiber optic;0;1;0;Month-to-month;1;Credit card (automatic);9965;695115;398;181096;0,15;3,6;0,28;Bronze;28;Urban;2;0
9708-HPXWZ;Male;1;0;0;No phone service;DSL;0;0;1;Month-to-month;0;Credit card (automatic);454;21475;17;126612;0,02;4,2;0,58;Gold;41;Suburban;18;0
6992-TKNYO;Male;0;1;1;1;DSL;0;0;1;One year;0;Credit card (automatic);690;266945;108;178318;0,28;3,7;0,12;Bronze;36;Urban;3;1
4468-YDOVK;Male;0;0;1;0;DSL;0;0;0;Month-to-month;1;Bank transfer (automatic);4865;2352;18;164335;0,05;4,5;0,27;Bronze;33;Urban;28;0
3754-DXMRT;Male;1;0;1;0;DSL;0;0;0;Month-to-month;1;Electronic check;4415;9265;4;180989;0,16;4,2;0,04;Platinum;40;Urban;44;1
5792-JALQC;Female;1;0;1;1;DSL;1;0;1;Two year;0;Bank transfer (automatic);5985;310325;274;173012;0,24;3,3;0,49;Silver;29;Suburban;40;1
7130-VTEWQ;Female;1;0;1;1;Fiber optic;0;0;0;Month-to-month;1;Electronic check;7575;60625;42;161748;0,06;3,6;0;Bronze;36;Urban;20;0
2200-DSAAL;Female;0;0;1;1;DSL;0;1;1;Two year;1;Electronic check;8065;53302;295;220500;0,16;3,4;0,89;Bronze;42;Urban;53;1
4302-ZYFEL;Male;0;1;1;0;0;No internet service;No internet service;No internet service;One year;1;Credit card (automatic);2055;14031;235;242491;0,07;3,8;0,01;Silver;20;Suburban;51;1
9351-LZYGF;Female;0;1;1;1;DSL;1;1;0;Month-to-month;1;Credit card (automatic);664;27278;218;145195;0,23;4;0,77;Silver;30;Urban;44;1
4366-CTOUZ;Female;0;0;1;0;Fiber optic;0;1;0;Two year;1;Mailed check;1002;503845;210;169846;0,17;4;0,47;Bronze;38;Rural;8;0
6121-VZNQB;Female;0;0;1;0;0;No internet service;No internet service;No internet service;Month-to-month;1;Mailed check;191;191;5;182404;0,26;4,5;0,52;Bronze;39;Suburban;51;1
7903-CMPEY;Male;1;1;1;1;Fiber optic;1;0;0;Month-to-month;1;Electronic check;803;803;4;119142;0,27;3,4;0,21;Platinum;46;Urban;50;1
1518-OMDIK;Male;0;1;1;0;DSL;0;0;0;Month-to-month;1;Credit card (automatic);4455;14626;169;151540;0,19;4,9;0,61;Silver;42;Suburban;47;1
6671-NGWON;Female;0;0;1;0;0;No internet service;No internet service;No internet service;Month-to-month;0;Mailed check;2035;1506;30;249361;0,22;3,7;0,54;Silver;40;Rural;17;1
0595-ITUDF;Male;0;1;1;1;Fiber optic;1;1;1;Month-to-month;1;Electronic check;918;59605;234;156948;0,16;3,6;0,16;Bronze;29;Suburban;18;0
6996-KNSML;Female;0;0;1;0;Fiber optic;0;0;1;Month-to-month;1;Electronic check;749;749;5;138951;0,12;4,4;0,24;Bronze;40;Urban;16;0
1955-IBMMB;Male;0;0;1;0;0;No internet service;No internet service;No internet service;Two year;1;Bank transfer (automatic);202;11923;245;91755;0,19;4,6;0,07;Silver;22;Rural;43;0
0096-BXERS;Female;0;1;1;1;DSL;0;0;0;Month-to-month;0;Electronic check;5035;31455;26;197985;0,27;3,8;0,07;Platinum;46;Urban;42;1
3806-YAZOV;Female;0;0;1;0;0;No internet service;No internet service;No internet service;Month-to-month;0;Mailed check;188;560;8;164553;0,13;4,5;0,01;Bronze;22;Urban;23;0
7998-ZLXWN;Female;0;1;1;0;0;No internet service;No internet service;No internet service;Month-to-month;0;Credit card (automatic);2045;3308;67;214962;0,09;4,8;0,22;Platinum;52;Urban;48;1
6253-WRFHY;Male;0;1;1;0;DSL;0;0;0;One year;1;Electronic check;6475;87735;55;174376;0,12;4,5;0,68;Bronze;52;Urban;5;0
9133-AYJZG;Female;0;0;1;1;Fiber optic;0;1;0;Month-to-month;1;Credit card (automatic);987;22491;63;97175;0,13;3,1;0,32;Silver;34;Rural;30;1
2675-OTVVJ;Male;1;1;1;1;Fiber optic;1;0;0;Month-to-month;0;Electronic check;8945;280765;69;145687;0,02;4,7;0,34;Bronze;47;Suburban;26;0
8680-CGLTP;Male;0;0;1;0;DSL;1;1;0;One year;1;Electronic check;5875;16962;128;164983;0,15;4,5;0,13;Silver;19;Suburban;46;1
8430-TWCBX;Female;0;1;1;0;0;No internet service;No internet service;No internet service;One year;0;Credit card (automatic);207;103205;247;235360;0,15;4,3;0,58;Silver;32;Urban;33;0
5018-GWURO;Female;0;1;1;1;Fiber optic;0;0;0;Month-to-month;1;Bank transfer (automatic);856;49028;229;126629;0,18;4,5;0,34;Silver;40;Rural;45;0
6741-QRLUP;Female;0;0;1;1;DSL;1;1;1;Two year;1;Credit card (automatic);803;499535;183;196779;0,11;5;0,68;Silver;43;Urban;26;0
4737-HOBAX;Male;0;1;1;1;DSL;0;0;1;Two year;0;Credit card (automatic);798;503405;293;248439;0,18;3,9;0,74;Bronze;28;Urban;26;0
0537-QYZZN;Male;1;1;1;1;Fiber optic;1;0;0;Month-to-month;1;Electronic check;7985;185775;55;148513;0,26;3,1;0,58;Gold;41;Suburban;34;1
3340-QBBFM;Male;1;1;1;0;DSL;0;0;1;One year;0;Credit card (automatic);541;199285;135;162762;0,29;3,9;0,28;Bronze;26;Urban;56;1
1704-NRWYE;Female;1;0;1;0;Fiber optic;0;0;0;Month-to-month;1;Electronic check;8085;75165;23;240094;0,18;3,1;0,51;Silver;31;Urban;11;1
2592-SEIFQ;Male;0;0;0;No phone service;DSL;0;0;0;Month-to-month;0;Electronic check;2475;6695;8;212731;0,01;3,6;0,25;Bronze;41;Rural;28;0
8200-KLNYW;Female;0;1;1;0;DSL;1;0;1;One year;0;Mailed check;809;171495;58;137941;0,29;4,2;0,09;Silver;24;Suburban;56;1
3372-CDXFJ;Male;0;1;1;1;0;No internet service;No internet service;No internet service;One year;0;Bank transfer (automatic);245;3436;46;249002;0,21;3,6;0,77;Gold;27;Rural;5;1
4781-ZXYGU;Male;0;1;1;0;0;No internet service;No internet service;No internet service;Month-to-month;1;Bank transfer (automatic);2015;2015;2;123473;0,01;4,4;0,49;Bronze;50;Urban;54;1
7632-YUTXB;Female;0;1;1;0;0;No internet service;No internet service;No internet service;One year;0;Mailed check;2005;5201;89;96040;0,04;4,6;0,97;Platinum;50;Urban;36;0
2718-YSKCS;Male;0;1;1;0;0;No internet service;No internet service;No internet service;Two year;1;Bank transfer (automatic);196;138745;287;149806;0,04;3,8;0,55;Gold;44;Urban;6;0
9896-UYMIE;Male;0;0;1;1;Fiber optic;1;1;1;One year;1;Bank transfer (automatic);1143;73837;259;224358;0,05;4,8;0,33;Silver;25;Rural;5;0
0853-NWIFK;Female;0;0;1;0;Fiber optic;1;1;0;One year;1;Electronic check;1003;448395;158;192076;0,01;3,2;0,01;Bronze;31;Urban;52;1
8212-CRQXP;Female;0;1;1;0;Fiber optic;0;0;0;Month-to-month;1;Credit card (automatic);800;170645;117;135916;0,27;4,7;0,54;Gold;24;Suburban;18;1
6980-CDGFC;Female;0;1;1;0;0;No internet service;No internet service;No internet service;One year;1;Bank transfer (automatic);2085;13274;172;228672;0,16;4,7;0,86;Gold;35;Urban;13;0
7691-XVTZH;Female;0;1;1;1;Fiber optic;0;0;1;Two year;1;Bank transfer (automatic);8995;59743;273;213363;0,21;3,6;0,87;Bronze;43;Suburban;49;1
2520-SGTTA;Female;0;1;1;0;0;No internet service;No internet service;No internet service;Two year;0;Mailed check;200;1397475;0;224195;0,25;3,6;0,06;Platinum;32;Urban;20;1
7481-ATQQS;Female;1;0;1;1;Fiber optic;0;0;1;Month-to-month;1;Credit card (automatic);9085;451585;111;83811;0,24;3,6;0,39;Platinum;50;Urban;13;1
2277-VWCNI;Female;1;0;1;1;DSL;0;0;0;Month-to-month;0;Mailed check;4875;17985;17;111276;0,26;4,6;0,65;Silver;28;Suburban;39;1
1088-CNNKB;Male;0;1;1;1;DSL;1;1;1;One year;0;Credit card (automatic);800;50402;268;161049;0,29;4,7;0,76;Gold;36;Urban;13;1
8642-GVWRF;Female;0;1;1;0;Fiber optic;0;1;1;Month-to-month;0;Bank transfer (automatic);797;1650;11;237786;0,13;3,7;0,41;Silver;35;Urban;52;1
1930-BZLHI;Male;0;0;1;0;0;No internet service;No internet service;No internet service;One year;1;Mailed check;2035;4227;88;223266;0,29;4,2;0,48;Silver;39;Suburban;50;1
3400-ESFUW;Male;0;1;1;0;DSL;1;1;0;Two year;0;Bank transfer (automatic);5755;30464;321;153062;0,22;3,3;0,68;Bronze;53;Suburban;31;1
5868-YTYKS;Male;0;0;1;0;0;No internet service;No internet service;No internet service;Month-to-month;1;Mailed check;2025;2025;2;230434;0,02;3,9;0,88;Bronze;35;Urban;25;1
3525-DVKFN;Female;0;0;1;0;0;No internet service;No internet service;No internet service;Two year;0;Mailed check;194;35805;40;134499;0,02;5;0,79;Gold;35;Suburban;2;0
1482-OXZSY;Male;0;0;1;1;Fiber optic;1;0;0;Month-to-month;1;Bank transfer (automatic);1004;293625;65;126281;0,21;3,3;0,02;Bronze;39;Rural;14;1
0377-JBKKT;Male;0;1;1;0;DSL;1;1;0;Month-to-month;1;Mailed check;5795;12718;60;124852;0,27;4,9;0,12;Silver;42;Suburban;20;1
5778-BVOFB;Female;0;0;1;0;DSL;0;0;0;Month-to-month;1;Bank transfer (automatic);595;53005;37;84595;0,11;4,6;0,85;Gold;48;Suburban;29;0
3373-YZZYM;Male;0;1;1;0;0;No internet service;No internet service;No internet service;Month-to-month;0;Mailed check;192;192;4;175930;0,18;4,9;0,83;Bronze;26;Suburban;47;1
2057-ZBLPD;Female;0;1;1;1;Fiber optic;0;0;0;Month-to-month;1;Electronic check;865;18087;45;226474;0;3,4;0,39;Bronze;36;Suburban;56;1
0228-MAUWC;Male;0;0;1;1;DSL;0;0;1;Month-to-month;0;Electronic check;5955;11446;109;172676;0,01;3,4;0,58;Silver;42;Urban;46;1
5502-RLUYV;Female;0;1;1;1;Fiber optic;0;1;1;Month-to-month;1;Electronic check;10395;74469;370;235983;0,02;3;0,91;Bronze;32;Rural;13;1
0023-HGHWL;Male;1;0;0;No phone service;DSL;0;0;0;Month-to-month;1;Electronic check;251;251;3;99405;0,16;4,4;0,91;Gold;22;Urban;46;1
7663-YJHSN;Female;0;1;1;1;Fiber optic;1;1;1;Two year;1;Bank transfer (automatic);10395;75569;166;138122;0,25;4,3;0,78;Bronze;28;Rural;55;1
4915-BFSXL;Male;0;1;1;1;DSL;1;0;1;Two year;0;Credit card (automatic);6895;48587;187;208909;0,06;3,4;0,21;Silver;30;Urban;38;1
3086-RUCRN;Female;0;0;1;1;Fiber optic;1;1;1;Month-to-month;1;Bank transfer (automatic);1031;65950;165;83447;0,16;4,6;0,73;Bronze;51;Urban;36;0
5215-LNLDJ;Female;0;1;0;No phone service;DSL;0;0;0;Month-to-month;1;Electronic check;247;14905;17;90662;0,06;3,6;0,01;Bronze;25;Suburban;40;0
7576-JMYWV;Female;1;1;1;1;Fiber optic;1;1;0;Month-to-month;1;Electronic check;1102;49721;187;138282;0,04;3,3;0,89;Bronze;42;Urban;47;1
9039-RBEEE;Male;0;0;0;No phone service;DSL;1;1;0;Month-to-month;1;Credit card (automatic);4895;188085;116;215971;0,15;3,8;0,15;Bronze;44;Urban;27;0
0257-KXZGU;Female;0;1;1;1;DSL;0;1;1;Month-to-month;0;Bank transfer (automatic);6245;204555;109;108582;0,02;3,2;0,66;Silver;28;Suburban;1;1
1307-ATKGB;Male;0;0;1;0;Fiber optic;0;1;1;Month-to-month;1;Electronic check;8955;218715;142;147471;0,18;3,5;0,61;Silver;35;Suburban;21;0
8417-FMLZI;Male;0;1;1;0;Fiber optic;0;1;0;Month-to-month;1;Credit card (automatic);8355;47755;28;203513;0,01;3,7;0,78;Bronze;27;Urban;54;1
3714-XPXBW;Female;0;0;1;1;DSL;1;1;1;Month-to-month;1;Credit card (automatic);789;297695;214;187578;0,03;4,7;0,55;Bronze;50;Urban;6;0
1850-AKQEP;Male;0;0;1;0;0;No internet service;No internet service;No internet service;Month-to-month;0;Mailed check;2035;1787;20;155871;0,16;4,6;0,06;Silver;53;Urban;43;0
2824-DXNKN;Female;0;1;1;1;DSL;1;0;1;Two year;1;Bank transfer (automatic);7145;502585;254;163205;0,18;3,9;0,71;Gold;34;Urban;31;0
5227-JSCFE;Male;1;1;0;No phone service;DSL;1;1;1;Two year;0;Credit card (automatic);4635;33534;299;154081;0,01;4,4;0,38;Silver;22;Urban;58;1
0848-ZGQIJ;Female;0;1;1;0;Fiber optic;0;1;0;Month-to-month;1;Bank transfer (automatic);9465;146115;36;185783;0,17;4,1;0,32;Bronze;40;Urban;15;0
3621-CHYVB;Female;0;1;0;No phone service;DSL;1;0;1;Month-to-month;1;Bank transfer (automatic);499;27824;114;163805;0,25;3,7;0,99;Gold;20;Urban;35;1
8042-RNLKO;Male;0;0;1;1;0;No internet service;No internet service;No internet service;One year;0;Bank transfer (automatic);2545;169915;308;204698;0,22;4,5;0,59;Platinum;54;Suburban;1;1
1792-UXAFY;Female;1;0;1;0;Fiber optic;0;1;1;Month-to-month;1;Electronic check;8915;14969;77;248902;0,04;4,4;0,71;Bronze;27;Suburban;16;0
5372-FBKBN;Female;0;0;1;0;0;No internet service;No internet service;No internet service;Month-to-month;0;Mailed check;2075;4522;76;218138;0,18;4,2;0,53;Silver;44;Urban;48;1
0420-TXVSG;Male;0;1;1;1;DSL;1;1;1;Two year;1;Credit card (automatic);661;442845;261;90712;0,02;4,2;0,77;Silver;24;Urban;2;0
6217-TOWGS;Female;0;1;1;1;DSL;0;1;0;Month-to-month;1;Bank transfer (automatic);754;132255;62;161527;0,01;4,4;0,75;Platinum;46;Suburban;47;1
0515-YPMCW;Male;0;0;1;0;Fiber optic;0;0;0;Month-to-month;1;Mailed check;7045;7045;2;209453;0,26;3,8;0,66;Silver;23;Suburban;22;1
0378-XSZPU;Male;0;1;1;0;DSL;1;1;1;One year;0;Credit card (automatic);603;35638;193;206888;0,27;4,7;0,1;Platinum;26;Urban;58;1
1045-LTCYT;Female;0;1;1;0;0;No internet service;No internet service;No internet service;Month-to-month;0;Credit card (automatic);2105;13975;21;167185;0,26;3,3;0,46;Bronze;25;Urban;36;1
1544-JJMYL;Male;0;0;1;0;DSL;1;0;1;One year;0;Credit card (automatic);6935;19273;64;179851;0,25;4,8;0,71;Bronze;31;Rural;38;1
4636-JGAAI;Male;0;1;1;1;Fiber optic;0;1;0;Month-to-month;0;Mailed check;8885;300025;198;241878;0,22;3,7;0,08;Gold;26;Suburban;27;1
6874-SGLHU;Male;0;0;1;0;Fiber optic;0;1;0;One year;1;Bank transfer (automatic);970;30213;131;92210;0,19;3,3;0,38;Gold;28;Suburban;44;1
5951-AOFIH;Male;0;0;1;0;DSL;0;1;1;Month-to-month;1;Credit card (automatic);664;22454;162;116972;0,02;4,2;0,46;Gold;28;Suburban;40;0
4729-XKASR;Male;0;0;0;No phone service;DSL;0;0;0;Month-to-month;0;Electronic check;2475;2475;3;114136;0,24;3,8;0,97;Gold;52;Urban;7;1
3059-NGMXB;Male;0;1;1;1;DSL;1;1;0;Month-to-month;0;Mailed check;692;94465;50;196445;0,02;4,6;0,03;Gold;28;Urban;32;0
8652-YHIYU;Female;0;0;1;1;Fiber optic;0;0;0;One year;1;Credit card (automatic);795;12642;47;95945;0,01;3,9;0,34;Silver;53;Suburban;3;0
5278-PNYOX;Female;0;0;1;0;Fiber optic;0;0;1;Two year;0;Credit card (automatic);10065;491775;117;159180;0,11;4,3;0,49;Silver;20;Urban;52;1
5449-FIBXJ;Male;0;1;1;1;Fiber optic;0;0;1;Month-to-month;0;Electronic check;1033;20127;51;150453;0,27;3,6;0;Silver;36;Urban;6;1
3486-HOOGQ;Female;0;1;1;1;DSL;1;1;1;Two year;0;Bank transfer (automatic);797;57433;363;165404;0,01;3,4;0,09;Silver;25;Urban;10;1
5061-PBXFW;Female;0;1;1;0;DSL;1;1;0;Month-to-month;0;Bank transfer (automatic);614;186465;150;224296;0,21;3,8;0,29;Silver;45;Suburban;39;1
8630-FJLIB;Female;0;0;1;0;Fiber optic;0;0;0;Month-to-month;1;Electronic check;698;122165;75;83052;0,29;4,2;0,26;Silver;18;Suburban;7;1
3891-NLXJB;Male;0;0;0;No phone service;DSL;1;1;0;Two year;1;Mailed check;4055;139085;144;107272;0,21;4,3;0,82;Bronze;47;Urban;19;1
4749-OJKQU;Female;0;0;1;1;Fiber optic;0;0;0;Month-to-month;1;Electronic check;7565;30235;22;121150;0,03;4,2;0,28;Bronze;28;Suburban;42;1
0577-WHMEV;Female;0;1;1;1;Fiber optic;1;1;1;Month-to-month;0;Electronic check;907;13749;36;228388;0,21;5;0,66;Platinum;46;Urban;38;1
5453-AXEPF;Male;0;1;1;1;Fiber optic;0;1;0;Month-to-month;1;Bank transfer (automatic);805;13369;53;218312;0,01;4,4;0,82;Bronze;48;Urban;27;0
3639-XJHKQ;Female;0;0;1;0;DSL;1;1;1;Month-to-month;1;Electronic check;606;12978;64;177095;0,25;4,9;0,79;Bronze;27;Urban;10;1
3716-LRGXK;Male;0;1;1;1;Fiber optic;0;0;1;Two year;0;Credit card (automatic);10115;60674;307;148774;0,09;3,2;0,78;Silver;52;Suburban;49;1
2263-SFSQZ;Male;0;1;1;1;0;No internet service;No internet service;No internet service;Two year;1;Mailed check;2495;122225;304;123175;0,13;3,1;0,09;Bronze;46;Urban;56;1
9950-MTGYX;Male;0;1;1;0;0;No internet service;No internet service;No internet service;Two year;1;Credit card (automatic);203;48795;82;211637;0,09;3,6;0,08;Silver;54;Urban;21;0
3397-AVTKU;Male;0;0;1;0;DSL;0;1;0;Two year;1;Electronic check;600;254855;236;96375;0,08;3,3;0,31;Bronze;19;Urban;35;1
4825-FUREZ;Male;0;1;1;0;0;No internet service;No internet service;No internet service;Two year;0;Electronic check;2025;8355;223;105710;0,13;4,1;0,04;Bronze;18;Urban;5;0
9837-BMCLM;Male;0;0;1;0;Fiber optic;0;0;0;Month-to-month;1;Electronic check;785;24205;8;226246;0,11;4;0,05;Gold;49;Rural;6;0
2672-OJQZP;Female;0;0;1;0;DSL;0;0;0;Month-to-month;0;Mailed check;4475;4475;3;187026;0,19;4,2;0,39;Gold;41;Urban;9;1
0137-UDEUO;Female;0;0;1;0;0;No internet service;No internet service;No internet service;Month-to-month;0;Mailed check;1985;6375;10;107597;0,24;4,5;0,56;Bronze;19;Urban;39;1
3134-DSHVC;Female;0;0;1;1;Fiber optic;1;1;1;Two year;0;Credit card (automatic);980;621845;372;154289;0,09;4,9;0,03;Silver;20;Urban;3;0
6161-UUUTA;Male;1;0;1;0;Fiber optic;0;0;0;Month-to-month;1;Electronic check;799;2609;8;249469;0,06;4,8;0,49;Silver;26;Urban;8;0
7821-DPRQE;Male;0;1;1;1;Fiber optic;1;1;0;Month-to-month;1;Electronic check;1077;73209;353;244141;0,02;3,2;0,33;Gold;41;Urban;37;1
6543-XRMYR;Female;1;0;1;1;Fiber optic;0;1;0;Month-to-month;1;Electronic check;997;296735;100;165687;0,02;3,7;0,02;Silver;29;Urban;48;1
2001-EWBQU;Female;0;0;1;1;Fiber optic;0;1;1;Two year;0;Electronic check;1047;63338;295;198968;0,27;3,5;0,65;Bronze;51;Urban;18;1
4925-LMHOK;Male;0;0;1;1;DSL;0;1;0;Month-to-month;1;Credit card (automatic);586;9397;55;120274;0;3,4;0,67;Silver;51;Urban;45;1
1608-GMEWB;Male;1;0;1;1;Fiber optic;0;0;0;Month-to-month;1;Bank transfer (automatic);939;420025;194;249269;0,26;4,1;0,83;Bronze;40;Urban;32;1
6695-AMZUF;Female;0;1;1;0;DSL;1;1;1;Two year;0;Credit card (automatic);8645;59502;373;128634;0,16;4,1;0,87;Bronze;36;Urban;37;0
1455-UGQVH;Male;0;1;1;1;Fiber optic;0;0;1;Month-to-month;1;Electronic check;985;103775;52;110041;0,19;3,5;0,07;Silver;49;Suburban;21;0
8410-BGQXN;Male;0;0;1;0;0;No internet service;No internet service;No internet service;Month-to-month;0;Mailed check;194;934;21;218320;0,03;4,4;0,69;Gold;45;Urban;38;0
8280-MQRQN;Female;0;0;1;0;DSL;0;0;1;Month-to-month;1;Mailed check;5045;5045;2;165365;0,13;4,5;0,06;Silver;43;Suburban;0;1
1619-YWUBB;Female;0;1;1;1;0;No internet service;No internet service;No internet service;Two year;1;Credit card (automatic);2495;16149;324;213275;0,07;3;0,11;Bronze;29;Suburban;48;1
7611-YKYTC;Male;0;1;1;0;Fiber optic;1;0;0;Month-to-month;0;Bank transfer (automatic);750;157395;56;131986;0,08;3,8;0,81;Gold;48;Urban;52;1
2037-SGXHH;Male;0;1;1;1;Fiber optic;0;1;1;Month-to-month;1;Electronic check;9465;36243;139;105370;0,15;4,8;0,23;Gold;28;Suburban;20;0
3178-FESZO;Female;0;0;1;1;Fiber optic;0;1;0;Month-to-month;1;Credit card (automatic);10025;10025;4;115247;0,24;4;0,36;Silver;21;Suburban;48;1
0365-GXEZS;Male;0;1;1;0;Fiber optic;0;0;1;Month-to-month;0;Electronic check;782;146875;64;204403;0,22;3,7;0,15;Bronze;35;Suburban;6;1
0082-OQIQY;Male;0;0;1;0;Fiber optic;0;0;0;Month-to-month;1;Electronic check;942;26076;118;199544;0,18;3,5;0,02;Silver;46;Suburban;45;0
6087-MVHJH;Female;0;0;1;1;Fiber optic;0;0;1;Month-to-month;1;Electronic check;8845;14221;95;211506;0,16;3,5;0,78;Bronze;48;Urban;6;0
4603-JANFB;Male;0;0;1;0;Fiber optic;0;0;0;Month-to-month;1;Electronic check;6985;6985;2;142982;0,13;3,2;0,26;Silver;45;Urban;21;1
3018-TFTSU;Male;0;0;1;0;Fiber optic;1;0;1;Month-to-month;0;Bank transfer (automatic);817;8586;56;145180;0,29;4,6;0,45;Gold;44;Urban;12;1
3606-SBKRY;Male;0;0;0;No phone service;DSL;0;0;1;One year;1;Electronic check;5005;15234;111;188534;0,17;3,2;0,15;Bronze;47;Urban;22;1
4806-KEXQR;Male;0;0;1;0;Fiber optic;0;0;0;Month-to-month;1;Electronic check;799;3243;10;245546;0,08;3,6;0,68;Bronze;28;Urban;59;1
0667-NSRGI;Female;0;1;1;1;DSL;0;0;1;One year;1;Mailed check;6955;34356;126;104644;0,07;3,1;0,73;Bronze;31;Suburban;21;1
7083-YNSKY;Female;0;0;1;1;0;No internet service;No internet service;No internet service;Month-to-month;1;Credit card (automatic);254;3996;86;118493;0,18;4,6;0,36;Silver;21;Urban;25;0
6893-ODYYE;Male;0;0;1;0;Fiber optic;1;1;1;One year;1;Credit card (automatic);901;454945;275;163824;0,16;3,1;0,78;Bronze;53;Urban;17;1
8242-JSVBO;Male;0;0;1;0;DSL;0;0;0;Month-to-month;1;Bank transfer (automatic);4465;3225;39;215031;0;3,6;0,24;Silver;18;Urban;52;1
2479-BRAMR;Male;1;1;1;1;Fiber optic;1;0;1;Month-to-month;1;Bank transfer (automatic);8375;327355;244;127289;0,25;4,1;0,69;Bronze;54;Urban;6;1
9541-ZPSEA;Male;0;1;1;0;Fiber optic;1;0;1;Two year;0;Credit card (automatic);8035;537515;192;222215;0,21;3,8;0,73;Bronze;50;Urban;1;1
2665-NPTGL;Female;1;1;1;1;Fiber optic;0;0;1;Month-to-month;1;Bank transfer (automatic);981;25107;88;233612;0,02;3,6;0,97;Silver;38;Suburban;52;1
1139-WUOAH;Male;0;0;0;No phone service;DSL;0;0;1;Two year;0;Credit card (automatic);5335;309005;266;115481;0,02;3,6;0,23;Silver;41;Rural;18;0
4693-VWVBO;Female;0;0;1;0;0;No internet service;No internet service;No internet service;Month-to-month;0;Electronic check;1955;6105;11;157097;0,11;4,6;0,09;Silver;30;Urban;13;0
7434-SHXLS;Female;0;0;1;0;0;No internet service;No internet service;No internet service;Month-to-month;0;Mailed check;209;209;3;102578;0,28;4,9;0,26;Bronze;51;Urban;24;1
6937-GCDGQ;Male;0;1;1;0;DSL;1;0;0;One year;1;Bank transfer (automatic);4895;9556;65;223859;0,26;3,7;0,12;Bronze;46;Suburban;57;1
0988-JRWWP;Female;0;0;1;0;DSL;0;0;0;Month-to-month;1;Electronic check;542;1404;13;152048;0,09;3,1;0,17;Gold;53;Suburban;32;1
5075-JSDKI;Female;0;0;1;1;0;No internet service;No internet service;No internet service;Two year;0;Electronic check;2445;14931;253;221668;0,05;3,1;0,33;Gold;22;Rural;47;1
7908-QCBCA;Female;0;1;1;0;Fiber optic;0;0;0;Month-to-month;1;Mailed check;694;694;2;231002;0,13;4,5;0,41;Gold;37;Suburban;38;1
8644-XYTSV;Male;0;1;0;No phone service;DSL;1;0;0;Month-to-month;1;Bank transfer (automatic);4015;162605;163;175737;0,11;4,1;0,09;Bronze;46;Urban;57;1
6711-FLDFB;Female;0;0;1;1;Fiber optic;0;0;0;Month-to-month;1;Electronic check;749;54115;29;98687;0,02;4,6;0,02;Bronze;28;Suburban;47;1
3873-WOSBC;Male;0;1;1;1;0;No internet service;No internet service;No internet service;Two year;0;Credit card (automatic);256;17849;286;202540;0,29;4,4;0,97;Silver;25;Urban;19;1
7465-ZZRVX;Male;0;0;1;0;Fiber optic;0;0;0;Month-to-month;1;Electronic check;7035;7035;2;247061;0,11;4,8;0,81;Gold;45;Suburban;43;1
7975-JMZNT;Male;0;1;1;1;DSL;1;1;1;Two year;0;Bank transfer (automatic);917;60759;327;110183;0,02;4,8;0,88;Gold;35;Suburban;4;0
7251-XFOIL;Female;0;0;1;1;Fiber optic;0;0;1;Month-to-month;0;Mailed check;892;55006;128;100758;0,27;4,6;0,93;Gold;47;Suburban;48;1
4116-IQRFR;Male;0;1;1;1;0;No internet service;No internet service;No internet service;One year;0;Credit card (automatic);241;731;13;212154;0,01;4;0,75;Bronze;31;Urban;20;0
3714-JTVOV;Female;1;1;1;0;Fiber optic;1;0;0;Month-to-month;1;Credit card (automatic);7415;32294;215;176368;0,29;3,6;0,79;Gold;26;Suburban;58;1
8259-DZLIZ;Female;0;1;1;1;DSL;0;1;0;One year;1;Bank transfer (automatic);5385;339985;272;125891;0,02;4;0,44;Gold;27;Suburban;55;1
0442-ZXKVS;Female;1;1;1;1;Fiber optic;1;1;1;One year;1;Bank transfer (automatic);1156;643105;164;126901;0,28;4;0,51;Bronze;42;Urban;12;1
7853-WNZSY;Male;0;0;1;0;0;No internet service;No internet service;No internet service;Month-to-month;1;Credit card (automatic);1975;1975;4;183912;0,06;4,2;0,93;Silver;44;Suburban;13;1
3120-FAZKD;Male;0;1;1;1;0;No internet service;No internet service;No internet service;Two year;1;Bank transfer (automatic);2405;12309;230;151062;0,01;3,4;0,38;Silver;19;Suburban;53;1
8606-OEGQZ;Female;0;0;1;1;0;No internet service;No internet service;No internet service;Two year;0;Credit card (automatic);253;45465;93;232635;0,15;4,3;0,04;Bronze;20;Suburban;15;0
0225-ZORZP;Male;0;0;1;0;Fiber optic;0;1;0;Month-to-month;0;Electronic check;843;23505;14;152008;0,14;3,9;0,76;Silver;46;Urban;44;0
4702-IOQDC;Female;0;0;1;0;Fiber optic;0;0;0;Month-to-month;1;Electronic check;701;701;4;213847;0,01;4,2;0,57;Gold;54;Rural;49;1
9489-JMTTN;Female;0;1;1;1;DSL;1;1;1;Two year;0;Credit card (automatic);8975;65959;284;226900;0,29;3,5;0,81;Gold;44;Urban;49;1
0575-CUQOV;Male;1;1;1;0;Fiber optic;0;1;1;One year;1;Electronic check;9795;58670;151;97974;0,25;3,9;0,08;Platinum;21;Suburban;58;1
0967-BMLBD;Female;0;1;1;0;0;No internet service;No internet service;No internet service;One year;1;Mailed check;200;19635;33;233460;0,02;3,4;0,62;Silver;52;Rural;40;1
6178-KFNHS;Female;0;0;1;1;Fiber optic;1;0;0;Month-to-month;1;Electronic check;783;90925;44;160591;0,05;4,8;0,25;Silver;44;Rural;27;0
2830-LEWOA;Male;0;1;1;0;Fiber optic;0;1;1;One year;0;Credit card (automatic);1039;644915;268;98615;0,22;4;0,09;Silver;36;Suburban;0;1
5006-MXVRN;Female;0;0;1;0;0;No internet service;No internet service;No internet service;Two year;0;Credit card (automatic);207;76245;158;248958;0,22;3,4;0,11;Silver;27;Urban;59;1
1264-BYWMS;Male;0;0;1;1;Fiber optic;0;0;0;Month-to-month;1;Electronic check;968;528395;173;102838;0,13;3,1;0,84;Bronze;43;Rural;1;1
9658-WYUFB;Female;0;0;1;1;Fiber optic;1;1;0;Month-to-month;1;Electronic check;944;16175;34;120728;0,28;4,4;0,09;Gold;24;Rural;7;1
8327-WKMIE;Male;0;0;1;0;0;No internet service;No internet service;No internet service;One year;0;Credit card (automatic);2015;78575;147;196249;0,05;3,4;0,03;Bronze;44;Urban;12;1
6917-FIJHC;Female;0;1;1;1;0;No internet service;No internet service;No internet service;Two year;1;Mailed check;260;17760;226;158000;0,08;5;0,24;Bronze;47;Urban;37;0
5329-KRDTM;Male;1;1;1;1;DSL;0;1;1;Two year;0;Credit card (automatic);7735;539625;355;132798;0,02;4,1;0,33;Bronze;29;Urban;18;0
7797-EJMDP;Female;0;0;1;0;DSL;1;0;0;Month-to-month;0;Bank transfer (automatic);6605;5745;16;230694;0,24;3,6;0,63;Platinum;22;Urban;50;1
3530-VWVGU;Female;0;1;1;0;0;No internet service;No internet service;No internet service;Month-to-month;0;Mailed check;199;4003;95;224608;0,19;4,3;0,13;Bronze;30;Urban;58;1
2013-SGDXK;Female;0;0;1;0;Fiber optic;0;1;0;Month-to-month;0;Electronic check;843;843;5;216772;0,09;3,6;0,44;Silver;21;Urban;56;1
6368-NWMCE;Female;0;0;1;1;DSL;0;1;0;Month-to-month;0;Credit card (automatic);6815;26563;102;249911;0,05;4,6;0,02;Platinum;19;Rural;1;0
3633-CDBUW;Male;0;0;1;0;DSL;0;1;1;One year;0;Electronic check;8085;144595;66;90248;0,01;3,6;0,86;Silver;54;Urban;30;0
0707-HOVVN;Female;1;0;1;1;DSL;0;1;1;Two year;1;Bank transfer (automatic);755;521265;165;125291;0,05;5;0,04;Bronze;51;Rural;9;0
8580-QVLOC;Female;1;1;1;1;DSL;1;1;1;Two year;0;Credit card (automatic);9245;644025;324;162629;0,14;4,2;0,36;Silver;23;Suburban;4;0
3956-MGXOG;Female;0;0;1;0;Fiber optic;0;0;0;Month-to-month;1;Electronic check;806;224495;117;205612;0,07;4,7;0,63;Bronze;43;Suburban;22;0
9274-UARKJ;Female;0;0;1;0;Fiber optic;0;1;0;Month-to-month;1;Bank transfer (automatic);832;11300;54;97177;0,08;3,1;0,91;Bronze;28;Urban;53;1
4077-HWUYD;Male;0;1;1;1;DSL;1;1;1;Two year;1;Bank transfer (automatic);8755;646315;294;230555;0,26;3,7;0,87;Gold;18;Urban;29;1
2012-NWRPA;Female;1;1;1;1;Fiber optic;0;0;1;Month-to-month;1;Electronic check;9955;11312;61;123815;0,15;4,5;0,09;Bronze;51;Urban;31;0
8808-ELEHO;Male;1;0;1;1;Fiber optic;0;0;1;Month-to-month;1;Electronic check;8125;58595;22;118533;0,22;4,3;0,06;Silver;38;Rural;0;1
0103-CSITQ;Female;0;1;1;1;Fiber optic;0;1;1;One year;1;Bank transfer (automatic);1094;62527;119;80026;0,01;3,4;0,84;Silver;27;Urban;44;1
3506-LCJDC;Male;0;1;1;0;0;No internet service;No internet service;No internet service;Month-to-month;0;Bank transfer (automatic);1995;1995;5;184997;0,11;3,7;0,78;Bronze;22;Urban;43;0
8671-KKKOS;Female;0;1;0;No phone service;DSL;1;1;0;Month-to-month;0;Electronic check;4555;206215;198;140611;0,14;3,5;0,09;Silver;43;Urban;41;0
7305-ZWMAJ;Male;0;1;1;0;0;No internet service;No internet service;No internet service;One year;0;Credit card (automatic);207;5871;166;167242;0,06;4,2;0,31;Bronze;36;Urban;2;0
9518-XXBXE;Male;1;1;1;0;Fiber optic;1;0;0;Month-to-month;0;Electronic check;753;72045;43;235732;0,04;3,7;0,91;Bronze;38;Rural;46;1
3934-HXCFZ;Male;0;1;1;1;Fiber optic;1;1;1;Month-to-month;1;Electronic check;9925;21864;120;184913;0,26;3,6;0,04;Silver;51;Urban;29;1
6578-KRMAW;Male;0;0;1;0;Fiber optic;1;1;1;Month-to-month;1;Credit card (automatic);934;29793;118;122082;0,28;3,4;0,63;Bronze;46;Suburban;36;1
4860-IJUDE;Male;0;0;1;0;Fiber optic;1;0;0;Month-to-month;1;Credit card (automatic);7375;95665;64;227330;0,02;3,8;0,42;Silver;32;Urban;27;0
7666-WKRON;Female;0;0;1;0;Fiber optic;0;0;1;Two year;1;Electronic check;8045;320155;220;183613;0,01;3,4;0,43;Bronze;33;Suburban;50;1
9688-YGXVR;Female;0;0;1;0;Fiber optic;0;1;1;Month-to-month;1;Credit card (automatic);8815;39732;188;178315;0,29;4,9;0,55;Silver;35;Urban;50;1
0423-UDIJQ;Male;1;0;1;0;DSL;0;0;0;Month-to-month;0;Mailed check;492;4479;24;169690;0,02;3,3;0,36;Gold;18;Rural;20;1
1945-XISKS;Female;0;1;1;0;0;No internet service;No internet service;No internet service;Two year;0;Mailed check;1965;13352;206;175220;0,19;4,8;0,79;Silver;28;Urban;12;0
4910-AQFFX;Male;0;1;1;1;Fiber optic;0;0;1;Month-to-month;1;Bank transfer (automatic);7935;66125;25;95389;0,29;3,9;0,63;Gold;53;Suburban;39;1
2154-KVJFF;Female;0;0;1;1;Fiber optic;0;1;0;Month-to-month;1;Electronic check;7975;111185;44;171860;0,29;3,8;0,69;Silver;49;Urban;25;1
5360-LJCNJ;Female;0;1;1;1;Fiber optic;0;1;1;Two year;1;Bank transfer (automatic);10515;75550;229;238757;0,14;3,5;0,23;Platinum;45;Urban;39;0
2607-FBDFF;Male;0;0;1;0;DSL;0;0;0;Month-to-month;0;Credit card (automatic);490;490;4;238267;0,05;4,3;0,97;Bronze;23;Urban;29;1
9647-ERGBE;Female;0;1;1;1;Fiber optic;0;0;1;Month-to-month;1;Electronic check;10005;304615;130;101797;0,06;4,4;0,66;Platinum;24;Urban;23;0
3428-XZMAZ;Male;0;0;1;0;Fiber optic;0;0;0;Month-to-month;1;Electronic check;6935;6935;3;191975;0,27;3,9;0,02;Silver;41;Urban;37;1
1100-DDVRV;Male;0;1;0;No phone service;DSL;0;1;0;Month-to-month;1;Mailed check;498;83635;75;177169;0,27;3,1;0,75;Gold;27;Suburban;40;1
0378-TOVMS;Female;0;0;1;0;Fiber optic;0;0;0;Month-to-month;0;Electronic check;858;2722;6;146332;0,18;4,8;0,17;Platinum;47;Urban;45;0
4355-HBJHH;Male;0;1;1;1;DSL;1;0;1;Two year;1;Electronic check;797;52934;157;218260;0,23;5;0,06;Silver;34;Urban;4;1
6728-WYQBC;Male;0;0;1;0;0;No internet service;No internet service;No internet service;Month-to-month;0;Bank transfer (automatic);2095;2095;2;103696;0,22;3,9;0,53;Gold;25;Urban;15;1
9058-CBREO;Female;1;0;1;1;DSL;0;0;0;Month-to-month;0;Mailed check;5055;5055;4;82024;0,02;4,2;0,55;Silver;29;Urban;45;1
9029-FEGVJ;Female;1;1;1;1;Fiber optic;0;0;1;Month-to-month;0;Mailed check;793;25700;91;247057;0,25;3,9;0,19;Silver;43;Urban;41;1
7216-KAOID;Male;0;1;1;0;0;No internet service;No internet service;No internet service;One year;0;Bank transfer (automatic);195;7982;128;217656;0,21;3,6;0,35;Silver;34;Urban;54;1
0318-QUUOB;Male;0;1;1;0;Fiber optic;0;0;0;Month-to-month;1;Electronic check;8055;8055;3;170998;0,16;3,2;0,95;Bronze;52;Urban;48;1
6145-NNPNO;Female;0;0;1;0;DSL;0;0;0;Month-to-month;0;Bank transfer (automatic);4415;4415;5;238116;0,07;3,9;0,29;Silver;22;Urban;15;0
5520-FVEWJ;Female;0;1;1;1;Fiber optic;0;1;1;Month-to-month;1;Electronic check;845;9169;24;85285;0,22;4,6;0,16;Platinum;28;Urban;51;1
5339-TJFEK;Male;0;1;1;1;Fiber optic;1;1;0;Month-to-month;1;Electronic check;1055;64872;285;87370;0,14;3;0,99;Gold;33;Urban;48;1
5572-ZDXHY;Female;0;0;1;0;Fiber optic;0;1;0;Month-to-month;1;Mailed check;843;185565;102;97903;0,09;4,2;0,03;Gold;47;Rural;47;1
2074-GUHPQ;Female;0;0;1;1;Fiber optic;0;1;1;Month-to-month;1;Credit card (automatic);927;155685;88;243571;0,24;4,8;0,68;Silver;23;Rural;9;1
4625-XMOYM;Female;0;1;1;1;0;No internet service;No internet service;No internet service;Two year;1;Bank transfer (automatic);2625;198805;412;177904;0,21;3,4;0,23;Bronze;37;Suburban;17;1
5827-MWCZK;Male;0;1;1;1;Fiber optic;0;1;0;Month-to-month;1;Credit card (automatic);9695;54322;116;102995;0,28;3,4;0,55;Bronze;37;Urban;37;1
1385-TQOZW;Female;0;0;1;0;0;No internet service;No internet service;No internet service;Month-to-month;1;Credit card (automatic);2045;14755;23;185160;0,05;4,5;0,39;Bronze;41;Suburban;16;0
5914-XRFQB;Male;0;1;1;1;Fiber optic;1;1;1;Two year;1;Bank transfer (automatic);1158;84249;399;246272;0,19;3,5;0,96;Bronze;44;Suburban;40;0
4329-YPDDQ;Male;0;0;1;0;Fiber optic;1;1;1;Month-to-month;1;Bank transfer (automatic);1082;22037;76;168377;0,07;3,4;0,43;Silver;20;Urban;53;1
4804-NCPET;Male;0;1;1;0;0;No internet service;No internet service;No internet service;Two year;0;Mailed check;202;3874;80;224638;0,27;3,8;0,58;Gold;41;Urban;39;1
3750-CKVKH;Male;0;0;1;0;Fiber optic;0;0;0;Month-to-month;1;Electronic check;6775;11665;9;117822;0,03;3,8;0,94;Bronze;27;Urban;30;0
5944-UGLLK;Male;0;0;0;No phone service;DSL;0;0;1;One year;0;Credit card (automatic);549;304575;249;187412;0,02;4,7;0,99;Bronze;42;Urban;25;0
8063-GBATB;Female;1;0;1;1;Fiber optic;0;0;0;Month-to-month;1;Electronic check;8525;228725;154;131222;0,24;4,2;0,01;Bronze;45;Suburban;25;1
7787-BNTZM;Male;0;0;1;0;0;No internet service;No internet service;No internet service;Month-to-month;0;Bank transfer (automatic);2015;1305;35;174088;0,11;3,8;0,83;Bronze;35;Suburban;39;0
2252-ISRNH;Male;0;1;1;1;Fiber optic;0;0;1;One year;1;Electronic check;9035;7679;43;170450;0,29;4,1;0,38;Silver;31;Urban;11;1
9415-TPKRV;Female;0;1;1;1;DSL;0;1;0;Month-to-month;0;Electronic check;5575;4468;25;189366;0,26;4,9;0,59;Bronze;18;Urban;17;1
5322-TEUJK;Female;0;1;1;1;Fiber optic;1;1;1;Two year;0;Bank transfer (automatic);1146;810025;391;190078;0,09;3,2;0,38;Bronze;37;Urban;33;1
4547-KQRTM;Female;0;0;1;1;Fiber optic;0;1;0;Month-to-month;1;Bank transfer (automatic);8005;8307;21;143853;0;3,4;0,04;Platinum;42;Urban;34;1
4877-EVATK;Male;0;0;1;0;0;No internet service;No internet service;No internet service;Month-to-month;0;Mailed check;200;200;2;203794;0,09;4,9;0,16;Bronze;29;Urban;58;1
1866-DIOQZ;Female;0;1;0;No phone service;DSL;1;1;1;One year;0;Bank transfer (automatic);668;468915;396;233405;0,08;4,9;0,57;Gold;26;Urban;55;1
8375-KVTHK;Male;0;1;1;0;Fiber optic;0;1;0;One year;1;Electronic check;1003;675435;205;227030;0,27;3,4;0,55;Silver;26;Urban;10;1
2697-NQBPF;Male;0;0;1;1;Fiber optic;0;1;0;Month-to-month;1;Electronic check;10535;354065;98;132442;0,29;3,3;0,19;Bronze;42;Suburban;55;1
3709-OIJEA;Male;0;0;1;0;Fiber optic;0;1;1;One year;1;Electronic check;852;21846;66;232026;0,02;3,8;0,54;Gold;47;Suburban;52;1
7639-SUPCW;Female;0;0;1;0;DSL;1;0;0;Month-to-month;1;Credit card (automatic);488;10546;119;89675;0,14;3,1;0,97;Silver;45;Rural;29;1
1386-ZIKUV;Male;0;0;1;0;0;No internet service;No internet service;No internet service;Month-to-month;1;Mailed check;1895;13055;28;169590;0,16;4,3;0,71;Bronze;19;Suburban;44;0
0599-XNYDO;Female;0;1;1;0;Fiber optic;0;0;0;Month-to-month;1;Bank transfer (automatic);698;154035;93;188570;0,03;3,2;0,48;Bronze;42;Urban;49;1
6377-WHAOX;Female;0;1;1;1;Fiber optic;0;1;1;Month-to-month;1;Electronic check;10615;641125;177;111661;0,11;3,1;0,92;Gold;35;Suburban;10;1
6855-VLGOS;Male;0;1;1;0;0;No internet service;No internet service;No internet service;Two year;0;Electronic check;2055;143255;362;144289;0,01;4;0,58;Silver;41;Urban;45;0
8999-XXGNS;Female;1;1;1;1;Fiber optic;0;1;1;One year;1;Credit card (automatic);10575;762985;362;97184;0,16;4,9;0,14;Silver;35;Urban;51;1
8746-OQQRW;Male;0;0;1;1;0;No internet service;No internet service;No internet service;Month-to-month;0;Mailed check;2525;1019;13;127963;0,02;3,9;0,55;Bronze;44;Urban;3;0
3181-MIZBN;Male;0;1;1;0;0;No internet service;No internet service;No internet service;Month-to-month;0;Electronic check;1975;3134;58;236894;0,21;3,7;0,18;Bronze;52;Urban;54;1
0471-ARVMX;Female;1;1;1;1;Fiber optic;1;0;1;One year;1;Electronic check;10485;63129;176;85267;0,04;5;0,77;Gold;51;Urban;35;0
7766-CLTIC;Female;0;0;1;0;DSL;0;0;0;Month-to-month;1;Mailed check;6095;62955;59;142814;0,24;4,1;0,97;Gold;23;Urban;9;1
5650-YLIBA;Male;0;0;1;1;Fiber optic;0;1;0;Month-to-month;1;Electronic check;8115;264055;142;116025;0,02;3,8;0,36;Silver;33;Urban;53;1
0825-CPPQH;Female;0;1;1;0;0;No internet service;No internet service;No internet service;Two year;0;Credit card (automatic);191;137245;407;201246;0,27;3,8;0,43;Bronze;40;Urban;58;1
9084-OAYKL;Male;0;0;1;0;0;No internet service;No internet service;No internet service;Two year;0;Mailed check;208;121225;186;157605;0,13;3,4;0,42;Platinum;45;Suburban;33;1
6122-LJADA;Male;0;1;1;1;DSL;1;1;1;Two year;1;Credit card (automatic);9015;623705;358;212053;0,27;4;0,29;Silver;30;Urban;30;1
2400-XIWIO;Female;0;1;1;1;DSL;1;1;1;Two year;0;Electronic check;901;63109;359;123436;0,26;3,9;0,79;Gold;29;Urban;31;1
7524-VRLPL;Male;1;0;1;1;DSL;1;0;1;Two year;0;Credit card (automatic);741;50310;328;229544;0,13;3,5;0,62;Bronze;28;Suburban;49;1
1069-XAIEM;Female;1;0;1;1;Fiber optic;0;0;0;Month-to-month;1;Electronic check;8505;8505;5;230408;0,11;3,3;0,06;Silver;39;Urban;27;1
7569-NMZYQ;Female;0;1;1;1;Fiber optic;1;1;1;Two year;1;Bank transfer (automatic);11875;867245;257;236659;0,28;3,6;0,84;Gold;48;Suburban;42;1
5201-USSQZ;Female;0;1;1;0;Fiber optic;0;0;0;Month-to-month;0;Credit card (automatic);859;219645;65;157192;0,21;4;0,19;Bronze;44;Suburban;36;1
2105-PHWON;Female;0;1;1;1;Fiber optic;0;0;1;Month-to-month;1;Credit card (automatic);950;300815;154;200591;0,28;3,1;0,98;Gold;44;Rural;31;1
1494-EJZDW;Female;0;1;1;0;0;No internet service;No internet service;No internet service;Two year;0;Mailed check;2015;2208;49;164511;0,24;3,3;0,38;Silver;43;Urban;31;1
4884-TVUQF;Female;1;0;1;1;Fiber optic;1;0;1;Two year;0;Credit card (automatic);1013;57796;245;89665;0,18;4,9;0,62;Bronze;24;Urban;16;0
8003-EWNDZ;Female;0;0;1;0;0;No internet service;No internet service;No internet service;Month-to-month;1;Electronic check;212;22265;28;238169;0,03;4,1;0,08;Gold;28;Suburban;33;0
1897-RCFUM;Female;0;1;1;1;0;No internet service;No internet service;No internet service;One year;1;Mailed check;242;9146;156;171277;0,09;3,1;0,34;Bronze;39;Urban;34;1
9256-JTBNZ;Female;0;0;1;0;0;No internet service;No internet service;No internet service;Month-to-month;0;Bank transfer (automatic);203;2463;35;132474;0,29;4,4;0,08;Gold;36;Urban;56;1
4658-HCOHW;Female;0;1;1;0;Fiber optic;0;1;1;Month-to-month;1;Electronic check;1028;211015;77;236257;0,01;3,1;0,48;Platinum;37;Urban;56;1
2211-RMNHO;Female;0;1;1;1;DSL;0;1;1;Two year;0;Bank transfer (automatic);853;55600;311;155911;0,03;4,5;0,09;Platinum;36;Suburban;38;0
2432-TFSMK;Male;0;0;1;1;Fiber optic;0;0;1;One year;1;Credit card (automatic);896;16330;89;172643;0,21;4,5;0,58;Gold;36;Urban;20;1
3440-JPSCL;Female;0;0;1;0;Fiber optic;0;0;1;Month-to-month;1;Mailed check;9995;54765;17;110484;0,22;4,3;0,93;Silver;53;Suburban;31;1
4929-ROART;Male;0;0;1;1;DSL;1;0;0;Month-to-month;0;Mailed check;5625;96985;65;181165;0,09;4,5;0,98;Silver;44;Urban;33;0
1834-ABKHQ;Female;0;1;1;0;DSL;0;0;1;One year;1;Bank transfer (automatic);5095;261065;159;105835;0,09;3,2;0,45;Gold;34;Suburban;33;1
1741-WTPON;Male;0;1;1;1;Fiber optic;1;1;1;Two year;0;Mailed check;11585;65679;156;176453;0,14;4,5;0,57;Bronze;35;Urban;7;0
3932-IJWDZ;Male;0;0;1;1;Fiber optic;0;0;1;Month-to-month;1;Bank transfer (automatic);10365;474785;231;133790;0,01;3,3;0,83;Bronze;37;Urban;15;1
1240-HCBOH;Female;0;0;1;1;0;No internet service;No internet service;No internet service;Two year;1;Mailed check;261;175955;377;89643;0,24;3,7;0,22;Silver;25;Urban;34;1
3594-KADLU;Male;0;1;0;No phone service;DSL;1;0;0;Month-to-month;0;Mailed check;351;1011;10;155846;0,01;4,9;0,86;Bronze;28;Urban;22;0
8065-BVEPF;Male;1;0;1;0;Fiber optic;0;1;1;Month-to-month;1;Bank transfer (automatic);991;649615;325;230023;0,26;4;0,59;Platinum;47;Urban;21;1
3796-ENZGF;Male;0;1;1;1;DSL;0;1;0;Two year;0;Mailed check;6725;423415;352;226305;0,24;4,9;0,73;Silver;29;Urban;30;1
1734-ZMNTZ;Female;0;1;1;1;0;No internet service;No internet service;No internet service;Two year;0;Mailed check;250;3007;59;93200;0,02;3,2;0,08;Bronze;40;Rural;28;1
2853-CWQFQ;Male;0;0;1;0;DSL;0;0;0;Month-to-month;1;Mailed check;5955;5955;2;132275;0,01;4;0,77;Bronze;23;Suburban;37;1
0813-TAXXS;Male;0;0;1;1;DSL;0;0;1;Two year;1;Bank transfer (automatic);778;432335;320;169001;0,15;3,1;0,31;Gold;52;Suburban;18;1
2519-TWKFS;Male;0;1;1;1;DSL;0;0;0;One year;1;Mailed check;551;14661;87;232363;0,13;4,3;0,81;Platinum;32;Rural;53;1
2889-FPWRM;Male;0;1;1;1;Fiber optic;1;1;1;One year;1;Bank transfer (automatic);1178;86848;241;122448;0,01;3,2;0,51;Bronze;45;Urban;44;1
0626-QXNGV;Female;0;1;1;1;0;No internet service;No internet service;No internet service;Two year;1;Credit card (automatic);2415;177645;161;241652;0,25;3,4;0,27;Gold;24;Urban;35;1
6723-CEGQI;Female;0;0;0;No phone service;DSL;0;1;0;Two year;0;Mailed check;4525;293395;256;171685;0,15;3,5;0,95;Silver;23;Rural;48;1
6987-XQSJT;Female;1;0;1;1;Fiber optic;0;1;0;Month-to-month;1;Electronic check;795;437025;131;232418;0,25;4,5;0,77;Silver;44;Suburban;59;1
4732-RRJZC;Male;0;1;1;0;0;No internet service;No internet service;No internet service;Month-to-month;0;Mailed check;2025;14435;20;90619;0,03;3,3;0,99;Gold;19;Rural;55;1
9499-XPZXM;Female;0;1;1;1;DSL;1;1;0;Two year;0;Bank transfer (automatic);6475;480475;235;185454;0,04;4,7;0,36;Bronze;23;Suburban;8;0
4338-EYCER;Male;0;1;1;0;DSL;0;0;0;Month-to-month;0;Bank transfer (automatic);546;11252;109;81766;0,29;3,3;0,65;Silver;49;Suburban;34;1
3007-FDPEA;Female;0;0;1;0;0;No internet service;No internet service;No internet service;Month-to-month;1;Bank transfer (automatic);207;3985;11;83549;0,18;3,1;0,61;Bronze;46;Suburban;58;1
6350-XFYGW;Male;1;0;1;0;Fiber optic;0;0;1;Month-to-month;1;Electronic check;9475;4224;12;229765;0,15;3,8;0,69;Bronze;51;Suburban;0;0
4290-BSXUX;Male;0;1;1;1;Fiber optic;0;0;0;Month-to-month;1;Bank transfer (automatic);7965;25175;16;187938;0,16;5;0,04;Bronze;18;Urban;32;0
8513-OLYGY;Male;0;1;1;1;Fiber optic;1;1;1;Two year;0;Credit card (automatic);1158;833215;390;207673;0,06;3,2;0,29;Bronze;32;Urban;16;1
0311-QYWSS;Female;0;0;1;0;DSL;1;0;0;Month-to-month;1;Electronic check;4945;3146;30;128328;0,22;3,2;0,91;Silver;27;Suburban;56;1
8705-DWKTI;Male;0;0;1;0;Fiber optic;0;0;1;Month-to-month;1;Credit card (automatic);838;43314;134;105301;0,03;4,5;0,42;Bronze;27;Suburban;25;0
8755-IWJHN;Male;1;1;1;1;Fiber optic;0;1;1;Month-to-month;1;Bank transfer (automatic);9535;63820;328;124763;0,17;3,6;0,96;Silver;27;Urban;12;0
0325-XBFAC;Male;0;0;1;0;Fiber optic;0;0;1;Month-to-month;1;Electronic check;947;7403;46;231837;0,17;4,4;0,21;Silver;54;Urban;4;0
4480-QQRHC;Female;1;0;1;0;Fiber optic;0;0;1;Month-to-month;1;Bank transfer (automatic);7405;60015;37;124787;0,27;3,4;0,1;Platinum;49;Suburban;18;1
0929-PECLO;Female;1;0;1;1;Fiber optic;0;0;1;Month-to-month;1;Bank transfer (automatic);896;55388;209;200675;0,16;3,9;0,07;Silver;53;Urban;57;1
3680-CTHUH;Male;0;0;1;1;Fiber optic;1;1;1;One year;1;Credit card (automatic);1166;70495;240;87425;0,04;3,5;0,78;Platinum;42;Urban;56;1
1202-KKGFU;Female;0;1;1;0;DSL;1;0;0;Month-to-month;0;Bank transfer (automatic);542;6905;54;92857;0,17;3,9;0,04;Bronze;32;Urban;41;0
6112-KTHFQ;Female;0;0;1;0;0;No internet service;No internet service;No internet service;Month-to-month;1;Mailed check;193;2793;52;172999;0,03;4,5;0,91;Gold;26;Suburban;8;0
1852-XEMDW;Male;0;0;1;1;DSL;1;1;1;Month-to-month;0;Mailed check;6505;142755;54;233516;0,06;4,5;0,55;Bronze;33;Urban;5;0
2462-XIIJB;Male;0;0;1;1;Fiber optic;0;0;1;Month-to-month;1;Electronic check;925;4527;16;121457;0,01;4;0,68;Gold;36;Urban;20;0
4760-XOHVN;Female;0;1;1;0;0;No internet service;No internet service;No internet service;Month-to-month;0;Mailed check;1945;1945;5;211776;0,15;4,9;0,09;Bronze;29;Suburban;48;1
1820-DJFPH;Female;0;1;1;1;0;No internet service;No internet service;No internet service;Two year;1;Bank transfer (automatic);2405;170915;392;85452;0,03;3,5;0,63;Silver;52;Urban;21;0
9426-SXNHE;Female;0;0;1;0;0;No internet service;No internet service;No internet service;Month-to-month;0;Bank transfer (automatic);1875;5315;5;191153;0,14;3,5;0,88;Bronze;22;Urban;52;1
9068-FHQHD;Female;0;1;1;0;0;No internet service;No internet service;No internet service;Two year;0;Bank transfer (automatic);2015;77735;232;118862;0,28;4,2;0,18;Bronze;23;Rural;56;1
1269-FOYWN;Male;0;1;1;0;0;No internet service;No internet service;No internet service;One year;0;Bank transfer (automatic);200;86085;145;98300;0,22;4,2;0,74;Gold;31;Suburban;38;1
9470-YFUYI;Male;1;1;1;0;DSL;1;1;0;One year;1;Bank transfer (automatic);710;50121;330;220638;0,02;3,1;0,03;Platinum;29;Urban;47;1
7817-BOQPW;Female;0;0;1;1;Fiber optic;0;0;0;Month-to-month;1;Electronic check;7555;1663;10;218573;0,07;4,2;0,93;Bronze;39;Suburban;50;1
7402-EYFXX;Male;1;0;1;1;Fiber optic;0;0;0;Month-to-month;1;Electronic check;936;24041;136;81845;0,02;3,7;0,98;Platinum;21;Suburban;4;0
1853-UDXBW;Male;0;1;1;0;Fiber optic;0;0;0;Month-to-month;1;Electronic check;700;700;5;199342;0,27;4,5;0,35;Bronze;35;Suburban;21;1
9895-VFOXH;Female;0;0;0;No phone service;DSL;0;0;0;Month-to-month;0;Mailed check;244;244;3;119181;0,01;4,6;0,11;Gold;48;Urban;58;1
5458-CQJTA;Male;0;1;1;0;DSL;1;0;0;Two year;1;Bank transfer (automatic);748;482015;353;114404;0,24;4,1;0,66;Platinum;52;Urban;49;1
1230-QAJDW;Male;0;0;1;1;DSL;0;0;0;Month-to-month;1;Mailed check;6525;2099;7;102564;0,17;3;0,03;Bronze;21;Suburban;6;1
5701-ZIKJE;Male;0;0;1;0;DSL;0;0;0;Month-to-month;1;Mailed check;5055;61075;62;177898;0,16;4,3;0,48;Silver;26;Urban;56;1
5219-YIPTK;Female;0;1;1;1;Fiber optic;0;1;1;Month-to-month;1;Electronic check;1044;34096;163;98227;0,29;4,5;0,27;Bronze;32;Urban;25;1
5032-MIYKT;Female;0;0;1;0;Fiber optic;0;0;0;Month-to-month;1;Mailed check;707;707;4;175259;0,22;3,5;0,47;Bronze;38;Urban;24;1
7396-VJUZB;Male;0;1;1;0;DSL;0;0;0;Month-to-month;0;Mailed check;4525;15535;12;204451;0,26;3,9;0,02;Gold;49;Urban;4;1
9717-QEBGU;Male;0;0;1;0;Fiber optic;0;0;0;Month-to-month;1;Electronic check;703;1440;10;97215;0,11;4,9;0,05;Silver;26;Urban;31;0
5172-RKOCB;Male;0;1;1;1;Fiber optic;1;1;0;Two year;1;Credit card (automatic);10895;78750;192;210577;0,17;3,6;0,02;Platinum;49;Urban;7;0
6509-TSGWN;Female;0;1;1;1;0;No internet service;No internet service;No internet service;Month-to-month;0;Mailed check;2645;9116;81;151074;0,18;3,4;0,62;Bronze;33;Suburban;8;1
3540-RZJYU;Female;0;0;1;0;Fiber optic;1;0;0;Month-to-month;0;Electronic check;862;12702;73;232771;0,01;3,4;0,56;Silver;22;Urban;53;1
3178-CIFOT;Female;0;0;1;0;0;No internet service;No internet service;No internet service;One year;1;Credit card (automatic);1965;4781;89;188621;0,17;4,1;0,23;Silver;48;Urban;27;0
2091-MJTFX;Female;0;1;0;No phone service;DSL;0;0;0;Month-to-month;0;Credit card (automatic);512;15615;161;223526;0,07;4,9;0,65;Platinum;42;Suburban;19;0
4530-NDRKU;Female;0;1;1;0;0;No internet service;No internet service;No internet service;One year;1;Electronic check;1905;76185;148;186759;0,04;4,2;0,88;Bronze;18;Urban;3;0
5985-TBABQ;Female;0;0;1;1;DSL;1;0;0;One year;0;Mailed check;7475;228295;85;208471;0,11;3,6;0,28;Platinum;20;Suburban;2;0
9800-ONTFE;Female;0;1;1;1;Fiber optic;0;0;0;Month-to-month;1;Bank transfer (automatic);758;16151;117;101711;0,22;4,3;0,83;Silver;38;Urban;43;1
6743-HHQPF;Male;0;1;0;No phone service;DSL;0;0;0;Month-to-month;1;Credit card (automatic);251;109715;176;226131;0,27;4,2;0,66;Silver;45;Urban;40;1
8455-HIRAQ;Female;0;0;1;0;DSL;0;0;0;Month-to-month;0;Mailed check;4445;3693;22;128398;0,14;4,2;0,03;Bronze;20;Urban;41;0
6616-AALSR;Female;0;1;1;1;Fiber optic;1;0;1;Two year;1;Credit card (automatic);1043;67253;317;81286;0,19;3,3;0,38;Gold;49;Rural;10;1
0883-EIBTI;Female;0;0;1;0;0;No internet service;No internet service;No internet service;Month-to-month;0;Mailed check;195;3155;8;245369;0,03;4,3;0,51;Silver;49;Urban;47;1
9415-ZNBSX;Female;0;1;1;1;DSL;1;1;1;Two year;1;Bank transfer (automatic);890;62932;309;188304;0,27;3,9;0,73;Silver;47;Suburban;28;1
4018-KJYUY;Male;0;0;1;0;0;No internet service;No internet service;No internet service;Month-to-month;0;Credit card (automatic);2015;4325;84;184959;0,17;3;0,29;Silver;30;Urban;42;1
0722-TROQR;Female;1;0;1;1;Fiber optic;0;0;0;Month-to-month;1;Electronic check;749;32175;21;237557;0,23;4,1;0,98;Bronze;51;Urban;21;1
7571-YXDAD;Female;0;0;1;1;Fiber optic;0;0;0;Month-to-month;0;Credit card (automatic);749;14715;10;139967;0,24;5;0,68;Bronze;21;Urban;7;1
3884-UEBXB;Female;0;1;0;No phone service;DSL;1;1;0;Two year;0;Bank transfer (automatic);3615;243445;324;177803;0,08;3,7;0,37;Gold;35;Suburban;45;0
8780-RSYYU;Female;0;0;1;0;0;No internet service;No internet service;No internet service;Month-to-month;1;Credit card (automatic);192;5321;60;209745;0,16;4,9;0,01;Bronze;49;Urban;33;0
5537-UXXVS;Female;0;1;1;0;0;No internet service;No internet service;No internet service;Month-to-month;0;Bank transfer (automatic);1925;37525;107;134583;0,29;3,2;0,18;Gold;31;Urban;30;1
1791-PQHBB;Female;0;0;1;0;DSL;1;0;0;Month-to-month;1;Credit card (automatic);612;12595;9;204077;0,03;4,5;0,49;Silver;49;Suburban;3;0
8701-DGLVH;Male;0;0;1;0;0;No internet service;No internet service;No internet service;Two year;0;Mailed check;2045;104265;244;191359;0,02;3,2;0,49;Bronze;23;Urban;14;1
8741-LQOBK;Female;0;1;0;No phone service;DSL;1;1;0;Month-to-month;0;Bank transfer (automatic);3505;162025;158;107086;0,29;3,5;0,77;Silver;34;Urban;17;1
3393-FMZPV;Female;0;0;1;1;Fiber optic;0;1;0;Month-to-month;1;Electronic check;10025;238775;137;227556;0,09;4,1;0,73;Silver;25;Urban;10;0
8082-GHXOP;Male;0;0;1;0;DSL;0;0;0;Month-to-month;0;Mailed check;440;65935;63;184132;0,26;4,2;0,02;Gold;52;Rural;26;1
6402-ZFPPI;Female;1;0;1;1;Fiber optic;1;1;0;Month-to-month;1;Mailed check;1028;26602;61;139263;0,28;4,6;0,59;Gold;41;Urban;18;1
0980-FEXWF;Male;0;1;1;0;DSL;0;0;1;One year;0;Mailed check;5035;12858;94;229747;0,22;4,2;0,02;Bronze;20;Rural;49;1
7486-KSRVI;Male;0;0;1;1;Fiber optic;0;0;0;One year;1;Electronic check;1000;421155;238;200155;0,07;4,2;0,04;Platinum;34;Urban;8;0
3011-WQKSZ;Male;0;0;1;0;0;No internet service;No internet service;No internet service;Month-to-month;1;Electronic check;200;37755;41;140664;0,01;4,8;0,76;Silver;53;Urban;24;0
8443-WVPSS;Male;0;1;1;0;Fiber optic;0;1;0;Month-to-month;1;Electronic check;9985;9909;58;235752;0,01;3,9;0,04;Gold;34;Suburban;21;0
3006-XIMLN;Female;0;0;1;1;Fiber optic;0;0;0;Month-to-month;1;Bank transfer (automatic);942;1938;9;228149;0,25;3,5;0,84;Bronze;47;Urban;59;1
8218-FFJDS;Female;0;1;1;1;DSL;1;1;0;Two year;1;Bank transfer (automatic);864;605895;325;200474;0,25;3,3;0,98;Bronze;42;Urban;22;1
1986-PHGZF;Male;1;0;1;1;DSL;1;1;0;Month-to-month;1;Credit card (automatic);584;9649;55;249246;0,19;3,8;0,61;Silver;39;Urban;36;0
9965-YOKZB;Male;1;0;1;1;Fiber optic;0;0;0;Month-to-month;1;Electronic check;8385;79015;26;156968;0,11;4,4;0,15;Bronze;54;Urban;9;0
0504-HHAPI;Female;1;0;1;1;Fiber optic;0;0;1;Month-to-month;0;Credit card (automatic);883;246775;155;214563;0,02;3,1;0,38;Platinum;28;Suburban;16;1
9360-OMDZZ;Male;0;0;1;1;Fiber optic;0;0;0;Month-to-month;1;Electronic check;941;232285;76;214464;0,23;3,3;0,01;Bronze;29;Suburban;51;1
6305-YLBMM;Male;0;0;1;0;Fiber optic;0;1;1;One year;1;Bank transfer (automatic);10405;72620;352;147804;0,22;3,2;0,06;Bronze;38;Urban;12;1
0345-XMMUG;Female;0;1;1;1;Fiber optic;0;1;1;Two year;1;Credit card (automatic);1089;48543;164;118400;0,27;4,2;0,82;Bronze;32;Rural;3;1
8024-XNAFQ;Female;1;0;1;1;Fiber optic;1;1;1;Two year;1;Bank transfer (automatic);1074;774875;184;247623;0,22;3,5;0,63;Bronze;29;Urban;31;1
3647-GMGDH;Male;0;1;1;0;Fiber optic;0;0;1;Month-to-month;1;Credit card (automatic);947;19149;44;108088;0,25;3,3;0,79;Silver;39;Urban;27;1
2988-GBIVW;Female;1;1;1;1;Fiber optic;1;0;0;Month-to-month;1;Electronic check;9085;64701;292;236537;0,22;4,2;0,08;Silver;52;Urban;29;1
2832-SCUCO;Female;0;0;1;0;0;No internet service;No internet service;No internet service;Month-to-month;0;Electronic check;199;574;11;167893;0,19;4,5;0,85;Bronze;33;Suburban;45;0
7036-ZZKBD;Male;0;1;1;0;DSL;0;0;1;Month-to-month;1;Credit card (automatic);664;20198;107;85969;0,13;3,7;0,27;Bronze;50;Urban;39;0
3791-LGQCY;Female;1;1;1;1;Fiber optic;0;0;1;Month-to-month;1;Bank transfer (automatic);10065;568805;192;88981;0,27;4,2;0,87;Bronze;31;Urban;20;1
0265-PSUAE;Female;0;1;1;0;Fiber optic;1;0;1;Month-to-month;0;Bank transfer (automatic);1007;15227;54;232104;0,02;3,2;0,65;Bronze;35;Rural;14;1
0463-TXOAK;Male;0;0;1;1;0;No internet service;No internet service;No internet service;Two year;0;Credit card (automatic);256;13345;212;134091;0,12;4,9;0,29;Gold;33;Suburban;2;0
0594-UFTUL;Male;0;1;1;0;0;No internet service;No internet service;No internet service;Month-to-month;1;Mailed check;1985;2520;48;187154;0,03;3,7;0,99;Gold;20;Suburban;16;0
9509-MPYOD;Female;0;0;1;0;0;No internet service;No internet service;No internet service;One year;0;Mailed check;2075;70045;193;104408;0,09;5;0,95;Gold;43;Urban;14;0
9128-CPXKI;Female;0;0;1;0;Fiber optic;0;0;1;Two year;0;Electronic check;958;565545;237;235313;0,16;5;0,57;Platinum;32;Suburban;32;0
0129-KPTWJ;Male;0;1;1;0;Fiber optic;0;0;1;Month-to-month;1;Electronic check;9465;674735;290;127940;0,08;4,6;0,84;Gold;53;Urban;4;0
8166-ZZTFS;Female;1;1;1;1;DSL;0;1;1;Two year;1;Bank transfer (automatic);8055;52651;168;83657;0,07;3;0,26;Silver;44;Rural;7;1
5855-EIBDE;Female;0;1;1;1;Fiber optic;1;1;1;Two year;0;Credit card (automatic);10665;517435;290;101230;0,16;4,1;0,42;Silver;34;Urban;8;0
5365-LLFYV;Female;0;0;1;0;DSL;0;0;0;Month-to-month;1;Mailed check;4585;1056;5;229752;0,05;3,2;0,18;Platinum;31;Urban;57;1
5956-YHHRX;Male;1;0;1;1;Fiber optic;0;1;1;Month-to-month;1;Electronic check;10435;227185;48;164731;0,24;4,8;0,52;Silver;19;Urban;25;1
6008-NAIXK;Male;1;0;0;No phone service;DSL;0;1;1;One year;1;Electronic check;5545;296695;251;247022;0,15;4,6;0,05;Bronze;44;Urban;1;0
2956-GGUCQ;Male;1;1;1;1;Fiber optic;1;0;0;Month-to-month;1;Electronic check;7885;177225;105;218939;0,17;4,9;0,21;Silver;41;Urban;36;0
1928-BXYIV;Male;0;0;1;1;DSL;1;1;0;Month-to-month;0;Electronic check;6115;6115;3;84329;0,04;4,2;0,67;Platinum;52;Suburban;35;1
5760-FXFVO;Male;0;0;1;0;Fiber optic;1;1;0;Month-to-month;1;Electronic check;7895;49495;22;115865;0,01;4;0,12;Gold;21;Rural;11;0
6595-COKXZ;Female;0;0;1;0;DSL;0;0;0;Month-to-month;1;Mailed check;4445;4445;5;117869;0,12;4;0,06;Bronze;43;Suburban;18;0
0961-ZWLVI;Male;0;0;1;1;Fiber optic;1;1;1;One year;1;Credit card (automatic);1092;529045;136;200185;0,24;3,8;0,38;Platinum;53;Urban;26;1
5181-OABFK;Female;0;1;1;0;DSL;1;1;1;Two year;1;Credit card (automatic);613;33468;295;163984;0,23;3,9;0,41;Platinum;21;Urban;23;1
4007-NHVHI;Female;1;0;1;1;Fiber optic;1;1;0;Month-to-month;1;Electronic check;9685;521965;257;205172;0,07;4,3;0,32;Bronze;51;Rural;1;0
7816-VGHTO;Female;0;1;0;No phone service;DSL;0;1;1;Two year;0;Mailed check;4055;2175;22;181069;0,18;4,9;0,26;Gold;30;Urban;15;0
5871-DGTXZ;Male;0;0;1;0;0;No internet service;No internet service;No internet service;One year;0;Mailed check;198;6077;122;169711;0,07;4,2;0,34;Gold;18;Urban;1;0
7550-WIQVA;Male;0;1;1;1;Fiber optic;1;1;1;One year;1;Electronic check;10825;54314;151;146252;0,03;4,7;0,16;Bronze;18;Urban;20;1
7544-ZVIKX;Male;0;1;1;1;Fiber optic;0;0;1;One year;1;Bank transfer (automatic);10505;600485;290;159386;0,29;4,7;0,04;Silver;26;Rural;9;1
0016-QLJIS;Female;0;1;1;1;DSL;1;1;1;Two year;1;Mailed check;9045;59579;263;198728;0,17;4;0,09;Bronze;28;Urban;57;1
7508-DQAKK;Female;0;0;1;1;DSL;1;1;1;Two year;1;Credit card (automatic);864;544205;210;212783;0,21;3,7;0,22;Silver;33;Urban;41;1
5176-OLSKT;Female;0;1;1;1;DSL;1;1;1;Two year;0;Bank transfer (automatic);669;437025;289;105801;0,24;4,3;0,68;Platinum;46;Suburban;16;1
9356-AXGMP;Male;0;1;1;1;Fiber optic;1;0;1;One year;1;Electronic check;1107;44286;227;170709;0,22;3,9;0,14;Silver;53;Urban;11;1
3556-BVQGL;Female;0;1;1;0;0;No internet service;No internet service;No internet service;One year;1;Mailed check;200;41645;74;133270;0,21;3,2;0,35;Silver;32;Suburban;6;1
0362-ZBZWJ;Male;0;0;1;1;Fiber optic;0;0;0;Month-to-month;1;Electronic check;849;30672;204;135535;0,29;3,8;0,32;Platinum;19;Urban;8;1
8979-CAMGB;Male;1;0;1;1;Fiber optic;0;0;1;One year;0;Electronic check;1021;66881;216;96220;0,18;5;0,94;Platinum;27;Urban;45;0
4211-MMAZN;Male;0;0;1;0;0;No internet service;No internet service;No internet service;Month-to-month;0;Mailed check;2025;2025;2;93392;0,19;3,1;0,43;Bronze;28;Urban;49;1
7581-EBBOU;Female;0;0;1;0;DSL;0;1;1;One year;1;Credit card (automatic);7015;42247;169;213318;0,25;4,4;0,69;Platinum;47;Urban;9;1
4274-OWWYO;Male;0;0;1;0;Fiber optic;0;1;0;Month-to-month;1;Electronic check;7435;7435;3;100010;0,02;4,7;0,06;Bronze;40;Suburban;15;1
5073-RZGBK;Female;0;1;1;1;DSL;1;1;1;One year;1;Bank transfer (automatic);8005;40422;143;206951;0,22;4,3;0,14;Bronze;39;Rural;0;1
1541-ETJZO;Male;0;0;1;1;DSL;0;0;1;Month-to-month;0;Mailed check;6205;6205;2;148358;0,07;4,1;0,94;Gold;53;Suburban;8;1
2192-CKRLV;Female;0;1;0;No phone service;DSL;1;1;1;Two year;1;Electronic check;492;358095;407;228306;0,11;4,4;0,35;Gold;46;Suburban;12;0
3154-HMWUU;Male;0;1;1;0;0;No internet service;No internet service;No internet service;Two year;1;Bank transfer (automatic);205;11988;322;176190;0,04;3,9;0,04;Gold;49;Urban;47;1
6119-SPUDB;Male;0;0;0;No phone service;DSL;1;0;1;Two year;0;Mailed check;3825;175535;228;195795;0,15;3,2;0,03;Bronze;50;Urban;15;1
6522-OIQSX;Female;0;1;0;No phone service;DSL;0;1;1;Two year;1;Credit card (automatic);5495;37725;184;202790;0,14;4,9;0,34;Bronze;26;Suburban;33;0
7813-ZGGAW;Male;1;0;1;1;Fiber optic;0;0;1;Month-to-month;1;Bank transfer (automatic);966;287795;76;205223;0,03;3,9;0,09;Platinum;18;Urban;40;1
8748-HFWBO;Male;0;1;1;0;0;No internet service;No internet service;No internet service;One year;0;Mailed check;199;3577;43;155205;0,18;4,3;0,62;Bronze;35;Urban;29;0
1052-QJIBV;Female;0;1;1;0;0;No internet service;No internet service;No internet service;Two year;0;Credit card (automatic);199;13973;347;232856;0,24;4,1;0,35;Bronze;39;Suburban;12;1
1319-YLZJG;Male;0;1;1;0;Fiber optic;1;1;1;Month-to-month;1;Electronic check;846;9599;68;240744;0,01;3,1;0,63;Gold;54;Suburban;7;1
4106-HADHQ;Male;0;1;1;0;DSL;1;0;1;One year;0;Credit card (automatic);800;318295;145;81082;0,25;4,9;0,01;Silver;31;Urban;54;1
0723-FDLAY;Male;0;0;1;1;DSL;0;1;1;One year;1;Bank transfer (automatic);8525;370415;108;222220;0,18;4,6;0,98;Bronze;39;Suburban;10;0
3050-RLLXC;Female;0;1;1;1;DSL;1;1;1;Two year;0;Credit card (automatic);8125;46204;226;238566;0,21;3,3;0,17;Bronze;50;Rural;48;1
9298-WGMRW;Female;0;1;1;1;Fiber optic;1;1;1;Two year;1;Bank transfer (automatic);1155;831275;244;155093;0,09;5;0,66;Gold;23;Urban;51;1
2369-UAPKZ;Male;0;0;1;1;Fiber optic;0;1;1;Month-to-month;0;Mailed check;1041;5419;17;131952;0,16;4,5;0,72;Platinum;44;Suburban;30;0
3088-LHEFH;Female;0;0;1;1;Fiber optic;1;0;0;Month-to-month;1;Bank transfer (automatic);790;9293;49;116719;0,19;3,9;0,17;Bronze;23;Urban;42;0
2778-OCLGR;Male;1;1;0;No phone service;DSL;1;0;0;Month-to-month;0;Bank transfer (automatic);391;9713;116;128737;0,18;4,2;0,11;Silver;33;Rural;10;0
6583-KQJLK;Female;1;1;1;0;Fiber optic;0;1;0;Month-to-month;1;Electronic check;9465;128505;36;187271;0,27;3,2;0,15;Bronze;19;Urban;47;1
8544-JNBOX;Male;0;0;1;0;0;No internet service;No internet service;No internet service;Two year;1;Mailed check;208;15212;154;225111;0,27;4,1;0,25;Gold;54;Suburban;6;1
6681-ZSEXG;Male;0;1;1;1;DSL;0;1;1;Two year;0;Credit card (automatic);595;338925;334;147839;0,29;3,1;0,17;Bronze;46;Rural;53;1
6139-ZZRBQ;Male;1;0;1;0;0;No internet service;No internet service;No internet service;Two year;1;Bank transfer (automatic);2005;119805;187;127931;0,02;4,1;0,67;Gold;40;Suburban;0;0
6116-RFVHN;Female;0;1;1;1;Fiber optic;0;0;1;Month-to-month;1;Electronic check;10045;341465;75;119925;0,29;4,1;0,42;Silver;38;Suburban;22;1
0637-KVDLV;Male;0;0;1;1;Fiber optic;0;0;0;Month-to-month;1;Electronic check;765;16245;5;167745;0,25;4,7;0,54;Silver;30;Urban;31;1
8884-FEEWR;Male;0;0;1;0;0;No internet service;No internet service;No internet service;One year;0;Bank transfer (automatic);206;7540;75;206298;0,08;4,5;0,05;Gold;18;Rural;14;0
3125-RAHBV;Male;0;0;1;0;0;No internet service;No internet service;No internet service;One year;0;Credit card (automatic);203;46715;78;173709;0,13;3,5;0,86;Silver;46;Suburban;17;0
6633-MPWBS;Male;0;0;1;0;DSL;0;0;0;Month-to-month;1;Electronic check;492;2169;26;122287;0,07;4,8;0,17;Gold;24;Urban;27;0
0373-AIVNJ;Male;0;0;0;No phone service;DSL;1;1;1;One year;0;Mailed check;3955;3730;30;244084;0;4,1;0,36;Bronze;48;Urban;13;0
8785-EPNCG;Male;0;0;1;1;0;No internet service;No internet service;No internet service;Month-to-month;0;Credit card (automatic);2315;2452;41;187252;0,06;4,2;0,07;Bronze;39;Urban;12;0
1682-VCOIO;Male;0;0;1;0;0;No internet service;No internet service;No internet service;One year;0;Mailed check;2045;4811;108;189323;0;3,3;0,14;Silver;33;Suburban;55;1
5729-KLZAR;Female;0;1;1;0;Fiber optic;0;0;0;Month-to-month;0;Electronic check;8085;30275;16;92803;0,22;4,7;0,67;Silver;45;Suburban;33;1
2072-ZVJJX;Male;0;1;1;1;0;No internet service;No internet service;No internet service;Two year;0;Bank transfer (automatic);2525;17282;370;198819;0,13;4,9;0,69;Silver;42;Suburban;19;0
8849-AYPTR;Male;0;1;1;0;Fiber optic;0;0;0;Month-to-month;0;Electronic check;9125;296405;180;173361;0,09;4,5;0,68;Gold;31;Urban;53;1
9518-IMLHK;Male;0;0;1;0;DSL;1;1;1;Month-to-month;1;Bank transfer (automatic);7245;215625;63;93698;0,23;4,9;0,55;Silver;38;Urban;23;1
1582-RAFML;Male;0;0;1;1;DSL;0;1;0;Month-to-month;0;Mailed check;601;601;5;245632;0,25;3,6;0,95;Gold;36;Suburban;27;1
3646-ITDGM;Female;0;0;1;0;0;No internet service;No internet service;No internet service;Two year;0;Bank transfer (automatic);197;10519;215;95376;0,29;4,7;0,51;Silver;30;Suburban;10;1
8740-CRYFY;Male;0;0;1;0;Fiber optic;0;0;0;Month-to-month;1;Electronic check;7895;7895;5;93117;0,19;4;0,45;Bronze;19;Urban;50;1
3569-VLDHH;Male;0;1;1;0;DSL;1;1;1;One year;1;Electronic check;751;50130;259;249028;0,14;3,3;0,25;Bronze;53;Suburban;27;1
8224-KDLKN;Male;0;1;1;1;0;No internet service;No internet service;No internet service;Two year;0;Bank transfer (automatic);250;17389;428;128786;0,09;4,3;0,01;Gold;31;Urban;21;0
7594-LZNWR;Male;1;0;1;0;Fiber optic;0;0;0;Month-to-month;0;Credit card (automatic);6915;22751;170;193005;0,07;4,4;0,55;Bronze;51;Urban;29;0
4001-TSBTV;Female;0;1;1;0;Fiber optic;0;1;1;Month-to-month;1;Electronic check;9155;551165;173;146480;0,06;3,6;0,31;Bronze;35;Suburban;37;0
2962-XPMCQ;Male;0;0;1;0;DSL;0;0;0;Month-to-month;1;Electronic check;4515;985;8;242767;0,12;3,1;0,52;Bronze;41;Suburban;16;1
8727-XDPUD;Male;0;0;0;No phone service;DSL;0;0;0;Two year;0;Credit card (automatic);358;13169;220;212583;0,03;3,4;0,21;Silver;47;Urban;21;1
1043-UXOVO;Female;0;0;1;1;Fiber optic;1;1;1;Two year;1;Credit card (automatic);11315;79933;385;133233;0;3,8;0,84;Silver;36;Suburban;0;0
1064-FBXNK;Male;0;1;1;0;0;No internet service;No internet service;No internet service;One year;0;Credit card (automatic);1985;1985;2;191022;0,06;3,3;0,1;Bronze;53;Urban;56;1
3996-ZNWYK;Male;1;1;1;0;0;No internet service;No internet service;No internet service;Two year;0;Credit card (automatic);198;138845;342;233574;0,06;3,4;0,32;Silver;38;Suburban;19;1
2878-DHMIN;Male;0;1;1;0;0;No internet service;No internet service;No internet service;One year;0;Electronic check;199;6660;118;172529;0,22;3,8;0,84;Bronze;36;Urban;4;1
7762-ONLJY;Female;0;1;1;0;0;No internet service;No internet service;No internet service;One year;0;Mailed check;197;9445;12;180919;0,11;4,9;0,87;Gold;43;Suburban;32;0
1678-FYZOW;Female;0;0;1;0;Fiber optic;0;0;0;Month-to-month;1;Electronic check;794;24465;10;163533;0,14;4,5;0,1;Gold;52;Suburban;44;0
5795-BKOYE;Female;0;1;1;0;DSL;0;1;1;One year;0;Bank transfer (automatic);591;41347;202;243021;0,04;3,6;0,34;Silver;21;Urban;0;0
8627-EHGIP;Male;0;0;0;No phone service;DSL;0;1;1;One year;1;Mailed check;5395;23754;232;149407;0,12;4,9;0,76;Silver;38;Rural;43;0
7402-PWYJJ;Female;0;1;1;1;Fiber optic;0;0;0;One year;1;Electronic check;9115;48625;177;153809;0,03;4,3;0,23;Bronze;20;Urban;8;0
5480-TBGPH;Female;0;1;1;0;Fiber optic;0;1;1;Month-to-month;1;Credit card (automatic);993;243135;127;97229;0,16;3,9;0,62;Gold;22;Urban;31;0
0018-NYROU;Female;0;1;1;0;Fiber optic;0;0;0;Month-to-month;1;Electronic check;6895;3515;10;238457;0,03;3,9;0,07;Bronze;46;Suburban;53;1
7501-VTYLJ;Female;0;0;1;0;DSL;0;1;0;Month-to-month;0;Mailed check;5155;1062;6;122176;0,24;3,8;0,74;Bronze;36;Suburban;25;1
7608-RGIRO;Male;0;0;1;1;0;No internet service;No internet service;No internet service;Two year;1;Mailed check;244;14130;183;174825;0,17;3,5;0,21;Platinum;34;Urban;44;0
0480-BIXDE;Female;0;1;1;0;Fiber optic;0;0;1;Month-to-month;1;Electronic check;968;174305;55;214332;0,22;3,8;0,85;Platinum;51;Rural;41;1
5895-QSXOD;Male;0;0;1;0;Fiber optic;0;0;0;Month-to-month;0;Mailed check;7005;6575;20;177555;0,13;4,1;0,42;Gold;37;Suburban;47;1
9814-AOUDH;Male;0;0;1;0;0;No internet service;No internet service;No internet service;Two year;0;Credit card (automatic);195;10505;145;83145;0,11;4,1;0,22;Platinum;45;Urban;5;0
6175-IRFIT;Male;0;0;1;0;Fiber optic;0;0;0;Month-to-month;0;Mailed check;7875;42635;21;177289;0,03;4,5;0,54;Gold;26;Suburban;52;1
8760-ZRHKE;Female;1;1;1;1;DSL;1;1;0;One year;0;Electronic check;692;49825;224;218874;0,16;3,7;0,86;Gold;20;Urban;53;1
1622-HSHSF;Female;0;0;1;0;0;No internet service;No internet service;No internet service;Month-to-month;1;Mailed check;1955;1955;3;82263;0,15;4,4;0,97;Bronze;27;Urban;29;1
8854-CCVSQ;Male;0;0;1;1;Fiber optic;0;1;0;Month-to-month;1;Electronic check;8065;14519;63;237985;0,14;4,2;0,75;Platinum;38;Suburban;39;0
6749-UTDVX;Male;0;0;1;1;Fiber optic;0;1;1;Two year;1;Electronic check;10365;76348;396;137788;0,22;4,9;0,01;Gold;21;Suburban;22;1
5542-DHSXL;Female;0;1;1;0;DSL;1;1;0;Month-to-month;0;Mailed check;547;23505;22;219227;0,25;3,8;0,13;Bronze;39;Suburban;38;1
9102-OXKFY;Male;0;0;1;1;DSL;0;0;1;Two year;0;Credit card (automatic);5415;311615;234;211994;0,23;4,8;0,08;Silver;24;Suburban;24;1
0511-JTEOY;Female;0;0;1;0;Fiber optic;0;0;0;Month-to-month;0;Mailed check;711;711;3;231744;0,04;4,6;0,01;Bronze;29;Suburban;24;1
5216-WASFJ;Female;1;1;1;1;Fiber optic;0;0;0;Month-to-month;1;Electronic check;8485;26334;75;249598;0,19;4,3;0,38;Platinum;28;Urban;12;0
7808-DVWEP;Male;0;1;1;0;0;No internet service;No internet service;No internet service;Month-to-month;0;Bank transfer (automatic);200;4965;17;125344;0,02;4,3;0,34;Silver;39;Suburban;24;0
7067-KSAZT;Female;1;1;1;1;Fiber optic;0;1;1;One year;1;Electronic check;10625;69798;145;202819;0,21;3,2;0,11;Bronze;46;Urban;16;1
2284-VFLKH;Male;0;1;1;0;Fiber optic;0;0;1;One year;1;Credit card (automatic);9925;49208;156;230086;0,11;4,9;0,88;Bronze;44;Urban;43;0
0366-NQSHS;Male;0;0;1;0;0;No internet service;No internet service;No internet service;Month-to-month;0;Mailed check;1935;4635;6;153352;0,04;3,2;0,62;Platinum;37;Rural;26;1
6532-YLWSI;Female;0;1;1;0;0;No internet service;No internet service;No internet service;One year;0;Bank transfer (automatic);208;10218;173;120324;0,26;4,1;0,08;Silver;31;Suburban;10;1
3807-BPOMJ;Female;0;1;1;0;Fiber optic;1;0;0;One year;1;Electronic check;9475;52761;146;174075;0,18;3,7;0,37;Silver;24;Urban;5;0
3892-NXAZG;Male;0;1;1;1;Fiber optic;1;1;1;Two year;1;Credit card (automatic);11405;82892;369;249770;0,11;3,9;0,41;Silver;32;Suburban;14;0
4948-WBBKL;Female;1;0;1;1;Fiber optic;0;0;0;Month-to-month;1;Bank transfer (automatic);749;265945;89;157169;0,01;4,2;0,32;Bronze;45;Urban;36;0
4182-BGSIQ;Female;0;1;1;0;0;No internet service;No internet service;No internet service;Month-to-month;1;Bank transfer (automatic);198;19675;45;103384;0,16;4,8;0,44;Bronze;27;Urban;31;0
9300-AGZNL;Male;1;0;1;1;Fiber optic;0;0;0;Month-to-month;1;Electronic check;940;940;2;83512;0,28;3,9;0,61;Silver;20;Suburban;47;1
0988-AADSA;Female;0;1;1;1;DSL;1;1;1;Two year;0;Bank transfer (automatic);8085;582475;164;217138;0,18;5;0,49;Silver;29;Suburban;23;0
9972-NKTFD;Female;0;0;1;0;DSL;0;1;0;Month-to-month;0;Bank transfer (automatic);5465;15175;157;242572;0,29;4,2;0,84;Bronze;30;Suburban;10;1
3717-LNXKW;Male;0;1;1;1;Fiber optic;1;0;0;Month-to-month;0;Bank transfer (automatic);917;347905;104;203775;0,04;3,3;0,09;Silver;51;Urban;41;1
5734-EJKXG;Female;0;0;1;1;Fiber optic;1;1;1;One year;1;Electronic check;1186;73657;322;158743;0,17;3,4;0,47;Bronze;18;Urban;28;1
2207-RYYRL;Male;0;1;1;1;0;No internet service;No internet service;No internet service;Two year;0;Mailed check;2455;133105;217;165642;0,24;4,4;0,24;Platinum;42;Suburban;7;1
6729-FZWSY;Male;0;0;1;0;0;No internet service;No internet service;No internet service;One year;1;Mailed check;1945;119595;154;209587;0,16;3,1;0,95;Bronze;36;Urban;55;1
9695-IDRZR;Female;0;0;1;1;Fiber optic;1;1;1;Two year;1;Credit card (automatic);11615;39469;197;159858;0,03;4;0,74;Bronze;42;Urban;36;0
8144-DGHXP;Female;0;0;1;0;DSL;1;0;1;Two year;0;Electronic check;806;429995;161;134800;0,17;3,3;0,64;Bronze;23;Rural;9;1
7814-LEEVE;Female;0;1;1;0;0;No internet service;No internet service;No internet service;Month-to-month;1;Bank transfer (automatic);203;203;5;180364;0,18;3,9;0,75;Bronze;21;Suburban;58;1
1112-CUNAO;Female;1;0;1;1;Fiber optic;0;1;0;Month-to-month;0;Electronic check;8985;142495;40;82387;0,22;4,5;0,08;Bronze;43;Suburban;9;1
5175-AOBHI;Female;0;0;1;0;DSL;0;0;0;Month-to-month;1;Mailed check;460;1936;21;212871;0,23;3,9;0,07;Silver;43;Urban;0;1
5174-RNGBH;Female;0;0;1;0;DSL;0;1;0;Month-to-month;0;Mailed check;6625;62055;18;199095;0,23;3,3;0,15;Gold;43;Urban;44;1
8631-WUXGY;Female;0;0;1;0;Fiber optic;0;1;1;Month-to-month;1;Electronic check;998;439125;186;115548;0,02;3,5;0,15;Bronze;31;Urban;51;1
7270-BDIOA;Female;0;0;1;1;Fiber optic;0;0;0;Month-to-month;1;Electronic check;900;19938;111;244967;0,06;3,7;0,42;Silver;49;Suburban;22;0
9565-JSNFM;Male;0;0;1;0;Fiber optic;0;0;0;One year;1;Bank transfer (automatic);7045;25976;218;170450;0,12;3,1;0,16;Platinum;45;Suburban;17;1
5906-DVAPM;Female;0;1;1;1;DSL;1;1;0;One year;1;Credit card (automatic);750;42139;310;185669;0,23;4,2;0,85;Bronze;19;Suburban;22;1
6654-QGBZZ;Female;0;0;1;0;0;No internet service;No internet service;No internet service;Month-to-month;0;Mailed check;199;199;5;160171;0,29;4,2;0,58;Gold;38;Urban;4;1
8348-JLBUG;Male;1;1;1;0;Fiber optic;1;0;1;One year;0;Credit card (automatic);803;50177;355;125414;0,02;3,1;0,37;Bronze;31;Suburban;47;1
0607-DAAHE;Male;0;0;1;0;0;No internet service;No internet service;No internet service;Two year;0;Bank transfer (automatic);1975;105235;148;153071;0,16;3,8;0,07;Bronze;54;Suburban;37;0
5641-DMBFJ;Female;0;1;1;1;DSL;1;0;1;Two year;1;Electronic check;843;49164;181;192808;0,09;3,8;0,59;Silver;19;Suburban;53;1
9200-NLNPD;Male;0;1;0;No phone service;DSL;0;0;1;One year;1;Bank transfer (automatic);5405;29598;176;158591;0,07;3,7;0,12;Bronze;22;Rural;30;0
2664-XJZNO;Male;0;1;1;0;Fiber optic;1;0;1;Two year;1;Credit card (automatic);1049;755955;252;84297;0,15;4,1;0,74;Platinum;19;Suburban;52;1
9732-KPKBW;Male;0;0;1;0;DSL;1;0;0;Month-to-month;1;Electronic check;5395;5395;3;189513;0,18;3,7;0,08;Bronze;18;Urban;41;1
3339-EAQNV;Male;1;1;1;1;Fiber optic;0;1;0;One year;1;Credit card (automatic);9725;71331;300;208668;0;3,8;0,54;Silver;39;Rural;38;0
0921-OHLVP;Male;0;0;1;1;Fiber optic;0;0;0;Month-to-month;0;Electronic check;8305;17993;58;166479;0,23;4,6;0,15;Silver;42;Urban;19;1
3389-YGYAI;Female;1;0;1;1;Fiber optic;0;1;1;Month-to-month;1;Electronic check;1055;82955;38;178752;0,25;3,3;0,79;Bronze;47;Rural;28;1
9560-ARGQJ;Female;0;0;1;0;Fiber optic;0;0;0;Month-to-month;1;Electronic check;810;131215;42;216080;0,29;4,2;0,31;Gold;26;Suburban;47;1
8350-NYMVI;Female;0;0;0;No phone service;DSL;0;1;1;Month-to-month;0;Bank transfer (automatic);411;159705;126;195481;0,05;4;0,22;Silver;54;Suburban;32;0
1600-DILPE;Female;0;0;1;0;DSL;0;0;0;Month-to-month;1;Bank transfer (automatic);450;52435;48;227892;0,18;3,6;0,47;Gold;27;Urban;56;1
0536-ESJEP;Male;0;1;1;0;DSL;1;1;0;Two year;1;Bank transfer (automatic);7455;419145;280;233325;0,13;4,5;0,92;Gold;32;Urban;38;0
4654-GGUII;Female;0;0;0;No phone service;DSL;1;1;0;One year;1;Mailed check;402;71195;89;240274;0,01;4,1;0,03;Bronze;20;Urban;31;0
6478-HRRCZ;Male;0;1;1;0;DSL;1;1;0;One year;0;Mailed check;705;220175;146;240308;0,17;4;0,91;Silver;25;Suburban;24;0
8510-BBWMU;Female;0;0;1;0;0;No internet service;No internet service;No internet service;One year;1;Mailed check;1975;80695;107;147156;0,23;4,3;0,05;Bronze;42;Urban;43;1
6857-TKDJV;Male;0;1;1;1;0;No internet service;No internet service;No internet service;Two year;0;Bank transfer (automatic);2465;162045;280;140263;0,01;4,6;0,08;Bronze;53;Urban;26;0
2360-RDGRO;Male;0;1;1;1;Fiber optic;1;0;1;Month-to-month;1;Electronic check;10425;681295;152;198996;0,29;4,9;0,07;Bronze;38;Rural;56;1
0584-BJQGZ;Female;0;0;1;1;DSL;1;1;1;Month-to-month;1;Bank transfer (automatic);7835;18379;87;179252;0,24;4,3;0,19;Platinum;51;Urban;22;1
5134-IKDAY;Female;0;1;1;0;Fiber optic;0;0;0;Month-to-month;1;Electronic check;698;698;3;198632;0,23;4,7;0,32;Silver;44;Suburban;46;1
1360-XFJMR;Female;0;1;1;1;Fiber optic;0;1;1;One year;1;Credit card (automatic);1097;734445;144;154855;0,23;3;0,14;Bronze;26;Urban;1;1
3070-DVEYC;Male;1;0;1;1;Fiber optic;0;0;0;Month-to-month;0;Mailed check;7375;54515;21;96575;0,12;4,1;0,33;Bronze;27;Urban;58;1
5730-RIITO;Female;1;0;0;No phone service;DSL;1;1;0;Month-to-month;1;Credit card (automatic);3345;150025;250;92204;0,23;3,4;0,28;Bronze;44;Suburban;49;1
9058-MJLZC;Female;0;0;1;0;Fiber optic;1;0;0;Month-to-month;1;Electronic check;946;228315;139;91952;0,12;3,2;0,74;Bronze;42;Suburban;3;1
5707-ORNDZ;Male;1;0;1;1;DSL;1;0;0;Month-to-month;0;Electronic check;5455;49405;30;163323;0,27;4,1;0,07;Bronze;30;Urban;24;1
0902-XKXPN;Male;0;1;1;0;0;No internet service;No internet service;No internet service;Two year;0;Bank transfer (automatic);202;13765;149;244944;0,05;4,5;0,95;Bronze;21;Urban;44;0
5177-RVZNU;Female;0;0;1;0;0;No internet service;No internet service;No internet service;One year;0;Bank transfer (automatic);203;7554;100;240448;0,09;3,8;0,72;Bronze;33;Suburban;22;0
0056-EPFBG;Male;0;1;0;No phone service;DSL;1;0;1;Two year;1;Credit card (automatic);394;8254;71;222712;0,17;4,3;0,69;Silver;29;Urban;40;0
8993-IZEUX;Male;0;0;1;0;Fiber optic;0;0;0;Month-to-month;0;Bank transfer (automatic);6915;48865;40;106437;0,01;4;0,69;Platinum;42;Urban;35;0
8696-JKZNU;Female;1;0;1;1;Fiber optic;0;0;0;Month-to-month;1;Electronic check;7625;284155;94;207129;0,13;3,9;0,88;Silver;33;Suburban;40;0
5380-AFSSK;Female;0;0;1;1;Fiber optic;0;0;0;Month-to-month;1;Mailed check;939;48685;25;167681;0,15;3,6;0,03;Gold;19;Suburban;22;0
8190-ZTQFB;Male;0;0;0;No phone service;DSL;0;0;1;One year;1;Electronic check;5135;20751;99;87903;0,26;3,8;0,03;Bronze;26;Suburban;55;1
0931-MHTEM;Female;0;0;1;0;Fiber optic;1;1;0;One year;1;Credit card (automatic);10005;529965;319;106863;0,16;3,7;0,74;Gold;30;Urban;32;0
2055-PDADH;Female;1;0;1;0;Fiber optic;0;0;0;Month-to-month;1;Electronic check;704;2047;10;123381;0,11;4,3;0,23;Bronze;31;Urban;56;1
7515-LODFU;Male;1;0;1;0;0;No internet service;No internet service;No internet service;Two year;0;Credit card (automatic);203;13563;351;108548;0,07;3,2;0,91;Gold;29;Suburban;27;1
0440-UEDAI;Female;0;0;1;0;Fiber optic;0;1;1;One year;1;Credit card (automatic);9445;504275;178;91467;0,12;3,2;0,53;Gold;52;Urban;7;1
1337-BOZWO;Male;0;1;0;No phone service;DSL;0;1;1;One year;0;Credit card (automatic);464;8124;81;137954;0,15;4,3;0,03;Gold;39;Urban;32;0
0868-VJRDR;Male;0;1;1;0;Fiber optic;1;1;0;Two year;1;Credit card (automatic);10405;660555;177;103901;0,22;4,1;0,78;Gold;38;Suburban;28;1
8714-EUHJO;Female;0;1;1;1;Fiber optic;0;1;0;Month-to-month;1;Electronic check;9115;299545;80;103301;0,04;3,9;0,31;Silver;20;Suburban;47;1
6344-SFJVH;Female;0;0;0;No phone service;DSL;0;0;0;Month-to-month;0;Credit card (automatic);249;50595;115;204686;0,07;3,3;0,96;Bronze;39;Urban;55;1
3950-VPYJB;Male;0;1;1;0;DSL;1;1;0;One year;0;Mailed check;596;35094;323;165180;0,11;3,8;0,98;Silver;26;Urban;14;0
8041-TMEID;Male;1;1;1;1;Fiber optic;1;1;1;Two year;0;Credit card (automatic);1085;69919;349;149903;0,11;4,6;0,67;Silver;20;Urban;14;0
7321-ZNSLA;Male;0;1;0;No phone service;DSL;1;1;0;Two year;0;Mailed check;4055;59035;58;183955;0,12;4,8;0,11;Bronze;48;Suburban;36;0
6941-KXRRV;Female;1;1;1;0;DSL;0;1;0;One year;1;Bank transfer (automatic);5895;27897;251;227276;0,24;4,4;0,26;Silver;54;Suburban;18;1
3721-CNEYS;Female;0;0;1;0;Fiber optic;0;0;0;Month-to-month;1;Electronic check;7095;13795;4;99755;0,01;3,1;0,52;Silver;23;Urban;55;1
8727-JQFHV;Male;0;1;1;0;0;No internet service;No internet service;No internet service;Two year;0;Mailed check;2075;112315;190;139817;0,15;4,3;0,85;Bronze;31;Urban;42;0
9475-NNDGC;Male;0;1;1;1;Fiber optic;0;1;1;One year;1;Bank transfer (automatic);11315;795325;231;82093;0,19;3,5;0,18;Silver;36;Suburban;58;1
1355-KUSBG;Female;0;1;1;1;DSL;0;0;0;Month-to-month;0;Electronic check;488;3498;31;176319;0,07;3,6;0,01;Silver;35;Rural;50;1
3688-FTHLT;Female;0;0;1;1;DSL;0;0;0;Month-to-month;1;Bank transfer (automatic);6305;106705;54;102940;0,22;3,4;0,07;Bronze;24;Suburban;55;1
0899-LIIBW;Male;0;1;1;1;Fiber optic;0;0;1;Month-to-month;0;Electronic check;10085;35273;88;248394;0,16;4,6;0,51;Silver;53;Suburban;20;0
2568-OIADY;Female;0;1;1;1;Fiber optic;0;0;1;Month-to-month;1;Electronic check;995;37620;162;208714;0,13;4,3;0,88;Platinum;46;Rural;55;1
1384-RCUXW;Male;0;0;1;1;Fiber optic;0;1;0;Month-to-month;1;Mailed check;8055;12489;84;171544;0,24;4,2;0,04;Gold;20;Urban;34;1
5825-XJOCM;Male;0;0;1;1;DSL;1;1;1;One year;1;Bank transfer (automatic);644;303535;169;164437;0,07;4,3;0,21;Silver;30;Urban;25;0
6848-YLDFR;Male;0;1;1;0;DSL;0;1;0;One year;1;Credit card (automatic);752;43008;146;172969;0,26;3,5;0,69;Bronze;53;Urban;53;1
8125-QPFJD;Female;0;1;1;1;DSL;1;0;1;Two year;1;Bank transfer (automatic);849;60653;200;187001;0,17;3,9;0,83;Bronze;42;Rural;27;0
2320-YKQBO;Female;0;0;1;0;0;No internet service;No internet service;No internet service;Month-to-month;0;Mailed check;193;14495;20;167725;0,18;4,3;0,81;Bronze;45;Urban;21;0
1193-RTSLK;Female;0;0;1;0;Fiber optic;1;1;1;Month-to-month;1;Credit card (automatic);839;32336;121;195784;0,26;4,3;0,79;Bronze;28;Urban;35;1
2302-ANTDP;Female;1;1;1;1;Fiber optic;1;1;1;Month-to-month;0;Electronic check;11745;54389;219;190675;0,25;4,6;0,13;Platinum;26;Urban;52;1
5923-GXUOC;Male;0;0;1;0;Fiber optic;1;1;1;Month-to-month;1;Electronic check;1044;108145;44;174266;0,18;3,6;0,04;Platinum;39;Urban;15;0
4973-RLZVI;Female;0;0;1;0;DSL;1;1;1;One year;0;Credit card (automatic);7465;23086;143;89236;0,23;4,5;0,98;Gold;38;Urban;11;1
7869-ZYDST;Male;0;1;1;1;DSL;0;0;0;Month-to-month;1;Credit card (automatic);5905;18828;106;152597;0,13;3,9;0,99;Bronze;36;Urban;27;0
4501-UYKBC;Female;1;0;1;1;DSL;0;0;1;One year;1;Credit card (automatic);691;325535;243;214974;0,16;4,3;0,06;Bronze;50;Rural;6;0
1215-EXRMO;Male;0;1;1;0;0;No internet service;No internet service;No internet service;Two year;0;Mailed check;2055;106765;140;179656;0,02;3,9;0,71;Silver;21;Urban;32;0
2305-MRGLV;Male;0;1;1;0;Fiber optic;0;0;0;Month-to-month;0;Bank transfer (automatic);7655;20654;108;114364;0,03;4,9;0,95;Silver;50;Urban;23;0
8404-VIOMB;Female;0;0;0;No phone service;DSL;1;1;1;Two year;1;Bank transfer (automatic);625;41364;343;187071;0,25;3,4;0,45;Silver;33;Urban;10;1
5233-GEEAX;Male;1;0;0;No phone service;DSL;0;0;1;Month-to-month;1;Electronic check;294;2219;21;174410;0,02;4,4;0,14;Silver;18;Suburban;14;0
2359-KLTEK;Female;0;1;1;0;Fiber optic;0;0;1;Month-to-month;1;Bank transfer (automatic);949;38480;100;231168;0,05;4,2;0,67;Gold;32;Urban;18;0
5304-EFJLP;Male;1;1;1;1;Fiber optic;0;1;1;Two year;1;Bank transfer (automatic);11165;802285;398;223092;0,24;3,3;0,96;Gold;39;Urban;54;1
2673-ZALNP;Female;0;0;1;0;0;No internet service;No internet service;No internet service;One year;0;Mailed check;199;17315;23;138473;0;3,1;0,07;Silver;49;Suburban;14;1
9184-GALIL;Female;0;1;1;0;0;No internet service;No internet service;No internet service;Month-to-month;0;Mailed check;2045;78125;179;124153;0,08;4,6;0,08;Gold;54;Suburban;8;0
4393-RYCRE;Male;0;0;1;0;Fiber optic;1;1;1;One year;1;Electronic check;10605;45108;92;118502;0,18;3,3;0,42;Bronze;40;Rural;12;1
9746-MDMBK;Male;0;1;1;1;Fiber optic;1;1;1;One year;1;Bank transfer (automatic);11345;53178;223;95675;0,18;3,4;0,01;Silver;50;Urban;49;1
3162-ZJZFU;Male;0;1;1;0;Fiber optic;0;1;0;Month-to-month;1;Electronic check;9255;477945;173;235437;0,23;5;0,17;Bronze;39;Urban;28;1
8404-GFGCZ;Male;0;1;1;1;DSL;0;0;1;Month-to-month;0;Electronic check;656;2501;8;198384;0,15;4,4;0,98;Bronze;29;Rural;57;1
8875-AKBYH;Male;1;0;1;1;Fiber optic;0;0;0;Month-to-month;1;Electronic check;8435;17452;88;158229;0,15;3,5;0,49;Bronze;35;Suburban;25;0
4432-ADRLB;Male;0;0;1;0;DSL;0;0;0;Month-to-month;0;Mailed check;4465;749;5;169049;0,22;4,2;0,01;Bronze;49;Suburban;22;1
0533-UCAAU;Male;1;1;1;1;DSL;0;1;1;One year;1;Credit card (automatic);711;41401;202;169157;0,15;4,1;0,96;Platinum;20;Suburban;16;0
1394-SUIUH;Female;1;1;1;0;Fiber optic;1;1;0;Month-to-month;1;Electronic check;8515;36705;102;185711;0,18;4,7;0,05;Silver;53;Suburban;4;0
3521-MNKLV;Male;0;0;1;0;DSL;0;0;1;Month-to-month;1;Mailed check;497;11678;62;190090;0,27;4,5;0,84;Platinum;18;Suburban;58;1
2533-TIBIX;Male;0;1;0;No phone service;DSL;1;0;0;Month-to-month;1;Bank transfer (automatic);302;46965;47;173321;0,12;4,7;0,55;Bronze;42;Urban;15;0
8993-PHFWD;Female;0;0;0;No phone service;DSL;0;0;0;Month-to-month;0;Electronic check;2525;589;7;106465;0,12;3,4;0,01;Bronze;37;Suburban;38;1
1565-RHDJD;Female;0;0;1;1;Fiber optic;0;1;1;Month-to-month;0;Bank transfer (automatic);8405;33355;22;112286;0;4,3;0,62;Silver;34;Suburban;29;0
7137-RYLPP;Male;1;1;1;1;Fiber optic;0;0;0;Month-to-month;1;Electronic check;857;317115;74;134795;0,18;3,1;0,1;Bronze;39;Urban;20;1
3765-JXVKY;Female;0;0;1;0;Fiber optic;0;1;0;Month-to-month;1;Electronic check;747;747;3;188139;0,01;3,1;0,03;Silver;50;Urban;4;1
5092-STPKP;Female;0;0;1;0;DSL;1;0;0;Month-to-month;0;Credit card (automatic);5635;13812;59;183845;0,15;4,4;0,84;Silver;43;Urban;53;1
7330-WZLNC;Female;0;0;1;1;Fiber optic;0;1;0;Month-to-month;1;Electronic check;908;4555;16;129986;0,24;3;0,24;Gold;44;Suburban;57;1
0114-PEGZZ;Female;0;0;1;1;Fiber optic;0;1;1;Month-to-month;0;Electronic check;10755;36455;188;155396;0,16;4,2;0,39;Silver;51;Suburban;25;0
3359-DSRKA;Female;0;1;1;0;0;No internet service;No internet service;No internet service;Two year;1;Mailed check;1985;115885;153;135178;0,08;4,7;0,37;Silver;40;Suburban;42;0
8639-NHQEI;Female;0;1;1;1;Fiber optic;1;1;0;Two year;1;Bank transfer (automatic);959;695415;422;90745;0,24;3,8;0,09;Bronze;33;Suburban;47;1
7161-DFHUF;Female;0;1;1;1;0;No internet service;No internet service;No internet service;Two year;0;Mailed check;2385;16721;200;159637;0,08;3,1;0,05;Gold;31;Urban;29;1
3957-LXOLK;Female;1;0;1;1;Fiber optic;0;1;1;Month-to-month;1;Electronic check;10615;31525;139;216100;0,22;4,4;0,45;Silver;31;Suburban;58;1
3720-DBRWL;Male;0;1;1;0;DSL;1;1;1;Two year;1;Credit card (automatic);8385;43071;213;128566;0,18;4,9;0,82;Bronze;43;Urban;21;0
6635-MYYYZ;Female;0;0;1;0;DSL;1;1;1;One year;0;Bank transfer (automatic);8535;25304;166;123722;0,05;4,4;0,05;Bronze;44;Suburban;57;1
8565-WUXZU;Male;1;1;1;0;Fiber optic;1;1;0;Two year;1;Credit card (automatic);848;614165;303;166623;0,27;4,2;0,09;Silver;21;Urban;44;1
5281-BUZGT;Male;1;0;1;1;Fiber optic;1;0;0;Month-to-month;1;Electronic check;9085;31867;148;191074;0,06;3,5;0,02;Platinum;26;Urban;1;0
4994-OBRSZ;Male;0;0;1;0;DSL;1;1;1;Two year;0;Bank transfer (automatic);761;10548;38;154974;0,03;3;0,69;Bronze;44;Urban;43;1
0562-FGDCR;Female;0;1;1;1;DSL;1;1;0;Two year;0;Mailed check;7455;543065;191;164084;0;4,4;0,53;Gold;32;Urban;11;0
2436-QBZFP;Female;0;1;0;No phone service;DSL;0;1;0;Month-to-month;0;Electronic check;392;8499;124;235839;0,08;3,5;0,88;Silver;42;Suburban;41;0
3420-YJLQT;Female;0;0;1;1;Fiber optic;0;1;0;Month-to-month;0;Electronic check;7955;15175;6;197353;0,06;4,7;0,05;Silver;35;Urban;26;0
6040-CGACY;Female;0;0;1;0;0;No internet service;No internet service;No internet service;Month-to-month;0;Mailed check;196;2994;52;184417;0;3,9;0,22;Platinum;47;Urban;25;0
6582-PLFUU;Male;0;1;1;0;0;No internet service;No internet service;No internet service;Two year;0;Credit card (automatic);1955;108675;257;148099;0,22;4,1;0,81;Silver;54;Rural;44;1
8242-PDSGJ;Male;0;1;0;No phone service;DSL;1;0;1;Two year;1;Credit card (automatic);3915;269275;234;219570;0,21;4,5;0,29;Gold;33;Urban;43;1
0264-CNITK;Female;0;1;1;0;0;No internet service;No internet service;No internet service;Two year;0;Bank transfer (automatic);201;13896;412;105107;0,24;4,6;0,94;Silver;29;Rural;24;1
0089-IIQKO;Female;0;1;1;1;Fiber optic;0;0;0;Month-to-month;1;Credit card (automatic);9995;37674;193;239865;0,08;4,3;0,25;Bronze;34;Rural;18;0
7839-NUIAA;Female;0;1;1;1;DSL;1;1;0;Month-to-month;0;Electronic check;598;36415;267;213768;0,13;4,9;0,17;Silver;42;Urban;48;1
6075-QMNRR;Female;0;0;1;0;DSL;1;0;0;Month-to-month;1;Bank transfer (automatic);4975;253555;287;133839;0,02;5;0,49;Platinum;32;Urban;26;0
5378-IKEEG;Female;0;0;0;No phone service;DSL;0;0;0;Month-to-month;1;Electronic check;3575;3575;2;169241;0,13;4,9;0,05;Gold;42;Suburban;47;1
5966-EMAZU;Male;0;1;1;1;Fiber optic;1;0;1;One year;1;Mailed check;1085;688085;193;103397;0,21;4,6;0,04;Bronze;38;Suburban;16;1
0440-EKDCF;Male;0;1;1;0;DSL;0;1;1;Two year;1;Credit card (automatic);6015;37532;239;87704;0,19;4,4;0,05;Bronze;36;Urban;56;1
4774-HHGGS;Male;0;1;1;0;0;No internet service;No internet service;No internet service;Two year;0;Mailed check;1905;63755;87;96442;0,03;4,3;0,22;Silver;41;Urban;5;0
2718-GAXQD;Female;1;1;1;0;DSL;0;0;0;Month-to-month;0;Electronic check;460;1816;19;209576;0,23;3,2;0,01;Silver;24;Suburban;22;1
2055-BFOCC;Male;1;1;1;0;DSL;1;1;1;One year;1;Bank transfer (automatic);840;532955;357;89765;0,22;3,5;0,03;Bronze;29;Urban;17;1
8180-AKMJV;Female;0;0;1;0;DSL;0;0;0;Month-to-month;1;Credit card (automatic);4455;4455;3;195828;0,02;3;0,48;Bronze;28;Urban;42;1
4298-OYIFC;Male;0;1;1;1;Fiber optic;0;0;1;Month-to-month;1;Electronic check;10345;15398;50;90002;0,05;3,3;0,39;Gold;50;Rural;43;1
5566-SOEZD;Male;0;1;1;0;Fiber optic;1;1;0;One year;1;Credit card (automatic);8065;220975;157;91390;0,08;3,9;0,14;Gold;42;Rural;48;1
9842-EFSYY;Female;0;0;0;No phone service;DSL;1;1;1;Month-to-month;1;Mailed check;572;22375;15;86641;0,12;3,3;0,58;Gold;51;Urban;1;1
2272-WUSPA;Female;0;1;1;1;Fiber optic;1;1;1;Two year;1;Electronic check;11075;77517;284;244781;0,08;4,8;0,71;Platinum;28;Urban;44;0
4584-LBNMK;Male;1;1;1;1;0;No internet service;No internet service;No internet service;One year;0;Credit card (automatic);247;117435;153;191119;0,07;4,6;0,68;Bronze;33;Suburban;18;0
3898-GUYTS;Female;1;0;1;1;Fiber optic;1;1;0;Month-to-month;1;Electronic check;9705;438505;253;95624;0,24;3,1;0,39;Gold;49;Urban;50;1
0930-EHUZA;Female;0;0;1;0;DSL;1;1;1;One year;1;Mailed check;7635;260635;153;89966;0,19;3,5;0,14;Silver;32;Urban;55;1
6413-XKKPU;Male;0;1;1;0;Fiber optic;1;0;1;Month-to-month;1;Electronic check;894;153945;85;245261;0,17;4,6;0,05;Platinum;32;Suburban;3;0
9975-SKRNR;Male;0;0;1;0;0;No internet service;No internet service;No internet service;Month-to-month;0;Mailed check;189;189;5;151301;0,07;4,6;0,89;Bronze;24;Rural;32;0
3703-KBKZP;Male;1;0;1;1;Fiber optic;0;0;0;Month-to-month;1;Bank transfer (automatic);7445;126135;53;195123;0,28;4,9;0,47;Bronze;54;Urban;33;1
1449-XQEMT;Male;0;0;1;0;0;No internet service;No internet service;No internet service;Month-to-month;1;Mailed check;198;5815;11;228295;0,06;5;0,02;Gold;19;Suburban;31;0
2626-URJFX;Male;0;1;1;1;DSL;0;0;0;Month-to-month;1;Electronic check;509;2256;21;158183;0,24;5;0,09;Platinum;23;Urban;56;1
4973-MGTON;Female;0;1;1;0;DSL;1;1;1;Two year;1;Credit card (automatic);844;59693;245;84959;0,29;3,8;0,94;Gold;53;Urban;17;1
3682-YEUWS;Male;0;1;1;1;0;No internet service;No internet service;No internet service;Month-to-month;1;Mailed check;244;2539;51;238329;0,22;3,5;0,74;Gold;45;Urban;43;1
1223-UNPKS;Male;0;1;1;0;0;No internet service;No internet service;No internet service;Two year;0;Mailed check;2005;4000;115;130802;0,03;4,5;0,31;Bronze;39;Urban;8;1
2612-RRIDN;Male;0;0;1;0;Fiber optic;0;0;0;Month-to-month;1;Electronic check;810;34085;17;204125;0,02;3,6;0,03;Gold;54;Urban;36;0
4735-ASGMA;Male;0;0;1;1;Fiber optic;0;0;1;Month-to-month;1;Electronic check;9835;25153;129;203795;0,07;4,6;0,09;Gold;22;Suburban;47;1
3446-QDSZF;Female;0;0;1;0;DSL;0;0;0;Month-to-month;0;Credit card (automatic);555;22735;20;107215;0,06;4,1;0,18;Gold;35;Urban;35;0
3669-LVWZB;Male;0;0;0;No phone service;DSL;0;1;0;Month-to-month;1;Mailed check;510;30595;26;135046;0,01;4,6;0,54;Silver;28;Urban;51;1
6892-EZDTG;Female;0;1;1;1;Fiber optic;0;1;0;Month-to-month;1;Electronic check;9165;3654;14;174593;0;3,6;0,71;Bronze;25;Urban;2;0
5117-IFGPS;Male;1;1;1;1;Fiber optic;0;0;0;Month-to-month;1;Electronic check;843;235775;63;245166;0,02;4;0,04;Silver;37;Suburban;17;0
7379-FNIUJ;Male;0;0;1;0;Fiber optic;1;1;0;Month-to-month;0;Electronic check;1002;1985;7;249741;0,08;4,1;0,04;Silver;28;Urban;39;0
1627-AFWVJ;Female;0;0;1;0;0;No internet service;No internet service;No internet service;Two year;0;Mailed check;194;55425;136;247198;0,24;4,9;0,23;Platinum;44;Urban;53;1
9725-SCPZG;Male;0;0;1;0;Fiber optic;0;0;0;Month-to-month;1;Electronic check;9085;9085;3;159036;0,11;3,5;0,09;Silver;46;Urban;24;1
5884-GCYMI;Male;0;0;1;0;Fiber optic;0;0;0;Month-to-month;0;Mailed check;694;694;4;189864;0,14;4,9;0,52;Silver;42;Urban;1;1
3217-FZDMN;Female;1;0;1;0;Fiber optic;0;0;1;Month-to-month;1;Credit card (automatic);9445;74295;27;200333;0,29;4,6;0,82;Platinum;36;Urban;43;1
4486-EFAEB;Male;0;0;1;0;0;No internet service;No internet service;No internet service;Month-to-month;1;Electronic check;204;25165;59;96772;0,07;4,5;0,56;Bronze;19;Urban;0;0
0060-FUALY;Female;0;1;1;1;Fiber optic;1;1;0;Month-to-month;1;Electronic check;9475;559765;161;131943;0,22;4,6;0,94;Bronze;19;Suburban;23;1
7853-GVUDZ;Female;0;1;1;0;0;No internet service;No internet service;No internet service;Month-to-month;1;Credit card (automatic);2015;2015;4;148868;0,23;4,2;0,91;Silver;24;Rural;23;1
7480-QNVZJ;Male;1;0;1;1;Fiber optic;0;0;0;Month-to-month;1;Electronic check;957;48167;209;129855;0,07;3,5;0,48;Bronze;48;Urban;52;1
6954-OOYZZ;Male;0;1;1;0;DSL;0;0;0;Month-to-month;1;Bank transfer (automatic);4435;76805;50;233290;0,15;3,4;0,32;Bronze;50;Urban;49;1
7088-FBAWU;Female;0;1;1;0;DSL;1;1;0;Month-to-month;0;Mailed check;7455;12158;53;181124;0,11;4,7;0,06;Gold;28;Urban;41;0
8313-AFGBW;Male;0;1;1;0;DSL;0;1;1;Two year;0;Electronic check;736;352265;234;137205;0,23;4,5;0,67;Silver;30;Rural;52;1
3943-KDREE;Female;0;0;1;1;Fiber optic;0;0;0;Month-to-month;1;Bank transfer (automatic);7495;183495;102;216031;0,19;3,4;0,05;Bronze;27;Urban;39;1
9239-ZBZZV;Female;0;0;0;No phone service;DSL;0;0;1;Month-to-month;1;Electronic check;4795;3051;17;105874;0,14;4,2;0,82;Bronze;37;Suburban;3;0
3097-IDVPU;Male;0;1;1;1;DSL;0;0;0;Month-to-month;0;Credit card (automatic);501;91045;111;211007;0,23;3,9;0,18;Bronze;38;Urban;49;1
4398-HSCJH;Female;0;0;1;1;DSL;0;0;0;Month-to-month;1;Electronic check;636;15565;14;81301;0,07;3,3;0,33;Silver;31;Urban;34;1
2197-OMWGI;Female;1;1;0;No phone service;DSL;0;1;1;Two year;1;Electronic check;530;365625;396;138017;0,23;4,1;0,69;Bronze;41;Urban;34;1
2303-PJYHN;Female;0;1;1;0;0;No internet service;No internet service;No internet service;Month-to-month;0;Bank transfer (automatic);1985;520;7;123319;0,26;3,6;0,25;Gold;24;Urban;56;1
9795-VOWON;Male;0;0;0;No phone service;DSL;0;0;0;One year;1;Credit card (automatic);2435;15085;27;102455;0,26;3,2;0,44;Silver;22;Urban;11;1
1237-WIYYZ;Female;0;0;1;0;0;No internet service;No internet service;No internet service;Month-to-month;1;Mailed check;1955;38925;100;215184;0,24;3,9;0,96;Bronze;23;Urban;50;1
1987-AUELQ;Female;0;1;1;1;0;No internet service;No internet service;No internet service;Two year;0;Credit card (automatic);2505;18737;291;137033;0,12;4,2;0,63;Bronze;52;Urban;48;1
7852-LECYP;Male;1;1;1;1;Fiber optic;1;1;0;Month-to-month;0;Credit card (automatic);938;12610;62;243217;0,29;3,1;0,95;Silver;26;Suburban;22;1
4430-UZIPO;Male;0;0;0;No phone service;DSL;0;1;0;Month-to-month;1;Mailed check;3685;1087;9;186924;0,11;3,8;0,72;Bronze;18;Suburban;48;1
4822-LPTYJ;Male;0;1;1;1;Fiber optic;0;1;1;Two year;1;Bank transfer (automatic);10375;73462;272;112735;0,19;3,5;0,72;Silver;37;Urban;21;0
8165-CBKXO;Male;0;1;0;No phone service;DSL;0;1;1;Two year;1;Credit card (automatic);5675;37084;164;152781;0,05;3,1;0,59;Platinum;23;Urban;25;1
6527-PZFPV;Male;0;1;1;0;0;No internet service;No internet service;No internet service;One year;1;Credit card (automatic);208;46965;67;206031;0,29;3,3;0,14;Bronze;49;Urban;3;1
4855-SNKMY;Female;0;0;1;0;DSL;0;0;0;Month-to-month;1;Electronic check;441;441;2;208305;0,21;3,3;0,52;Bronze;30;Suburban;6;1
9593-CVZKR;Female;0;1;1;1;0;No internet service;No internet service;No internet service;Two year;1;Mailed check;2445;138585;120;188049;0,23;3,4;0,25;Gold;38;Urban;22;1
8595-SIZNC;Female;1;1;1;1;0;No internet service;No internet service;No internet service;One year;0;Bank transfer (automatic);256;5488;130;232783;0,02;4,6;0,1;Bronze;54;Rural;30;0
8008-HAWED;Male;0;0;0;No phone service;DSL;0;0;1;Month-to-month;1;Electronic check;5075;71275;41;85630;0,23;3,9;0,27;Bronze;29;Suburban;6;1
7124-UGSUR;Female;1;1;1;1;Fiber optic;0;1;1;One year;1;Credit card (automatic);1044;64050;283;145488;0,23;3,3;0,23;Bronze;23;Urban;21;1
1862-SKORY;Female;1;1;0;No phone service;DSL;0;1;0;Month-to-month;1;Electronic check;393;16374;214;214278;0,02;3,2;0,62;Platinum;32;Suburban;38;1
5236-XMZJY;Female;0;0;1;0;DSL;1;1;1;Month-to-month;0;Bank transfer (automatic);5965;253655;176;136289;0,09;3,6;0,51;Platinum;38;Suburban;39;0
4827-DPADN;Female;0;1;1;1;DSL;1;0;1;Two year;1;Bank transfer (automatic);833;60427;188;98953;0,15;4,6;0,02;Bronze;38;Suburban;18;0
2694-CIUMO;Female;0;0;1;1;Fiber optic;0;0;0;Month-to-month;1;Credit card (automatic);7955;95825;58;180932;0,03;3,7;0,13;Silver;45;Suburban;52;1
5846-ABOBJ;Male;0;1;1;1;0;No internet service;No internet service;No internet service;Two year;0;Bank transfer (automatic);2445;173065;312;221140;0,14;3,3;0,81;Bronze;53;Urban;29;1
1439-LCGVL;Female;0;1;1;0;0;No internet service;No internet service;No internet service;One year;0;Mailed check;192;4596;128;158930;0,07;3,8;0,48;Silver;34;Suburban;25;0
0909-SDHNU;Female;0;0;0;No phone service;DSL;1;0;0;Month-to-month;0;Mailed check;298;20195;35;81067;0,01;4,1;0,15;Bronze;24;Suburban;58;1
4647-XXZAM;Female;0;1;1;0;DSL;0;0;0;Month-to-month;0;Mailed check;455;2852;35;130658;0,05;3,1;0,47;Bronze;40;Suburban;40;1
1502-XFCVR;Female;0;0;1;0;Fiber optic;1;1;1;One year;1;Electronic check;10645;614585;249;132165;0,07;4,3;0,25;Gold;39;Suburban;55;1
7740-KKCXF;Male;0;1;0;No phone service;DSL;0;1;0;Month-to-month;1;Credit card (automatic);3005;152945;171;160781;0,02;3,8;0,22;Bronze;27;Urban;21;0
5360-XGYAZ;Male;0;1;0;No phone service;DSL;1;1;1;Two year;1;Bank transfer (automatic);6565;46645;330;220931;0,28;3;0,96;Bronze;35;Urban;8;1
9692-TUSXH;Female;0;0;1;0;Fiber optic;1;0;0;Month-to-month;1;Electronic check;9605;17407;40;109164;0,16;4,3;0,36;Gold;19;Rural;45;0
7912-SYRQT;Female;0;0;1;1;Fiber optic;0;0;0;Month-to-month;1;Bank transfer (automatic);751;55295;39;184946;0,12;4,4;0,05;Gold;29;Urban;57;1
3557-HTYWR;Female;0;0;1;1;DSL;1;1;0;Two year;0;Mailed check;7405;34963;116;207580;0,16;4,3;0,97;Silver;39;Urban;28;0
4816-JBHOV;Male;1;0;1;0;DSL;0;0;0;Month-to-month;1;Electronic check;447;937;6;179251;0,19;3,7;0,79;Platinum;39;Urban;31;0
8920-NAVAY;Male;1;0;1;1;Fiber optic;0;1;1;One year;1;Bank transfer (automatic);11075;705335;326;100773;0,28;4,1;0,25;Silver;39;Urban;52;1
1699-TLDLZ;Female;0;1;1;0;0;No internet service;No internet service;No internet service;Two year;0;Mailed check;197;30155;70;113939;0,05;3,8;0,41;Bronze;23;Urban;17;0
5600-PDUJF;Male;0;0;1;0;DSL;0;0;0;Month-to-month;1;Credit card (automatic);495;3127;21;217186;0,09;4,4;0,86;Bronze;54;Urban;30;0
8292-TYSPY;Male;0;0;1;0;DSL;0;0;1;Month-to-month;1;Credit card (automatic);550;10465;73;178475;0,29;4,2;0,36;Bronze;37;Urban;31;1
0567-XRHCU;Female;0;1;0;No phone service;DSL;1;0;1;Two year;1;Credit card (automatic);4395;29601;373;92818;0,11;3,2;0,57;Bronze;23;Suburban;8;1
1867-BDVFH;Male;0;1;1;1;Fiber optic;0;0;0;Month-to-month;1;Electronic check;7435;8342;36;89335;0,01;4,3;0,53;Silver;26;Urban;29;0
2067-QYTCF;Female;0;1;1;1;Fiber optic;0;1;1;Month-to-month;1;Electronic check;11115;69534;350;135008;0,04;4,4;0,04;Bronze;46;Suburban;36;0
2359-QWQUL;Female;0;1;1;0;Fiber optic;1;0;1;One year;1;Credit card (automatic);1047;413485;91;151745;0,01;3,7;0,64;Silver;54;Urban;31;0
9103-TCIHJ;Female;0;0;1;1;DSL;1;0;0;Month-to-month;1;Mailed check;557;8998;76;83577;0,03;4,8;0,47;Bronze;22;Suburban;7;1
7407-SUJIZ;Male;0;0;1;0;0;No internet service;No internet service;No internet service;Month-to-month;0;Mailed check;206;5415;134;153916;0,08;4,7;0,02;Bronze;30;Suburban;23;0
9150-KPBJQ;Female;0;0;1;0;0;No internet service;No internet service;No internet service;Two year;0;Credit card (automatic);1965;11685;16;215148;0,28;3,4;0,81;Silver;44;Urban;3;1
0052-DCKON;Male;0;1;1;1;Fiber optic;1;1;1;One year;0;Bank transfer (automatic);1158;794215;245;243997;0,03;4,8;0,11;Bronze;40;Urban;51;1
3654-ARMGP;Female;0;0;1;1;DSL;0;1;1;Two year;0;Credit card (automatic);8865;532125;162;139314;0,18;3,9;0,46;Bronze;54;Suburban;45;0
9699-UBQFS;Female;1;1;1;1;Fiber optic;1;1;0;Month-to-month;1;Electronic check;945;41568;207;121205;0,01;4,4;0,58;Platinum;51;Suburban;16;0
9367-TCUYN;Female;0;0;1;0;0;No internet service;No internet service;No internet service;Month-to-month;0;Mailed check;201;2236;49;222167;0,02;4,6;0,71;Gold;42;Rural;20;0
1261-FWTTE;Male;1;0;0;No phone service;DSL;0;0;0;Month-to-month;1;Bank transfer (automatic);3465;76845;104;193583;0,14;4;0,41;Silver;54;Urban;47;1
3528-HFRIQ;Male;1;1;0;No phone service;DSL;0;1;1;Month-to-month;1;Bank transfer (automatic);523;376505;197;164715;0,12;3,8;0,74;Silver;40;Rural;8;0
0708-SJDIS;Female;0;0;1;1;DSL;0;0;0;Month-to-month;0;Mailed check;650;21575;96;136680;0,18;4,8;0,13;Silver;45;Urban;59;1
4140-WJAWW;Female;0;0;1;0;0;No internet service;No internet service;No internet service;Month-to-month;0;Credit card (automatic);1985;10805;10;108400;0,13;3,5;0,65;Bronze;43;Urban;4;0
2073-QBVBI;Female;0;1;0;No phone service;DSL;0;1;0;One year;0;Mailed check;3545;139165;134;187345;0,28;3,5;0,83;Bronze;29;Urban;4;1
6928-ONTRW;Female;0;1;1;0;0;No internet service;No internet service;No internet service;Two year;0;Credit card (automatic);197;13798;305;167110;0,16;3,7;0,89;Silver;20;Urban;29;0
3320-VEOYC;Male;1;0;1;1;Fiber optic;0;0;0;Month-to-month;1;Electronic check;956;12733;76;200120;0,21;4,7;0,58;Bronze;26;Suburban;5;1
5231-FIQPA;Female;0;0;1;0;0;No internet service;No internet service;No internet service;Two year;1;Mailed check;1985;81045;191;108562;0,27;4,9;0,31;Bronze;32;Rural;37;1
6617-WLBQC;Female;0;1;1;1;Fiber optic;1;0;0;One year;0;Credit card (automatic);8185;181085;86;98510;0,04;3,4;0,16;Bronze;25;Rural;7;1
2599-CIPQE;Male;0;1;1;0;Fiber optic;1;1;1;Two year;0;Credit card (automatic);1093;778285;412;141608;0,07;4,7;0,35;Bronze;45;Suburban;47;1
6653-CBBOM;Female;0;0;1;0;Fiber optic;0;0;0;Month-to-month;1;Electronic check;703;703;4;132182;0,03;3,5;0,54;Platinum;43;Urban;45;1
8774-GSBUN;Male;0;1;1;1;0;No internet service;No internet service;No internet service;Two year;0;Mailed check;254;17971;411;106883;0,04;4,9;0,02;Bronze;33;Rural;32;0
7326-RIGQZ;Male;0;1;1;0;Fiber optic;0;0;0;Month-to-month;1;Electronic check;698;37785;24;246916;0,15;4,2;0,95;Bronze;51;Urban;47;1
1401-FTHFQ;Male;0;1;1;0;0;No internet service;No internet service;No internet service;One year;1;Credit card (automatic);200;4453;69;229800;0,01;3;0,09;Silver;37;Rural;14;1
3247-ZVOUO;Male;1;1;1;1;Fiber optic;0;0;0;Month-to-month;0;Electronic check;8555;85175;22;91094;0,13;3,1;0,03;Silver;18;Rural;36;1
0254-FNMCI;Female;0;0;1;0;Fiber optic;1;1;1;Two year;1;Electronic check;1099;76242;353;213479;0,29;3,3;0,56;Silver;41;Urban;8;1
1848-LBZHY;Female;0;1;1;0;DSL;1;0;0;Month-to-month;1;Bank transfer (automatic);503;3551;17;92644;0,05;3,4;0,79;Silver;46;Urban;2;1
6101-IMRMM;Male;0;0;1;0;Fiber optic;0;0;1;Month-to-month;0;Mailed check;945;57545;19;165834;0,16;4,5;0,25;Silver;21;Urban;30;0
8118-TJAFG;Male;0;1;1;0;Fiber optic;0;1;0;Month-to-month;1;Electronic check;1015;90685;37;188982;0,03;3,4;0,52;Gold;21;Suburban;58;1
5429-LWCMV;Female;0;0;1;1;Fiber optic;0;1;0;Month-to-month;1;Electronic check;8915;105755;51;132748;0,01;4,9;0,41;Bronze;20;Suburban;38;0
7298-IZWLY;Female;0;0;1;0;0;No internet service;No internet service;No internet service;Month-to-month;1;Mailed check;194;194;4;139021;0,16;4,3;0,02;Bronze;19;Suburban;6;1
9758-MFWGD;Female;1;1;0;No phone service;DSL;0;1;0;One year;0;Bank transfer (automatic);299;138875;127;142651;0,28;4,4;0,61;Platinum;46;Urban;15;1
3955-JBZZM;Male;0;0;1;0;Fiber optic;0;0;0;Month-to-month;0;Electronic check;788;16413;70;116807;0,12;3,4;0,99;Bronze;45;Urban;59;1
1268-ASBGA;Female;1;1;1;1;Fiber optic;0;0;0;Month-to-month;1;Credit card (automatic);8535;137515;71;245144;0,02;4,8;0,37;Bronze;29;Rural;27;0
8943-URTMR;Female;0;0;1;0;Fiber optic;0;0;0;Month-to-month;1;Mailed check;7965;1527;11;249470;0,12;4,3;0,55;Bronze;32;Urban;57;1
4815-TUMEQ;Female;0;0;1;0;0;No internet service;No internet service;No internet service;One year;1;Mailed check;193;1852;49;108669;0,04;4,7;0,33;Bronze;48;Suburban;34;0
4713-LZDRV;Female;1;0;1;0;Fiber optic;0;0;0;Month-to-month;1;Electronic check;796;19505;11;241233;0,07;4,9;0,88;Bronze;54;Rural;14;0
9909-IDLEK;Male;0;1;1;1;Fiber optic;0;1;0;Month-to-month;0;Mailed check;968;18267;100;218354;0,19;3,3;0,86;Bronze;49;Suburban;6;1
4092-OFQZS;Male;0;1;1;0;0;No internet service;No internet service;No internet service;One year;0;Mailed check;2065;4175;87;106539;0,02;3,2;0,18;Bronze;39;Urban;34;1
1561-BWHIN;Male;0;1;1;0;0;No internet service;No internet service;No internet service;One year;0;Mailed check;198;3445;52;214379;0,14;4,6;0,09;Bronze;20;Urban;47;1
4325-NFSKC;Male;1;0;1;1;Fiber optic;1;0;0;Month-to-month;1;Electronic check;906;16600;88;97745;0,18;4,7;0,15;Bronze;34;Suburban;30;0
9927-DSWDF;Male;0;1;1;0;Fiber optic;1;1;0;Month-to-month;1;Electronic check;1046;218055;98;114555;0,13;4,2;0,01;Gold;46;Urban;37;0
9500-LTVBP;Female;0;0;1;1;Fiber optic;0;0;0;Month-to-month;0;Credit card (automatic);8005;28359;154;212145;0,01;3,7;0,65;Gold;29;Suburban;7;0
7252-NTGSS;Female;0;0;1;0;DSL;0;0;0;Month-to-month;0;Mailed check;4515;4515;3;112683;0,03;4,3;0,39;Silver;31;Urban;47;1
8149-AIQCG;Male;0;0;1;1;Fiber optic;0;0;0;Month-to-month;1;Credit card (automatic);7315;273085;160;105741;0,11;3,6;0,53;Platinum;25;Suburban;55;1
1360-JYXKQ;Female;1;1;1;0;Fiber optic;0;0;1;One year;1;Electronic check;991;54371;180;233358;0,23;3,5;0,65;Silver;19;Rural;37;1
2955-PSXOE;Female;0;0;1;0;0;No internet service;No internet service;No internet service;Month-to-month;1;Bank transfer (automatic);202;202;4;83599;0,01;4;0,05;Gold;51;Rural;15;1
7762-URZQH;Male;0;1;1;1;Fiber optic;1;0;1;Two year;1;Credit card (automatic);10605;698135;184;208513;0,14;3,4;0,29;Bronze;41;Urban;33;1
0899-WZRSD;Male;0;0;1;1;Fiber optic;1;0;0;Month-to-month;1;Mailed check;10535;579445;292;107293;0,12;4;0,46;Gold;37;Urban;0;0
3255-GRXMG;Male;0;0;1;0;DSL;0;0;0;Month-to-month;1;Credit card (automatic);4565;7472;49;95389;0,01;4,9;0,27;Platinum;27;Urban;18;0
4828-FAZPK;Female;0;1;1;1;Fiber optic;0;1;0;Month-to-month;1;Credit card (automatic);7995;126795;37;92318;0,01;4,7;0,05;Bronze;24;Urban;13;0
6094-ZIVKX;Female;0;0;1;0;DSL;1;0;1;One year;1;Credit card (automatic);5445;367495;254;83055;0,11;4,9;0,09;Silver;18;Urban;18;0
6925-BAYGL;Female;1;1;1;1;0;No internet service;No internet service;No internet service;Two year;0;Credit card (automatic);251;12756;245;201164;0,27;4,6;0,08;Gold;27;Suburban;22;1
3262-EIDHV;Female;0;1;1;1;DSL;1;0;1;Two year;0;Credit card (automatic);847;58939;270;162579;0,21;3,7;0,91;Bronze;22;Urban;3;1
7354-OIJLX;Male;0;0;1;1;Fiber optic;0;0;0;Month-to-month;1;Electronic check;7585;72465;27;217392;0,04;4,6;0,15;Silver;38;Urban;33;0
1376-HHBDV;Female;0;0;1;0;DSL;1;0;0;Month-to-month;1;Mailed check;488;153675;126;184817;0,18;4,8;0,25;Bronze;26;Urban;1;0
6907-NZZIJ;Female;0;0;1;1;Fiber optic;0;1;0;Month-to-month;1;Electronic check;9915;36156;121;84642;0,27;4,9;0,65;Bronze;46;Urban;11;1
6133-OZILE;Female;0;0;0;No phone service;DSL;0;0;1;Month-to-month;1;Electronic check;352;6073;103;89321;0,21;4,4;0,95;Bronze;48;Urban;22;1
4135-FRWKJ;Female;1;1;1;1;DSL;1;0;1;One year;0;Electronic check;7625;415455;312;159968;0,04;3,4;0,03;Silver;44;Urban;55;1
2911-UREFD;Female;0;1;0;No phone service;DSL;1;0;1;Month-to-month;0;Electronic check;559;218435;156;182770;0,26;3,1;0,86;Silver;23;Suburban;42;1
3744-ZRRDZ;Male;0;0;1;1;Fiber optic;0;1;0;Month-to-month;1;Electronic check;8235;185285;69;237116;0,09;3,3;0,51;Platinum;48;Suburban;52;1
5673-TIYIB;Male;0;0;0;No phone service;DSL;0;1;1;Month-to-month;1;Credit card (automatic);404;7715;9;233043;0,14;4,9;0,96;Silver;53;Urban;17;0
6551-ZCOTS;Male;1;0;1;1;0;No internet service;No internet service;No internet service;One year;1;Bank transfer (automatic);249;8478;70;189762;0,16;3,9;0,14;Bronze;19;Urban;31;0
7191-ADRGF;Male;0;1;0;No phone service;DSL;0;1;1;Two year;0;Bank transfer (automatic);543;239045;171;194183;0,26;4,7;0,97;Bronze;38;Urban;50;1
5018-LXQQG;Female;0;1;1;0;DSL;1;0;0;Month-to-month;0;Bank transfer (automatic);663;19235;100;197159;0,28;3,9;0,44;Gold;51;Urban;16;1
6892-BOGQE;Female;0;1;1;0;0;No internet service;No internet service;No internet service;Two year;1;Bank transfer (automatic);209;14932;403;105727;0,28;4,3;0,95;Silver;39;Urban;30;1
1602-IJQQE;Female;0;0;1;1;Fiber optic;0;0;0;Month-to-month;0;Electronic check;7535;3381;8;233631;0;3;0,46;Gold;30;Suburban;57;1
4628-WQCQQ;Male;0;0;1;0;Fiber optic;0;0;1;One year;1;Electronic check;8515;30306;147;153820;0,28;3,5;0,53;Bronze;36;Urban;35;1
1746-TGTWV;Male;0;1;1;0;Fiber optic;0;0;1;Month-to-month;0;Credit card (automatic);7535;7535;4;189062;0,02;3,9;0,08;Silver;50;Urban;54;1
5995-SNNEW;Male;1;1;1;1;Fiber optic;0;1;1;Month-to-month;1;Electronic check;10445;218485;90;107476;0,08;4,3;0,72;Bronze;20;Urban;25;0
8050-WYBND;Female;0;0;0;No phone service;DSL;0;0;1;One year;1;Credit card (automatic);4945;10314;51;222063;0,15;3,3;0,62;Bronze;36;Urban;11;1
2821-WARNZ;Female;0;0;1;0;0;No internet service;No internet service;No internet service;One year;0;Credit card (automatic);1945;9213;288;200355;0,14;4,5;0,42;Gold;24;Urban;56;1
4879-GZLFH;Female;0;1;1;0;Fiber optic;0;0;1;Month-to-month;1;Electronic check;9215;38754;171;150047;0,18;3,7;0,79;Silver;32;Urban;34;0
1644-IRKSF;Female;0;1;1;0;Fiber optic;0;0;1;One year;1;Electronic check;938;31245;147;221868;0,14;4,6;0,95;Bronze;42;Urban;15;0
8314-HTWVE;Female;0;1;1;0;0;No internet service;No internet service;No internet service;Two year;0;Mailed check;1985;14415;20;83881;0,28;3,2;0,01;Gold;39;Rural;3;1
9402-ROUMJ;Female;0;1;1;1;Fiber optic;1;0;1;One year;1;Bank transfer (automatic);10025;66890;263;95668;0,07;4,4;0,59;Silver;40;Rural;27;0
2507-QZPQS;Male;0;0;1;1;Fiber optic;0;1;0;Month-to-month;0;Electronic check;957;14511;55;245384;0,08;3,6;0,87;Bronze;27;Suburban;37;0
7159-NOKYQ;Male;0;1;1;1;Fiber optic;0;1;1;Two year;1;Electronic check;9315;63682;154;108106;0,28;4,6;0,65;Platinum;53;Urban;32;1
5707-ZMDJP;Male;0;1;1;0;DSL;1;1;0;Two year;1;Mailed check;697;37296;128;95729;0,02;3,8;0,08;Bronze;54;Urban;36;0
8779-YIQQA;Male;0;1;1;0;0;No internet service;No internet service;No internet service;One year;0;Mailed check;198;3501;112;209354;0,18;4,3;0,09;Gold;24;Suburban;9;0
7136-IHZJA;Female;0;1;1;0;DSL;1;1;0;Month-to-month;1;Mailed check;7135;28472;118;150320;0,02;4,9;0,75;Gold;42;Urban;30;0
8966-OIQHG;Female;0;1;1;0;0;No internet service;No internet service;No internet service;One year;0;Bank transfer (automatic);2075;45235;61;134913;0,15;3;0,72;Bronze;41;Urban;13;1
7074-STDCN;Male;0;0;0;No phone service;DSL;0;0;0;Month-to-month;1;Electronic check;406;14945;156;139402;0,21;3;0,96;Silver;22;Suburban;4;1
3705-PSNGL;Male;0;0;1;0;0;No internet service;No internet service;No internet service;One year;1;Electronic check;204;93045;228;201649;0,05;4,5;0,86;Bronze;38;Urban;9;0
8739-QOTTN;Female;0;1;1;0;0;No internet service;No internet service;No internet service;Month-to-month;0;Mailed check;2035;4185;4;183930;0,26;4,3;0,82;Bronze;37;Urban;24;1
1399-OUPJN;Female;0;1;1;0;0;No internet service;No internet service;No internet service;Two year;0;Bank transfer (automatic);1975;127205;245;248354;0,04;3,6;0,09;Gold;46;Urban;40;0
0277-BKSQP;Male;0;1;1;0;DSL;0;0;0;Month-to-month;1;Electronic check;544;4751;19;249290;0,12;4;0,24;Bronze;54;Suburban;44;0
6502-HCJTI;Male;1;1;1;1;Fiber optic;1;1;0;Month-to-month;1;Credit card (automatic);947;6731;15;229022;0,02;3,1;0,56;Bronze;37;Suburban;16;1
2606-RMDHZ;Male;0;0;0;No phone service;DSL;0;1;0;Month-to-month;1;Credit card (automatic);305;2087;13;139739;0,16;3,4;0,71;Silver;35;Suburban;50;1
5774-XZTQC;Female;0;1;1;0;0;No internet service;No internet service;No internet service;Month-to-month;0;Mailed check;2045;15075;37;84507;0,02;3,8;0,03;Silver;21;Urban;19;0
2676-SSLTO;Male;0;0;1;1;DSL;0;0;0;Two year;1;Bank transfer (automatic);6615;31990;121;182552;0,28;4,7;0,09;Silver;28;Suburban;59;1
6266-QHOJZ;Female;0;0;1;1;Fiber optic;1;1;0;One year;1;Electronic check;8985;584465;141;159059;0,22;4;0,31;Gold;39;Rural;32;1
7269-JISCY;Female;0;0;1;0;DSL;0;0;0;One year;0;Bank transfer (automatic);4505;24626;206;235739;0,16;4,2;0,77;Silver;31;Suburban;8;0
0363-SVHYR;Male;0;1;1;1;DSL;1;1;1;Two year;0;Bank transfer (automatic);8685;62638;381;215064;0,28;4,7;0,88;Gold;45;Urban;49;1
8547-NSBBO;Male;0;0;1;1;Fiber optic;1;1;1;Month-to-month;1;Mailed check;9675;34034;106;210514;0,14;3,6;0,91;Bronze;21;Suburban;30;0
8258-GSTJK;Male;1;0;1;1;Fiber optic;0;0;0;Month-to-month;1;Electronic check;770;23775;11;167680;0,17;4,4;0,38;Silver;33;Suburban;4;0
6861-OKBCE;Female;0;0;1;0;0;No internet service;No internet service;No internet service;Month-to-month;0;Credit card (automatic);201;22135;23;105530;0,18;4,7;0,37;Bronze;40;Suburban;45;0
9940-RHLFB;Female;0;0;1;0;Fiber optic;0;0;1;Month-to-month;0;Electronic check;753;753;3;95305;0,12;3,4;0,41;Platinum;30;Suburban;28;1
6591-QGOYB;Male;0;0;1;1;Fiber optic;1;1;1;Month-to-month;1;Bank transfer (automatic);10665;16721;73;189097;0,25;3,7;0,38;Silver;37;Suburban;50;1
9070-BCKQP;Female;0;1;1;1;Fiber optic;1;0;1;Two year;1;Credit card (automatic);11015;78812;308;132044;0,06;5;0,67;Platinum;22;Suburban;46;1
6421-SZVEM;Female;0;1;1;0;Fiber optic;1;0;0;One year;1;Bank transfer (automatic);8285;23208;93;210436;0,17;5;0,36;Gold;36;Urban;3;0
1328-EUZHC;Female;0;1;1;0;0;No internet service;No internet service;No internet service;Two year;0;Mailed check;201;3705;58;169363;0,22;3,4;0,02;Gold;38;Urban;30;1
2995-UPRYS;Female;1;1;1;0;Fiber optic;0;1;0;One year;1;Credit card (automatic);992;40622;97;138817;0,27;3,1;0,44;Silver;22;Urban;3;1
8878-RYUKI;Female;0;0;1;0;DSL;0;0;1;Month-to-month;1;Electronic check;5945;30437;180;183038;0,27;3,5;0,22;Silver;31;Urban;58;1
9633-DENPU;Female;0;1;1;0;DSL;0;1;0;Month-to-month;1;Bank transfer (automatic);586;27234;112;126666;0,15;3,8;0,03;Silver;53;Suburban;17;0
7811-JIVPF;Female;0;0;1;0;DSL;0;0;1;Month-to-month;0;Credit card (automatic);497;108125;116;237245;0,19;3,9;0,47;Bronze;23;Urban;58;1
7113-HIPFI;Male;0;1;1;0;DSL;1;1;1;Two year;0;Mailed check;6585;409705;387;98909;0,12;4,2;0,21;Platinum;22;Urban;17;0
8541-QVFKM;Female;0;0;1;1;Fiber optic;0;0;0;Month-to-month;1;Electronic check;735;6322;47;242079;0,14;4,8;0,45;Gold;41;Urban;39;0
6686-YPGHK;Male;1;0;1;0;Fiber optic;1;0;0;Month-to-month;0;Mailed check;855;40423;256;224057;0,27;3,7;0,28;Gold;46;Urban;33;1
1383-EZRWL;Female;0;0;1;0;0;No internet service;No internet service;No internet service;Month-to-month;0;Mailed check;2005;16485;30;102525;0,28;4,7;0,06;Silver;46;Suburban;47;1
9258-CNWAC;Female;0;1;1;1;Fiber optic;1;1;1;Two year;0;Credit card (automatic);11365;81668;341;192293;0,27;3,2;0,99;Bronze;19;Suburban;13;1
5371-VYLSX;Female;1;0;1;1;Fiber optic;1;1;0;Month-to-month;1;Electronic check;834;41137;157;181046;0,04;3,1;0,55;Silver;23;Suburban;25;1
6374-AFWOX;Male;0;1;1;0;DSL;1;1;1;Two year;0;Mailed check;6565;304715;208;117403;0,26;4;0,65;Bronze;51;Urban;22;1
4759-TRPLW;Male;0;0;1;0;Fiber optic;0;0;0;Month-to-month;0;Electronic check;704;704;3;248265;0,28;3,1;0,92;Gold;29;Urban;32;1
5317-FLPJF;Female;0;0;0;No phone service;DSL;1;0;1;Two year;1;Bank transfer (automatic);6135;41934;259;214902;0,11;3,8;0,37;Gold;39;Rural;16;0
7621-VPNET;Female;0;1;1;1;Fiber optic;0;0;1;Month-to-month;1;Credit card (automatic);859;372975;211;211605;0,16;4,8;0,17;Bronze;21;Urban;41;0
6034-YMTOB;Female;0;0;1;0;Fiber optic;0;0;0;Month-to-month;1;Mailed check;7565;39945;15;232018;0,23;3,5;0,28;Silver;23;Suburban;31;1
8563-IIOXK;Male;0;1;1;0;DSL;1;0;0;One year;1;Electronic check;4975;3313;22;103504;0,17;4,4;0,04;Silver;20;Suburban;47;1
4903-CNOZC;Male;0;0;1;1;DSL;0;1;1;One year;0;Credit card (automatic);709;19646;165;190551;0,03;3,6;0,65;Silver;30;Urban;34;1
4353-HYOJD;Female;0;1;1;0;DSL;0;1;0;Month-to-month;0;Mailed check;4985;133615;60;135715;0,14;3,1;0;Silver;40;Urban;50;1
8020-BWHYL;Female;1;0;1;0;Fiber optic;0;1;0;Month-to-month;1;Credit card (automatic);753;114745;59;239327;0,21;4,1;0,85;Bronze;52;Urban;42;1
7267-FRMJW;Female;0;1;1;0;0;No internet service;No internet service;No internet service;Two year;0;Mailed check;201;48605;141;116855;0,24;4,7;0,08;Bronze;43;Rural;56;1
2982-VPSGI;Female;0;1;1;1;Fiber optic;0;0;0;Month-to-month;1;Electronic check;940;10789;48;121721;0,15;3,8;0,09;Gold;26;Urban;29;0
4188-FRABG;Male;0;1;1;1;Fiber optic;1;1;1;Month-to-month;1;Electronic check;10305;592575;238;191597;0,26;4,2;0,95;Bronze;40;Urban;14;1
8199-ZLLSA;Male;0;0;1;1;Fiber optic;1;1;1;One year;1;Bank transfer (automatic);11835;780415;200;180659;0,16;4,8;0,99;Gold;21;Urban;49;1
4128-ETESU;Female;1;1;1;1;Fiber optic;0;0;1;Month-to-month;0;Electronic check;997;47472;158;114723;0,12;4,6;0,81;Silver;51;Urban;51;1
0620-DLSLK;Female;0;0;1;0;Fiber optic;0;0;0;Month-to-month;1;Mailed check;819;10289;70;246811;0,03;3,4;0,14;Platinum;54;Suburban;50;1
4625-EWPTF;Male;0;0;0;No phone service;DSL;1;0;0;Month-to-month;1;Electronic check;3045;22645;33;85539;0,12;4,5;0,71;Platinum;25;Urban;6;0
5980-NOPLP;Female;0;1;1;1;Fiber optic;0;0;0;Month-to-month;1;Electronic check;961;43641;178;196360;0,22;4;0,02;Silver;51;Urban;5;1
3850-OKINF;Male;0;1;1;1;DSL;1;0;0;One year;1;Electronic check;662;469255;170;181140;0,28;4,5;0,09;Silver;54;Urban;8;1
6892-XPFPU;Male;1;1;1;1;Fiber optic;0;1;1;Month-to-month;1;Electronic check;10425;24339;49;232383;0,08;4;0,32;Silver;23;Urban;12;0
8010-EZLOU;Male;1;0;1;1;Fiber optic;0;1;0;Month-to-month;1;Electronic check;802;121725;87;149180;0,11;3,3;0,33;Bronze;24;Urban;39;1
1156-ZFYDO;Female;0;0;1;0;0;No internet service;No internet service;No internet service;Month-to-month;0;Electronic check;1975;1975;3;196985;0,05;4,1;0,92;Bronze;53;Urban;17;1
3295-YVUSR;Male;1;0;1;1;Fiber optic;0;0;0;Month-to-month;1;Mailed check;726;1543;8;165981;0,21;4;0,01;Silver;22;Suburban;34;1
8016-NCFVO;Male;1;0;1;1;Fiber optic;1;1;1;Month-to-month;1;Electronic check;1165;638255;127;115934;0,29;4;0,19;Gold;20;Urban;0;1
4119-ZYPZY;Male;1;0;1;1;Fiber optic;0;1;0;Two year;1;Electronic check;1068;76232;336;220583;0,19;4,8;0,42;Bronze;34;Urban;23;0
5549-ZGHFB;Male;0;1;1;1;0;No internet service;No internet service;No internet service;Two year;0;Mailed check;2495;126145;286;211255;0,19;4,8;0,07;Silver;36;Urban;49;1
7577-SWIFR;Male;0;0;1;0;Fiber optic;0;0;0;Month-to-month;1;Electronic check;8925;8925;4;89475;0,17;3,9;0,65;Silver;18;Urban;35;1
0303-WMMRN;Male;0;0;1;0;0;No internet service;No internet service;No internet service;Month-to-month;1;Mailed check;1925;8605;12;139577;0,03;3,9;0,67;Platinum;54;Suburban;49;1
6408-OTUBZ;Female;0;0;1;1;Fiber optic;1;1;1;One year;1;Bank transfer (automatic);10455;677905;285;106008;0,22;4;0,88;Bronze;26;Rural;15;1
5204-HMGYF;Female;0;1;1;0;DSL;1;1;1;One year;1;Mailed check;872;43450;248;122756;0,18;4;0,12;Bronze;21;Urban;17;0
1078-TDCRN;Female;1;1;0;No phone service;DSL;0;1;0;Month-to-month;1;Electronic check;3075;8285;10;160730;0,02;4,9;0,52;Platinum;27;Urban;2;0
3727-OVPRY;Male;0;1;1;1;0;No internet service;No internet service;No internet service;One year;1;Credit card (automatic);257;171455;364;238984;0,27;4,3;0,73;Bronze;49;Urban;45;1
3797-FKOGQ;Male;0;0;1;1;Fiber optic;0;0;0;Month-to-month;0;Electronic check;862;8932;50;162702;0,24;3,6;0,64;Silver;18;Urban;41;1
7622-NXQZR;Male;0;0;0;No phone service;DSL;0;0;0;Month-to-month;1;Credit card (automatic);301;81085;156;126840;0,23;4,1;0,45;Silver;40;Suburban;36;1
6196-HBOBZ;Male;0;1;1;1;Fiber optic;1;1;1;Two year;1;Electronic check;9935;634755;292;118623;0,28;4,3;0,02;Bronze;34;Suburban;7;1
3970-XGJDU;Female;0;0;1;0;0;No internet service;No internet service;No internet service;Two year;1;Credit card (automatic);192;112365;156;143303;0,03;4,3;0,06;Silver;47;Urban;57;1
7017-VFULY;Female;0;1;1;0;0;No internet service;No internet service;No internet service;Month-to-month;0;Bank transfer (automatic);201;4315;6;126062;0,17;4,2;0,12;Gold;44;Suburban;17;0
5562-YJQGT;Female;0;0;1;0;0;No internet service;No internet service;No internet service;Month-to-month;0;Credit card (automatic);2035;351;5;136690;0,03;3,4;0,34;Bronze;32;Suburban;28;1
8807-OPMBM;Female;0;1;1;1;0;No internet service;No internet service;No internet service;Two year;1;Credit card (automatic);2565;13880;309;178980;0,14;3,1;0,12;Bronze;24;Suburban;36;1
5439-WIKXB;Male;1;1;1;0;Fiber optic;0;1;0;Month-to-month;1;Electronic check;9455;385145;206;234706;0,24;3,7;0,43;Silver;50;Urban;26;1
9874-QLCLH;Female;0;1;1;1;Fiber optic;1;0;1;Month-to-month;1;Electronic check;1042;17435;79;215162;0,01;3,9;0,18;Silver;22;Urban;43;0
8294-UIMBA;Female;0;0;1;0;Fiber optic;0;0;0;One year;1;Bank transfer (automatic);944;26381;96;125266;0,02;3,1;0,78;Silver;51;Urban;28;1
8109-YUOHE;Male;0;0;1;0;DSL;1;1;0;One year;0;Mailed check;561;94695;46;241080;0,02;4,6;0,87;Platinum;20;Urban;3;0
5840-NVDCG;Female;0;1;1;0;DSL;1;1;0;Two year;0;Bank transfer (automatic);6825;111485;80;167643;0,22;3,7;0,39;Platinum;49;Urban;11;1
8092-NLTGF;Male;0;0;1;1;0;No internet service;No internet service;No internet service;Two year;0;Bank transfer (automatic);2475;17776;280;138704;0,15;4,8;0,51;Bronze;19;Suburban;12;0
5928-QLDHB;Male;0;0;1;1;Fiber optic;0;0;0;Month-to-month;1;Electronic check;7625;68485;26;197374;0,11;3,3;0,95;Bronze;33;Urban;13;1
9840-EFJQB;Female;0;0;1;0;Fiber optic;0;1;0;Month-to-month;0;Electronic check;7435;7435;4;88382;0,03;3,1;0,54;Bronze;34;Suburban;13;1
0696-UKTOX;Male;0;0;1;0;DSL;0;1;0;Month-to-month;0;Electronic check;5415;131245;49;169609;0,22;4;0,1;Platinum;29;Suburban;50;1
4801-KFYKL;Male;0;0;1;0;0;No internet service;No internet service;No internet service;Month-to-month;0;Bank transfer (automatic);1945;1592;26;126698;0,01;3,4;0,14;Bronze;22;Urban;9;1
3472-OAOOR;Male;0;1;0;No phone service;DSL;1;1;0;Month-to-month;1;Mailed check;3495;6102;73;81110;0,08;4,9;0,86;Silver;21;Urban;21;0
6135-OZQVA;Female;0;0;1;1;DSL;1;0;0;Month-to-month;1;Electronic check;5365;40435;18;195266;0,02;3;0,05;Gold;33;Suburban;8;1
8062-YBDOE;Male;1;0;1;0;Fiber optic;0;0;0;Month-to-month;1;Electronic check;6965;6965;5;211458;0,17;3,8;0,02;Silver;35;Suburban;23;0
2252-JHJGE;Male;0;0;1;1;Fiber optic;1;0;1;One year;0;Electronic check;1040;636345;173;127801;0,11;4,9;0,97;Bronze;37;Rural;49;1
4188-PCPIG;Female;0;1;1;0;DSL;1;1;0;Two year;1;Credit card (automatic);7035;412465;143;194012;0,19;3,8;0,97;Silver;26;Suburban;16;0
6000-APYLU;Male;0;0;1;0;Fiber optic;0;0;0;Month-to-month;1;Electronic check;808;7131;25;176085;0,08;3,2;0,38;Silver;33;Suburban;23;1
7105-BENQF;Male;0;0;1;0;DSL;1;0;1;One year;0;Mailed check;6485;95075;76;111566;0,24;3,6;0,95;Gold;52;Suburban;4;1
7721-DVEKZ;Female;0;0;1;0;0;No internet service;No internet service;No internet service;Month-to-month;0;Mailed check;1965;1965;3;243593;0,07;4;0,14;Silver;46;Urban;33;1
3566-VVORZ;Female;0;1;1;0;DSL;0;0;0;Month-to-month;0;Bank transfer (automatic);459;50595;51;103798;0,05;3,4;0,68;Bronze;47;Suburban;41;1
9507-HSMMZ;Male;0;0;1;0;0;No internet service;No internet service;No internet service;Two year;0;Mailed check;200;114965;112;224637;0,23;3,9;0,19;Bronze;37;Rural;0;1
2480-SQIOB;Male;0;1;1;0;DSL;0;0;0;Month-to-month;0;Electronic check;448;16965;8;103027;0,21;4,7;0,25;Gold;39;Urban;26;1
0947-IDHRQ;Female;0;0;1;0;Fiber optic;0;0;0;Month-to-month;1;Mailed check;803;5267;26;85631;0,05;4,7;0,78;Gold;40;Urban;39;0
7813-TKCVO;Female;0;1;1;0;0;No internet service;No internet service;No internet service;One year;0;Mailed check;2035;39315;105;136878;0,03;3,1;0,38;Bronze;53;Urban;7;1
0128-MKWSG;Female;0;0;0;No phone service;DSL;1;0;0;Month-to-month;0;Mailed check;458;11470;144;125206;0,25;3,3;0,01;Bronze;39;Rural;5;1
3672-YITQD;Male;1;1;1;1;Fiber optic;0;0;0;Month-to-month;1;Electronic check;841;30216;84;183473;0,23;3,6;0,41;Silver;18;Urban;52;1
4350-ZTLPI;Female;0;1;1;1;Fiber optic;0;1;1;One year;1;Bank transfer (automatic);10895;57182;220;138334;0,01;4,2;0,23;Silver;38;Suburban;4;0
9048-JVYVF;Male;0;0;1;0;DSL;0;0;0;Month-to-month;1;Electronic check;6935;19135;16;152323;0,02;3,7;0,68;Bronze;36;Suburban;53;1
0361-HJRDX;Female;0;0;0;No phone service;DSL;1;1;1;Two year;0;Credit card (automatic);6435;45396;241;133619;0,04;4,7;0,19;Silver;25;Suburban;52;1
5727-MYATE;Male;0;1;1;1;DSL;1;1;1;Two year;1;Credit card (automatic);908;63976;382;183536;0,15;4,4;0,84;Platinum;22;Urban;17;0
3823-KYNQY;Male;0;0;1;1;0;No internet service;No internet service;No internet service;One year;0;Credit card (automatic);2495;2804;30;237947;0,01;3,2;0,27;Silver;46;Rural;6;1
8988-ECPJR;Female;1;1;1;1;Fiber optic;0;1;0;Month-to-month;1;Mailed check;796;27183;195;235586;0,12;4,2;0,39;Silver;35;Urban;35;0
7570-WELNY;Female;0;1;1;1;Fiber optic;1;1;0;Two year;1;Bank transfer (automatic);847;571105;340;233652;0,02;3,2;0,03;Gold;46;Urban;54;1
3021-VLNRJ;Female;0;0;1;0;DSL;1;0;1;One year;1;Credit card (automatic);708;347815;288;215360;0,14;3,5;0,64;Bronze;32;Urban;32;0
3776-EKTKM;Female;1;0;0;No phone service;DSL;0;0;0;Month-to-month;1;Electronic check;3645;3645;4;86734;0,13;3,4;0,01;Silver;48;Urban;53;1
2080-CAZNM;Female;1;0;1;1;Fiber optic;0;1;1;Month-to-month;1;Electronic check;1044;413395;141;119008;0,13;3,3;0,48;Silver;32;Urban;33;1
1028-FFNJK;Male;1;1;1;1;Fiber optic;0;0;0;Month-to-month;1;Electronic check;1015;291765;172;129349;0,01;4,2;0,33;Silver;20;Urban;31;0
6907-FLBER;Male;0;0;1;1;DSL;0;1;0;Month-to-month;0;Electronic check;543;543;3;218886;0,11;4,1;0,88;Platinum;50;Suburban;50;1
3001-UNBTL;Male;1;1;1;1;Fiber optic;0;0;1;Month-to-month;1;Electronic check;10395;29648;96;218923;0,23;3,4;0,07;Bronze;41;Urban;2;1
5982-PSMKW;Female;0;1;1;1;DSL;1;1;1;Two year;1;Credit card (automatic);911;21983;110;204478;0,11;5;0,83;Bronze;41;Suburban;57;1
3507-GASNP;Male;0;0;1;0;0;No internet service;No internet service;No internet service;Two year;0;Mailed check;1995;11899;303;212672;0,21;3,8;0,17;Platinum;30;Urban;0;1
7096-ZNBZI;Female;0;1;1;1;0;No internet service;No internet service;No internet service;Two year;0;Credit card (automatic);2645;19145;411;136614;0,11;3,2;0,09;Bronze;44;Urban;20;1
1902-XBTFB;Male;0;0;1;0;Fiber optic;0;1;1;Month-to-month;1;Electronic check;894;20015;62;83692;0,13;3,2;0,02;Bronze;50;Urban;12;1
1676-MQAOA;Male;0;0;1;0;DSL;1;1;1;Two year;1;Bank transfer (automatic);751;533635;373;206745;0,17;4,2;0,01;Silver;36;Urban;7;0
0786-IVLAW;Female;1;0;1;1;Fiber optic;0;1;1;One year;0;Bank transfer (automatic);1081;72386;326;100373;0,29;5;0,52;Platinum;42;Urban;43;1
7566-DSRLQ;Female;0;1;1;1;Fiber optic;0;1;1;Two year;1;Electronic check;11015;79988;162;192413;0,03;4,1;0,99;Silver;23;Urban;29;0
0643-OKLRP;Female;1;1;1;1;Fiber optic;1;0;0;Month-to-month;0;Electronic check;8035;382585;166;94507;0,01;4,9;0,03;Silver;50;Urban;7;0
7245-JMTTQ;Female;0;0;1;1;Fiber optic;0;1;1;One year;1;Electronic check;1115;570325;159;142931;0,18;3,9;0,46;Silver;42;Urban;57;1
6050-IJRHS;Female;0;1;1;1;Fiber optic;0;1;1;One year;1;Electronic check;1065;73970;225;155499;0,28;3,9;0,39;Platinum;40;Urban;59;1
6202-JVYEU;Male;0;0;1;0;0;No internet service;No internet service;No internet service;One year;1;Electronic check;199;1646;53;194362;0,03;4;0,34;Gold;34;Urban;26;1
8591-TKMZH;Male;0;1;1;1;Fiber optic;1;1;0;Two year;1;Mailed check;1111;65552;269;177449;0,15;4,4;0,33;Bronze;38;Suburban;38;0
0734-OXWBT;Male;0;0;1;0;DSL;0;0;0;Month-to-month;0;Mailed check;707;22565;14;176819;0,14;3,7;0,09;Gold;37;Urban;22;0
4282-ACRXS;Male;1;1;0;No phone service;DSL;0;0;0;Month-to-month;1;Electronic check;2485;95575;224;119423;0,19;4,7;0,02;Gold;29;Urban;7;0
0365-TRTPY;Female;0;0;1;1;Fiber optic;1;1;1;Month-to-month;0;Bank transfer (automatic);912;33823;129;183612;0,17;3,1;0,77;Silver;30;Urban;55;1
7349-ALMUX;Male;0;0;1;0;DSL;1;1;1;Two year;0;Bank transfer (automatic);656;23138;192;166120;0,19;3,9;0,25;Silver;35;Suburban;14;0
9381-NDKME;Female;1;1;0;No phone service;DSL;0;0;1;Month-to-month;1;Credit card (automatic);4065;9333;89;197409;0,26;4;0,38;Silver;39;Urban;52;1
6502-KUGLL;Female;0;1;1;0;DSL;1;1;0;Month-to-month;0;Bank transfer (automatic);5945;78085;76;170918;0,22;4,2;0,42;Silver;41;Urban;6;1
1841-YSJGV;Male;0;1;1;1;Fiber optic;1;1;0;Two year;1;Credit card (automatic);10995;78524;196;146600;0,15;3,6;0,03;Gold;50;Suburban;11;0
2794-XIMMO;Male;0;1;0;No phone service;DSL;0;1;1;One year;1;Electronic check;6045;318425;306;121848;0,14;3,9;0,09;Bronze;20;Urban;49;1
8382-SHQEH;Female;0;1;1;1;Fiber optic;0;0;0;Month-to-month;1;Electronic check;849;76495;23;86820;0,19;4;0,11;Bronze;34;Urban;35;0
3511-BFTJW;Male;0;1;0;No phone service;DSL;1;1;1;Two year;0;Credit card (automatic);385;27630;237;88512;0,14;4,4;0,03;Bronze;49;Urban;37;0
7668-XCFYV;Female;1;1;1;1;Fiber optic;0;0;0;Month-to-month;1;Electronic check;9255;16147;85;247797;0,14;4,5;0,82;Gold;34;Rural;42;0
2983-ZANRP;Female;0;1;1;0;Fiber optic;0;1;0;Month-to-month;1;Bank transfer (automatic);7355;1454;7;131534;0;4,5;0,13;Silver;42;Urban;29;0
7845-URHJN;Female;0;1;1;0;0;No internet service;No internet service;No internet service;Month-to-month;0;Bank transfer (automatic);2015;15625;35;205191;0,05;3,7;0,74;Silver;25;Urban;9;0
3034-ZBEQN;Female;0;1;0;No phone service;DSL;0;1;1;One year;0;Mailed check;347;16045;181;140945;0,15;5;0,29;Gold;52;Urban;18;0
5018-HEKFO;Female;0;0;1;1;0;No internet service;No internet service;No internet service;Month-to-month;1;Mailed check;245;27015;49;163420;0,25;4,7;0,88;Gold;46;Suburban;17;1
2923-ARZLG;Male;0;1;1;0;0;No internet service;No internet service;No internet service;One year;1;Mailed check;197;1397475;0;163488;0,08;3,5;0,43;Platinum;29;Urban;43;1
3976-NLDEZ;Male;0;0;1;0;0;No internet service;No internet service;No internet service;Month-to-month;0;Mailed check;206;206;2;89711;0,16;3,4;0,17;Bronze;53;Urban;48;1
2282-YGNOR;Female;0;0;1;0;DSL;1;0;1;One year;0;Credit card (automatic);580;17345;92;166009;0,01;3,6;0,99;Silver;26;Urban;19;0
5336-UFNZP;Female;1;1;1;1;Fiber optic;0;1;1;One year;1;Electronic check;10745;70475;253;89597;0,03;3,9;0,18;Gold;43;Urban;1;0
6854-EXGSF;Female;0;0;1;1;DSL;1;1;1;Month-to-month;1;Bank transfer (automatic);655;57315;21;140067;0,29;4,7;0,57;Bronze;39;Rural;29;1
1241-EZFMJ;Male;0;1;1;1;0;No internet service;No internet service;No internet service;Two year;0;Bank transfer (automatic);2545;15386;208;128022;0,26;4,6;0,57;Bronze;48;Urban;50;1
9233-PSYHO;Female;1;0;1;1;Fiber optic;0;0;1;One year;1;Bank transfer (automatic);10015;44598;161;192673;0,02;4,7;0,37;Silver;47;Urban;43;0
5376-PCKNB;Male;0;1;1;1;Fiber optic;0;1;1;One year;1;Credit card (automatic);10445;74590;160;229854;0,22;3,5;0,95;Gold;32;Urban;57;1
8044-BGWPI;Male;0;1;1;0;0;No internet service;No internet service;No internet service;Month-to-month;1;Electronic check;2115;30605;51;131782;0,01;4,2;0,84;Silver;50;Suburban;42;0
4060-LDNLU;Male;0;0;1;1;Fiber optic;0;0;0;Month-to-month;0;Electronic check;962;6397;38;190716;0,03;3,6;0,83;Silver;20;Urban;46;1
3589-PPVKW;Male;0;0;1;0;DSL;0;0;0;Month-to-month;1;Mailed check;444;34815;23;198030;0,09;3,2;0,97;Silver;51;Suburban;42;1
8327-LZKAS;Female;1;1;1;1;Fiber optic;0;0;1;One year;1;Electronic check;10755;45339;188;152036;0,07;4,4;0,46;Bronze;34;Urban;10;0
5887-IKKYO;Male;0;1;1;1;Fiber optic;0;0;1;Two year;0;Bank transfer (automatic);9435;556365;270;115342;0,17;3,3;0,01;Platinum;22;Urban;21;1
1075-BGWOH;Male;1;1;1;1;Fiber optic;0;0;1;Month-to-month;1;Electronic check;9875;158755;58;165745;0,25;4,3;0,77;Bronze;47;Urban;41;1
1755-RMCXH;Male;0;1;1;0;0;No internet service;No internet service;No internet service;Month-to-month;0;Mailed check;203;4025;9;232049;0,06;4,3;0,38;Silver;32;Urban;18;0
0302-JOIVN;Female;0;1;1;0;Fiber optic;0;1;1;Month-to-month;0;Electronic check;10115;8429;29;137396;0,21;4,6;0,19;Bronze;25;Urban;2;1
3858-XHYJO;Female;0;1;1;1;Fiber optic;1;0;1;One year;0;Bank transfer (automatic);10575;422855;160;194836;0,02;3,3;0,48;Silver;45;Urban;3;1
4299-SIMNS;Male;0;0;1;1;Fiber optic;1;0;0;Month-to-month;1;Electronic check;8115;78445;18;186998;0,28;4,6;0,93;Platinum;38;Suburban;34;1
7025-IWFHT;Male;0;0;1;0;Fiber optic;0;1;0;One year;1;Electronic check;8955;372975;195;130021;0,02;5;0,17;Platinum;27;Urban;46;1
6261-LHRTG;Female;0;0;1;0;DSL;0;1;1;Month-to-month;1;Credit card (automatic);5475;14069;120;210672;0,27;4,7;0,85;Bronze;45;Rural;37;1
7841-FCRQD;Female;0;1;1;0;DSL;0;1;0;One year;1;Credit card (automatic);5375;18573;71;198559;0,15;4,5;0,42;Bronze;38;Urban;8;0
2056-EVGZL;Male;0;1;1;0;Fiber optic;0;1;1;One year;0;Credit card (automatic);10575;73225;236;146836;0,13;4,3;0,14;Bronze;45;Urban;7;0
8777-MBMTS;Female;1;1;1;0;Fiber optic;0;1;1;Two year;1;Credit card (automatic);10585;67255;384;238147;0,29;3,8;0,85;Bronze;39;Urban;33;1
7753-USQYQ;Male;0;0;1;0;DSL;0;1;0;One year;1;Electronic check;642;36273;202;241874;0,03;4,5;0,97;Silver;36;Urban;50;1
5366-IJEQJ;Male;0;0;1;1;Fiber optic;0;0;1;Month-to-month;1;Electronic check;887;176145;80;157017;0,02;4,4;0,29;Silver;41;Urban;46;1
7661-CPURM;Male;0;0;1;0;Fiber optic;0;0;0;One year;1;Credit card (automatic);877;172595;107;182689;0,04;4,3;0,03;Gold;45;Urban;30;0
6233-HXJMX;Female;0;0;1;1;Fiber optic;0;0;1;Month-to-month;1;Credit card (automatic);893;419215;219;160291;0,15;4,6;0,39;Gold;30;Suburban;39;0
5902-WBLSE;Female;0;1;1;0;0;No internet service;No internet service;No internet service;Two year;1;Credit card (automatic);2015;14112;302;170450;0,16;3,9;0,81;Bronze;26;Urban;18;0
1981-INRFU;Female;0;0;1;0;Fiber optic;0;0;0;Month-to-month;1;Electronic check;7975;1645;10;246664;0,15;3,2;0,01;Gold;26;Urban;36;1
4971-PUYQO;Female;0;0;1;1;Fiber optic;0;0;0;Month-to-month;1;Mailed check;9455;27246;147;136006;0,17;4,1;0,22;Gold;38;Suburban;31;0
3239-TPHPZ;Female;0;1;1;0;0;No internet service;No internet service;No internet service;Two year;1;Electronic check;2005;26455;45;237341;0,01;3,5;0,71;Silver;41;Urban;43;0
5115-GZDEL;Male;0;0;0;No phone service;DSL;1;1;1;Two year;0;Credit card (automatic);672;46717;280;184268;0,21;3,8;0,41;Platinum;48;Suburban;58;1
3338-CVVEH;Male;0;0;1;1;Fiber optic;0;0;0;Month-to-month;0;Electronic check;9455;117355;42;130138;0,21;3;0,33;Gold;46;Urban;43;1
8485-GJCDN;Female;1;0;1;0;Fiber optic;0;0;0;Month-to-month;1;Mailed check;6905;3185;29;142398;0,03;3,8;0,87;Silver;27;Urban;27;0
2615-YVMYX;Male;1;1;1;1;Fiber optic;1;1;1;Month-to-month;1;Electronic check;1075;771355;339;230946;0,17;4,6;0,92;Platinum;21;Suburban;40;0
2851-STERV;Male;1;0;1;0;DSL;0;0;1;One year;1;Electronic check;730;247125;81;137228;0,17;4,1;0,95;Silver;20;Urban;17;0
4393-GEADV;Male;0;1;1;1;Fiber optic;1;1;1;Two year;0;Credit card (automatic);11475;78423;381;142670;0,02;3;0,27;Silver;30;Suburban;24;1
8486-AYEQH;Female;0;0;1;1;Fiber optic;0;0;0;Month-to-month;1;Electronic check;7605;22278;121;205613;0,03;3,9;0,91;Bronze;38;Suburban;9;0
1527-SXDPN;Male;0;1;1;1;Fiber optic;0;0;1;Two year;1;Bank transfer (automatic);9625;499025;118;182071;0,19;3,6;0,74;Gold;25;Suburban;4;0
6029-WTIPC;Male;1;0;1;1;Fiber optic;0;0;1;Month-to-month;1;Electronic check;1011;374405;155;190572;0,08;4;0,15;Bronze;26;Suburban;14;0
8634-CILSZ;Male;0;0;1;1;Fiber optic;0;1;0;One year;1;Bank transfer (automatic);1047;722035;253;218997;0,15;3,8;0,61;Silver;18;Urban;24;0
5419-JKZNQ;Male;1;1;1;1;Fiber optic;0;0;0;Month-to-month;0;Mailed check;779;235145;165;83107;0,23;4,9;0,03;Silver;31;Suburban;19;1
2495-KZNFB;Female;0;0;1;1;Fiber optic;1;0;0;Month-to-month;1;Electronic check;9065;29896;92;166388;0,21;3,1;0,71;Silver;29;Urban;55;1
1409-PHXTF;Male;1;1;1;1;Fiber optic;0;1;1;Two year;1;Electronic check;11045;607775;286;175719;0,04;4,4;0,73;Silver;53;Suburban;55;1
4560-WQAQW;Female;0;0;1;1;DSL;1;0;0;One year;0;Bank transfer (automatic);687;407095;249;198018;0,18;4,7;0,79;Silver;39;Urban;50;1
9591-YVTEB;Male;1;0;0;No phone service;DSL;1;1;0;Month-to-month;1;Electronic check;4485;247905;122;107617;0,29;4,9;0,17;Bronze;53;Urban;52;1
9309-BZGNT;Male;1;1;0;No phone service;DSL;0;0;1;One year;1;Credit card (automatic);298;21343;406;154258;0,05;3,4;0,63;Gold;33;Suburban;9;1
4274-DRSQT;Female;0;0;1;1;Fiber optic;0;1;0;One year;1;Bank transfer (automatic);889;60001;267;130075;0,26;4,1;0,18;Silver;28;Suburban;48;1
2027-DNKIV;Male;0;1;1;0;DSL;1;0;1;One year;1;Mailed check;5875;22031;117;206998;0,21;3,1;0,95;Gold;20;Rural;37;1
8075-GXIUB;Male;1;1;1;0;0;No internet service;No internet service;No internet service;One year;0;Credit card (automatic);1985;18315;34;102631;0,23;4;0,68;Bronze;51;Urban;40;1
2885-HIJDH;Male;0;1;1;1;DSL;1;0;1;Two year;0;Bank transfer (automatic);869;61941;374;203120;0,08;3,3;0,01;Silver;42;Urban;27;1
5424-RLQLC;Male;0;0;1;0;DSL;0;1;0;Month-to-month;1;Mailed check;5965;63895;32;177158;0,09;4,7;0,19;Gold;43;Rural;48;1
6682-QJDGB;Male;0;0;1;0;DSL;1;1;0;Month-to-month;1;Mailed check;5525;21392;110;218955;0,27;3,2;0,66;Bronze;20;Urban;49;1
6507-DTJZV;Male;0;0;1;0;DSL;0;0;0;Month-to-month;0;Credit card (automatic);664;83175;32;230780;0,11;4;0,48;Gold;37;Suburban;45;0
8780-IXSTS;Female;0;0;1;1;Fiber optic;0;1;0;Month-to-month;1;Electronic check;901;5213;19;126221;0,02;4;0,74;Bronze;48;Suburban;54;1
7673-BQGKU;Female;0;1;1;0;0;No internet service;No internet service;No internet service;Two year;0;Bank transfer (automatic);2015;13375;353;228269;0,18;4,9;0,28;Silver;18;Suburban;5;0
6723-WSNTY;Female;1;1;1;1;Fiber optic;0;1;1;One year;1;Credit card (automatic);1081;718195;256;232206;0,04;4,3;0,66;Silver;43;Suburban;57;1
9530-EHPOH;Male;0;0;1;1;DSL;0;0;1;Month-to-month;0;Electronic check;5375;6080;32;185922;0,24;3,6;0,18;Silver;42;Suburban;10;1
2725-IWWBA;Male;0;1;1;0;DSL;1;0;1;One year;0;Mailed check;569;25601;122;113550;0,19;3,5;0,54;Silver;28;Urban;18;0
0345-HKJVM;Female;0;0;1;0;Fiber optic;0;0;0;Month-to-month;0;Electronic check;893;5776;19;94642;0,26;3,3;0,96;Bronze;33;Rural;15;1
1061-PNTHC;Female;0;1;1;1;Fiber optic;1;0;1;Month-to-month;1;Mailed check;1096;59530;322;231511;0,24;4,5;0,63;Silver;37;Urban;31;1
0394-YONDK;Male;0;1;1;1;0;No internet service;No internet service;No internet service;Two year;0;Credit card (automatic);2515;179015;236;186093;0,03;4,4;0,05;Bronze;19;Urban;1;0
6574-MCOEH;Female;0;1;1;1;DSL;0;0;1;One year;1;Electronic check;7915;25314;196;235655;0,11;4,2;0,99;Silver;46;Urban;38;0
7399-QHBJS;Female;0;1;1;1;DSL;1;1;0;Two year;0;Credit card (automatic);6675;47603;283;173885;0,23;3,1;0,16;Bronze;24;Suburban;57;1
3049-SOLAY;Female;0;1;1;1;Fiber optic;0;0;0;Month-to-month;1;Electronic check;952;29285;8;159538;0,13;4,5;0,72;Silver;42;Suburban;25;0
0997-YTLNY;Female;0;0;1;0;DSL;0;0;0;Month-to-month;0;Mailed check;488;95365;105;142014;0,29;4,3;0,53;Silver;21;Urban;20;1
3317-HRTNN;Female;1;0;0;No phone service;DSL;0;0;0;Month-to-month;0;Electronic check;457;1980;19;99523;0,22;4,9;0,29;Gold;51;Suburban;37;1
9479-HYNYL;Female;0;1;1;0;DSL;0;1;1;Two year;1;Credit card (automatic);807;570505;343;190285;0;4,2;0,18;Silver;42;Suburban;14;0
3235-ETOOB;Male;0;1;1;0;Fiber optic;1;0;0;Month-to-month;1;Electronic check;745;6099;47;185879;0,26;3,6;0,18;Bronze;25;Suburban;56;1
9708-KFDBY;Male;0;0;1;0;0;No internet service;No internet service;No internet service;Month-to-month;0;Credit card (automatic);2055;2055;2;170629;0,03;3,8;0,86;Silver;49;Urban;12;1
8058-INTPH;Female;0;0;1;0;Fiber optic;0;0;0;Month-to-month;1;Electronic check;7965;7965;2;156830;0,04;3,4;0,87;Silver;35;Suburban;6;1
3642-GKTCT;Female;0;0;1;1;Fiber optic;1;1;1;One year;1;Mailed check;1151;699365;297;125538;0,22;4,4;0,47;Bronze;28;Suburban;51;1
0774-RMNUW;Female;0;1;0;No phone service;DSL;1;1;0;Two year;0;Bank transfer (automatic);597;412265;222;127310;0,26;4,4;0,01;Silver;54;Rural;58;1
1334-PDUKM;Female;0;1;1;1;Fiber optic;0;1;1;One year;0;Credit card (automatic);8645;576295;186;221980;0,16;3,4;0,88;Silver;53;Urban;56;1
0756-MPZRL;Male;0;0;0;No phone service;DSL;0;0;1;One year;0;Credit card (automatic);337;153785;99;195266;0,09;3,3;0,49;Bronze;27;Urban;2;1
2242-MFOTG;Male;0;0;1;1;Fiber optic;1;0;0;One year;0;Bank transfer (automatic);801;26033;68;92699;0,11;3,2;0,44;Bronze;23;Urban;14;1
2927-CVULT;Female;0;1;1;1;Fiber optic;1;1;1;Two year;1;Bank transfer (automatic);10405;55664;270;146912;0,01;4,8;0,41;Bronze;33;Urban;19;0
2144-BFDSO;Female;1;1;1;1;Fiber optic;1;1;1;Month-to-month;0;Bank transfer (automatic);10875;54319;126;225327;0,01;3,5;0,37;Bronze;42;Urban;57;1
8745-PVESG;Female;0;0;0;No phone service;DSL;1;0;1;One year;1;Credit card (automatic);411;225825;220;159183;0,07;3,7;0,53;Bronze;51;Urban;2;0
7647-GYYKX;Female;0;1;1;0;0;No internet service;No internet service;No internet service;Two year;1;Bank transfer (automatic);2035;109235;238;140282;0,18;3,6;0,06;Silver;48;Suburban;57;1
5647-FXOTP;Female;1;1;1;1;Fiber optic;0;1;1;Month-to-month;1;Electronic check;1059;640125;222;138249;0,27;3,8;0,47;Bronze;25;Urban;26;1
5569-OUICF;Female;1;1;1;1;Fiber optic;0;0;0;Month-to-month;1;Credit card (automatic);1013;28122;59;118176;0,09;4,4;0,09;Bronze;34;Urban;14;0
8821-XNHVZ;Female;0;1;1;0;Fiber optic;0;0;0;Month-to-month;1;Mailed check;8005;8005;5;88163;0,06;4,7;0,32;Bronze;31;Urban;59;1
2082-OJVTK;Male;0;1;1;1;Fiber optic;0;0;1;Month-to-month;1;Electronic check;892;269835;59;134210;0,25;3,4;0,58;Silver;47;Urban;2;1
9700-ISPUP;Female;0;1;1;0;DSL;0;1;0;Month-to-month;1;Electronic check;655;6169;50;203844;0,22;4,4;0,03;Gold;35;Suburban;27;1
9839-ETQOE;Male;0;0;0;No phone service;DSL;1;1;1;Month-to-month;1;Electronic check;4045;191285;239;184587;0,28;3,7;0,75;Silver;53;Urban;46;1
6078-VESFR;Male;1;1;1;0;Fiber optic;0;0;0;Month-to-month;0;Bank transfer (automatic);7045;8491;48;151979;0,05;5;0,01;Silver;38;Suburban;0;0
9027-TMATR;Female;0;1;1;0;DSL;1;0;1;Two year;1;Electronic check;788;34603;178;158860;0,04;3,6;0,19;Silver;48;Urban;52;1
5940-NFXKV;Male;0;1;1;1;Fiber optic;0;0;0;Month-to-month;1;Electronic check;8365;146575;74;232215;0,16;3;0,08;Bronze;50;Suburban;19;1
1941-HOSAM;Male;0;1;1;0;Fiber optic;0;0;0;Month-to-month;1;Electronic check;901;901;3;84920;0,18;4;0,18;Bronze;40;Urban;10;1
9110-HSGTV;Female;0;0;1;0;DSL;1;0;1;Two year;1;Credit card (automatic);8245;55553;382;162911;0,14;3,3;0,63;Bronze;22;Urban;24;1
0704-VCUMB;Female;0;1;1;0;0;No internet service;No internet service;No internet service;Two year;0;Credit card (automatic);2025;12788;340;117996;0,18;3,1;0,97;Bronze;32;Suburban;3;1
6171-ZTVYB;Male;0;1;1;1;DSL;1;1;0;Month-to-month;0;Bank transfer (automatic);6625;290735;143;222820;0,05;4,4;0,52;Bronze;47;Urban;18;0
8053-WWDRO;Female;0;1;1;0;0;No internet service;No internet service;No internet service;Month-to-month;0;Bank transfer (automatic);195;1463;26;174071;0,14;4,5;0,19;Silver;33;Urban;53;1
9564-KCLHR;Male;0;0;1;0;DSL;0;0;0;Month-to-month;0;Mailed check;5125;5125;5;127252;0,02;3,9;0,32;Bronze;46;Suburban;59;1
1935-IMVBB;Male;0;1;1;0;Fiber optic;0;0;0;Month-to-month;0;Mailed check;897;495295;327;202734;0,13;4,4;0,82;Platinum;45;Urban;27;0
2535-PBCGC;Female;0;1;0;No phone service;DSL;1;1;1;Two year;0;Bank transfer (automatic);6455;45049;282;217522;0,02;4,1;0,35;Gold;23;Suburban;9;0
2082-CEFLT;Male;0;0;1;0;DSL;0;0;0;Month-to-month;1;Electronic check;456;456;3;132756;0,14;4,3;0,72;Platinum;22;Urban;58;1
1470-PSXNM;Male;0;1;1;1;Fiber optic;0;1;1;One year;1;Electronic check;9365;452015;152;130235;0,01;4,2;0,78;Bronze;42;Urban;20;0
1213-NGCUN;Female;0;0;1;0;DSL;0;0;0;Month-to-month;1;Bank transfer (automatic);4965;26735;35;170546;0,09;4,3;0,05;Gold;45;Urban;35;0
2498-XLDZR;Female;0;1;1;0;DSL;1;1;1;Two year;0;Mailed check;736;231685;82;211092;0,12;3,4;0,78;Gold;18;Urban;15;1
9866-OCCKE;Female;1;1;1;1;Fiber optic;1;0;1;Two year;1;Mailed check;10975;807535;310;205802;0,01;3,5;0,32;Platinum;31;Urban;32;0
5338-YHWYT;Male;0;0;1;0;DSL;1;1;0;Two year;0;Credit card (automatic);6145;230235;115;188421;0,02;3,9;0,52;Silver;36;Urban;58;1
7718-UPSKJ;Female;0;1;1;0;Fiber optic;1;1;0;One year;1;Credit card (automatic);1064;72519;215;220736;0,25;3,9;0,69;Gold;48;Suburban;44;1
8731-WBBMB;Female;0;1;1;0;DSL;0;1;1;Month-to-month;0;Bank transfer (automatic);819;207855;94;146635;0,11;4,5;0,17;Bronze;32;Suburban;50;1
1448-CYWKC;Female;0;1;1;1;Fiber optic;0;1;1;One year;1;Credit card (automatic);1052;62254;347;103225;0,01;3,7;0,27;Bronze;36;Suburban;45;0
7901-IIDQV;Male;0;0;1;1;DSL;0;0;0;One year;0;Bank transfer (automatic);546;124225;53;186885;0,03;3,3;0,65;Bronze;49;Urban;12;1
2690-DVRVK;Male;0;1;1;0;0;No internet service;No internet service;No internet service;One year;0;Electronic check;2055;9945;21;165333;0,08;3,5;0,66;Platinum;48;Urban;28;0
5688-KZTSN;Male;0;1;1;0;0;No internet service;No internet service;No internet service;Month-to-month;1;Electronic check;200;28805;34;90807;0,04;3,4;0,49;Bronze;54;Urban;3;1
1270-XKUCC;Female;0;1;1;0;0;No internet service;No internet service;No internet service;Two year;0;Mailed check;197;59925;78;86402;0,11;4,5;0,08;Bronze;43;Urban;41;0
0334-ZFJSR;Female;0;1;1;1;DSL;1;1;0;One year;1;Credit card (automatic);6605;34621;206;84521;0,22;3,9;0,48;Platinum;42;Suburban;26;1
2894-QOJRX;Female;0;1;0;No phone service;DSL;0;0;0;Month-to-month;1;Bank transfer (automatic);340;8530;101;194693;0,09;4,4;0,88;Bronze;25;Suburban;7;0
5747-PMBSQ;Male;1;1;1;0;Fiber optic;0;1;1;Month-to-month;1;Mailed check;925;9341;30;88382;0,17;3,8;0,74;Gold;21;Urban;40;0
5583-EJXRD;Male;0;1;0;No phone service;DSL;1;1;1;Two year;1;Credit card (automatic);5405;23752;143;190996;0,12;4,8;0,31;Gold;48;Urban;45;0
4565-EVZMJ;Female;0;0;1;0;DSL;1;1;0;One year;1;Mailed check;589;281305;110;95065;0,04;5;0,04;Bronze;49;Rural;7;0
3143-JQEGI;Female;0;1;1;0;Fiber optic;0;0;0;Month-to-month;0;Electronic check;8835;12228;41;165470;0,01;4,3;0,67;Bronze;51;Urban;24;0
6386-SZZKH;Female;0;1;1;1;Fiber optic;0;1;1;Two year;1;Bank transfer (automatic);10795;52932;287;94425;0,22;4,7;0,89;Silver;20;Rural;25;1
3327-YBAKM;Female;0;1;1;0;Fiber optic;1;0;0;One year;1;Mailed check;969;631435;369;93111;0,18;4;0,18;Platinum;43;Suburban;0;0
9441-QHEVC;Male;0;0;1;0;0;No internet service;No internet service;No internet service;Month-to-month;0;Mailed check;191;191;3;133257;0,04;4,9;0,51;Gold;21;Urban;42;1
6705-LNMDD;Male;0;0;1;0;DSL;0;0;0;Month-to-month;0;Mailed check;500;100305;85;203990;0,05;4,7;0,12;Bronze;19;Urban;47;1
2580-ASVVY;Female;0;1;0;No phone service;DSL;1;0;0;Two year;0;Electronic check;454;15931;208;207813;0,19;5;0,28;Bronze;36;Rural;32;0
3370-GQEAL;Male;0;1;1;1;Fiber optic;0;0;0;Month-to-month;0;Electronic check;8545;250995;60;161046;0,24;4,2;0,69;Bronze;40;Suburban;18;1
5032-USPKF;Female;0;0;1;1;DSL;1;1;1;One year;0;Bank transfer (automatic);841;318765;199;117851;0,01;4,6;0,08;Gold;42;Urban;19;0
2982-IHMFT;Female;1;0;1;1;Fiber optic;0;0;0;Month-to-month;1;Mailed check;7445;7445;5;88816;0,18;4,1;0,66;Bronze;24;Urban;17;0
3521-SYVOR;Female;0;0;1;0;DSL;0;0;0;Month-to-month;1;Electronic check;6475;23452;87;82175;0,05;3,5;0,09;Bronze;25;Suburban;25;0
4254-QPEDE;Female;0;1;0;No phone service;DSL;1;1;1;Two year;0;Credit card (automatic);6625;33301;137;91341;0,09;3,7;0,97;Gold;20;Urban;38;0
6283-GITPX;Male;0;0;1;0;DSL;1;1;1;Two year;1;Credit card (automatic);769;55227;414;143908;0,01;4,8;0,22;Silver;40;Urban;8;0
9526-JAWYF;Male;0;0;1;0;Fiber optic;0;1;1;Month-to-month;0;Electronic check;898;23353;107;236726;0,23;3,1;0,75;Bronze;50;Urban;26;1
0771-CHWSK;Male;0;0;1;1;DSL;1;1;1;Two year;1;Credit card (automatic);746;47984;135;139696;0,12;4,2;0,93;Gold;45;Urban;5;0
9788-HNGUT;Male;0;1;1;1;Fiber optic;1;1;1;Two year;1;Credit card (automatic);11695;85944;218;163115;0,24;3,7;0,09;Silver;39;Urban;19;1
9495-REDIY;Male;0;0;0;No phone service;DSL;1;0;0;One year;1;Credit card (automatic);4065;97055;94;110194;0,21;3,8;0,41;Silver;52;Urban;37;1
5375-XLDOF;Male;0;1;1;1;Fiber optic;1;1;1;Two year;1;Bank transfer (automatic);11435;76658;329;245909;0,25;4,8;0,92;Silver;51;Urban;0;1
1172-VIYBP;Male;0;1;1;1;DSL;1;1;0;Two year;0;Bank transfer (automatic);697;368605;261;164358;0,09;4,7;0,02;Silver;47;Urban;37;0
5649-VUKMC;Female;0;0;1;0;Fiber optic;0;0;1;One year;0;Mailed check;955;111515;71;182548;0,06;4,2;0,93;Silver;53;Rural;15;0
6559-PDZLR;Male;0;0;1;0;Fiber optic;0;0;1;Month-to-month;1;Electronic check;9865;25370;81;230799;0,29;3,5;0,53;Gold;31;Urban;3;1
8992-OBVDG;Male;0;0;1;0;DSL;0;0;1;Month-to-month;0;Mailed check;6165;13936;87;114579;0,22;4;0,01;Silver;26;Urban;2;1
4273-MBHYA;Female;0;0;1;0;Fiber optic;0;0;0;Month-to-month;1;Electronic check;8935;8935;4;176554;0,25;3,8;0,45;Silver;39;Urban;21;1
4724-WXVWF;Male;0;0;1;1;Fiber optic;1;0;0;Month-to-month;1;Electronic check;954;44453;173;227627;0;3,7;0,33;Silver;45;Urban;8;0
5701-GUXDC;Female;0;1;0;No phone service;DSL;1;0;1;One year;0;Credit card (automatic);354;9786;69;133294;0,11;3,2;0,28;Silver;31;Suburban;55;1
1460-UZPRJ;Male;0;1;1;0;0;No internet service;No internet service;No internet service;Two year;0;Mailed check;1995;125815;354;129777;0,22;4,1;0,54;Bronze;32;Urban;55;1
6082-GLJIX;Male;0;0;1;0;0;No internet service;No internet service;No internet service;Month-to-month;0;Mailed check;1925;33135;97;216978;0,02;3,6;0,48;Bronze;54;Urban;56;1
5143-EGQFK;Female;1;0;0;No phone service;DSL;0;0;0;Month-to-month;1;Electronic check;2965;2914;39;120751;0,17;4,3;0,48;Silver;41;Rural;53;1
4919-IKATY;Male;0;1;1;1;Fiber optic;1;0;1;Month-to-month;1;Electronic check;845;45375;22;188750;0,13;3,6;0,09;Silver;51;Suburban;7;0
2495-TTHBQ;Female;0;0;1;0;0;No internet service;No internet service;No internet service;One year;1;Mailed check;204;8475;11;154180;0,01;3,9;0,08;Silver;20;Urban;6;0
0485-ZBSLN;Male;0;1;1;1;0;No internet service;No internet service;No internet service;Two year;0;Credit card (automatic);2475;17151;271;111644;0,07;3,1;0,48;Gold;40;Rural;11;1
3810-PJUHR;Male;0;1;1;1;0;No internet service;No internet service;No internet service;Two year;0;Mailed check;2535;171515;334;113521;0,09;5;0,82;Bronze;37;Suburban;0;0
9050-QLROH;Male;0;0;1;1;Fiber optic;0;0;1;Month-to-month;1;Credit card (automatic);907;159725;73;91564;0,03;4;0,82;Silver;32;Rural;53;1
0847-HGRML;Male;0;0;1;0;0;No internet service;No internet service;No internet service;Two year;0;Bank transfer (automatic);200;12501;369;185155;0,19;3;0,32;Silver;33;Urban;11;1
8232-CTLKO;Female;0;1;1;0;DSL;1;0;0;Two year;1;Electronic check;5975;39968;293;238371;0,07;4,1;0;Bronze;24;Rural;15;0
9227-YBAXE;Female;0;1;1;1;DSL;1;1;0;Two year;1;Bank transfer (automatic);825;52151;226;224493;0,08;4,7;0,91;Bronze;50;Urban;13;0
6168-WFVVF;Female;1;0;1;0;Fiber optic;0;0;0;Month-to-month;1;Electronic check;703;2355;15;168747;0,27;4,5;0,76;Bronze;36;Suburban;29;1
9860-LISIZ;Female;0;0;1;0;0;No internet service;No internet service;No internet service;Month-to-month;0;Mailed check;2035;6732;91;91202;0,14;4,4;0,11;Bronze;35;Urban;42;0
0112-QAWRZ;Male;0;1;1;1;Fiber optic;0;0;1;Month-to-month;1;Bank transfer (automatic);908;14422;56;189407;0,12;3,3;0,07;Bronze;35;Urban;51;1
0877-SDMBN;Female;0;0;1;1;Fiber optic;1;0;1;One year;1;Bank transfer (automatic);10395;563905;182;214757;0,22;4,3;0,02;Silver;20;Urban;18;1
2786-GCDPI;Female;1;0;1;1;Fiber optic;0;0;1;Month-to-month;1;Electronic check;10495;522235;186;170197;0,27;4,5;0,03;Silver;20;Urban;18;1
4043-MKDTV;Male;0;1;1;0;Fiber optic;0;1;1;Two year;1;Electronic check;10525;729175;364;122637;0,01;4,1;0,53;Silver;53;Urban;12;0
8065-YKXKD;Female;0;0;1;1;Fiber optic;0;0;0;Month-to-month;1;Electronic check;7475;79965;39;229438;0,13;4,8;0,01;Gold;33;Urban;43;0
9637-EIHEQ;Female;0;0;1;0;DSL;0;0;0;Month-to-month;1;Electronic check;508;508;5;104276;0,18;3,6;0,96;Silver;40;Rural;9;0
9229-RQABD;Male;0;0;1;1;0;No internet service;No internet service;No internet service;One year;0;Mailed check;2375;4245;77;160946;0,01;3,5;0,89;Bronze;40;Suburban;46;1
8313-KTIHG;Male;0;0;1;0;DSL;0;0;0;Month-to-month;1;Electronic check;613;2494;13;155214;0,23;4,7;0,65;Bronze;32;Urban;28;1
5320-BRKGK;Female;0;1;1;1;DSL;1;0;1;Two year;0;Mailed check;758;441575;303;235647;0,29;4,3;0,06;Bronze;26;Suburban;27;1
6284-KMNUF;Female;0;1;1;1;Fiber optic;1;0;0;One year;1;Electronic check;980;52706;165;121230;0,28;3;0,32;Platinum;35;Suburban;12;1
9689-PTNPG;Male;0;0;1;0;Fiber optic;0;0;0;Month-to-month;1;Electronic check;8025;14455;5;204086;0,08;3,7;0,37;Gold;23;Urban;44;0
9465-RWMXL;Male;0;1;1;1;Fiber optic;0;0;1;Month-to-month;1;Electronic check;789;244795;128;209526;0,07;4,7;0,48;Bronze;54;Suburban;55;1
6229-UOLQL;Male;0;1;0;No phone service;DSL;1;1;0;One year;1;Mailed check;520;28849;170;234093;0,29;3,1;0,17;Silver;23;Suburban;14;1
2362-IBOOY;Male;0;0;1;1;Fiber optic;0;0;0;Month-to-month;1;Electronic check;8475;305015;73;220521;0,14;3;0,58;Platinum;38;Urban;16;1
3137-LUPIX;Female;0;0;1;1;DSL;0;0;0;Month-to-month;1;Mailed check;644;2530;18;226729;0,06;3,6;0,44;Gold;47;Urban;22;0
0843-WTBXE;Male;0;0;1;1;Fiber optic;0;0;0;Month-to-month;0;Bank transfer (automatic);8545;451725;214;115059;0,21;4,8;0,95;Silver;45;Urban;42;1
6143-JQKEA;Male;0;0;1;0;DSL;0;0;0;Month-to-month;1;Credit card (automatic);458;4362;37;81532;0,09;4,8;0,94;Bronze;37;Suburban;9;0
8676-OOQEJ;Male;0;0;0;No phone service;DSL;0;0;0;Month-to-month;0;Electronic check;305;1184;23;182666;0,08;4;0,57;Bronze;36;Urban;35;0
5515-IDEJJ;Male;0;1;1;0;0;No internet service;No internet service;No internet service;Month-to-month;0;Mailed check;199;199;4;161551;0,26;4,1;0,64;Gold;31;Suburban;48;1
9701-CDXHR;Female;0;1;1;0;Fiber optic;0;0;0;Month-to-month;0;Mailed check;6915;36496;278;248828;0,05;3,7;0,14;Gold;18;Urban;13;0
7450-NWRTR;Male;1;0;1;1;Fiber optic;0;0;1;Month-to-month;1;Electronic check;9945;120015;30;151880;0,02;3,5;0,22;Silver;44;Suburban;31;0
8124-NZVGJ;Female;0;0;0;No phone service;DSL;0;0;0;One year;1;Mailed check;4925;2556;25;186734;0,08;4,6;0,09;Bronze;49;Rural;33;0
2162-FRZAA;Male;0;1;0;No phone service;DSL;0;1;1;Two year;0;Bank transfer (automatic);3935;239505;344;193997;0,18;3,2;0,07;Platinum;46;Suburban;30;1
5376-DEQCP;Female;0;0;1;0;Fiber optic;0;0;0;Month-to-month;1;Electronic check;706;706;4;245278;0,04;4;0,19;Gold;48;Suburban;38;1
5118-MUEYH;Female;0;1;1;1;Fiber optic;0;1;0;Month-to-month;1;Credit card (automatic);1051;508355;233;132168;0,14;4,3;0,57;Bronze;42;Urban;31;0
9095-HFAFX;Female;0;0;1;0;Fiber optic;0;0;0;Month-to-month;1;Credit card (automatic);810;3896;17;193123;0,19;3,2;0,93;Bronze;24;Suburban;15;1
5627-TVBPP;Female;0;0;1;0;0;No internet service;No internet service;No internet service;One year;1;Credit card (automatic);201;6445;82;235622;0,25;4;0,35;Silver;33;Suburban;25;1
2379-ENZGV;Male;0;0;1;0;Fiber optic;0;1;0;Month-to-month;1;Electronic check;8485;5235;22;217461;0,07;4,2;0,19;Bronze;28;Suburban;16;0
3936-QQFLL;Male;0;0;1;0;0;No internet service;No internet service;No internet service;Month-to-month;0;Mailed check;1975;393;7;167897;0,25;4,5;0,94;Bronze;35;Suburban;21;1
2589-AYCRP;Female;0;0;1;0;0;No internet service;No internet service;No internet service;One year;0;Bank transfer (automatic);1975;98905;273;246919;0,07;3,5;0,46;Bronze;22;Urban;35;0
4067-HLYQI;Female;0;0;1;0;Fiber optic;0;0;0;Month-to-month;1;Bank transfer (automatic);704;24061;98;184599;0,02;3,6;0,42;Platinum;19;Suburban;34;0
5124-EOGYE;Male;0;0;1;0;0;No internet service;No internet service;No internet service;Two year;0;Mailed check;2045;63855;181;159239;0,13;4,1;0,27;Gold;27;Urban;22;0
5057-RKGLH;Female;0;1;1;0;0;No internet service;No internet service;No internet service;Two year;0;Mailed check;2035;1911;52;98642;0,03;5;0,89;Bronze;43;Urban;24;0
0292-WEGCH;Female;0;1;1;1;DSL;0;1;1;Month-to-month;1;Electronic check;862;452405;161;186862;0,21;3,4;0,85;Gold;41;Urban;4;1
8910-ICHIU;Female;0;0;1;0;Fiber optic;1;1;1;One year;1;Credit card (automatic);9565;46642;156;116509;0,07;5;0,04;Silver;43;Urban;5;0
4097-YODCF;Male;0;0;1;1;Fiber optic;1;1;0;One year;1;Electronic check;1038;34708;189;159417;0,05;4,4;0,03;Bronze;33;Suburban;54;1
9715-WZCLW;Male;0;1;1;1;Fiber optic;1;0;0;Two year;1;Electronic check;972;69103;416;129237;0,11;4,7;0,45;Gold;42;Suburban;25;0
9786-YWNHU;Female;0;1;1;0;DSL;1;1;1;Two year;0;Mailed check;6355;40142;237;226486;0,02;3,2;0,18;Silver;23;Suburban;59;1
6407-GSJNL;Female;0;0;1;1;0;No internet service;No internet service;No internet service;Two year;0;Bank transfer (automatic);2495;12880;167;143176;0,07;3,6;0,14;Gold;29;Rural;37;0
6005-OBZPH;Female;1;0;1;1;Fiber optic;0;1;0;Month-to-month;1;Electronic check;8915;227765;106;208633;0,06;3,1;0,39;Silver;26;Suburban;5;1
4049-ZPALD;Female;0;1;1;0;Fiber optic;1;0;1;Two year;1;Bank transfer (automatic);990;63758;304;159865;0;3,7;0,01;Silver;25;Rural;18;0
7932-WPTDS;Female;1;1;0;No phone service;DSL;0;0;0;Month-to-month;1;Electronic check;248;248;3;197181;0,14;5;0,96;Bronze;48;Suburban;42;1
3733-UOCWF;Male;1;1;1;1;Fiber optic;0;1;0;One year;1;Bank transfer (automatic);8555;525175;301;142059;0,13;3,2;0,05;Bronze;49;Urban;18;1
6833-JMZYP;Female;0;0;1;0;Fiber optic;0;0;1;Month-to-month;1;Credit card (automatic);940;150545;33;129150;0,07;4,1;0,04;Silver;24;Urban;45;0
2722-VOJQL;Male;0;0;1;1;Fiber optic;0;1;0;One year;1;Credit card (automatic);10565;69031;140;168367;0,02;3;0,16;Platinum;49;Suburban;46;1
1310-QRITU;Female;0;0;1;1;DSL;0;0;0;Month-to-month;1;Electronic check;503;9133;63;121091;0,13;4,4;0,69;Silver;42;Suburban;30;0
8961-QDZZJ;Female;0;1;1;0;Fiber optic;0;1;0;One year;1;Electronic check;950;55358;194;80903;0,24;3,4;0,08;Bronze;50;Suburban;36;1
9715-SBVSU;Male;0;1;1;0;DSL;1;1;0;Two year;1;Bank transfer (automatic);614;81555;45;134235;0,21;3,3;0,55;Bronze;45;Suburban;22;1
8490-BXHEO;Male;1;0;1;1;Fiber optic;0;1;0;Month-to-month;1;Credit card (automatic);8055;141165;71;135342;0,26;3,7;0,77;Gold;28;Suburban;11;1
7173-TETGO;Female;1;1;1;1;Fiber optic;1;0;0;Two year;0;Bank transfer (automatic);785;560225;236;115572;0;4,5;0,95;Bronze;48;Urban;12;0
7929-SKFGK;Male;0;1;1;1;Fiber optic;1;1;1;Two year;0;Credit card (automatic);1143;82443;193;97610;0,29;3,2;0,07;Bronze;27;Urban;21;1
2300-RQGOI;Female;0;0;1;0;0;No internet service;No internet service;No internet service;Two year;0;Mailed check;2005;7415;123;114052;0,01;3,5;0,01;Gold;19;Suburban;49;1
3563-SVYLG;Male;0;1;1;0;DSL;1;1;1;Two year;0;Credit card (automatic);6265;43758;401;178993;0,03;3;0,09;Platinum;21;Urban;2;1
5228-EXCET;Male;0;0;1;0;Fiber optic;0;0;0;Month-to-month;1;Electronic check;8085;10087;47;167063;0,08;4,9;0,73;Gold;39;Rural;11;0
6435-VWCCY;Male;1;1;1;1;Fiber optic;1;1;0;Two year;1;Credit card (automatic);927;59684;245;248622;0,14;4,2;0,22;Bronze;45;Suburban;36;0
4998-IKFSE;Female;0;0;1;1;Fiber optic;0;0;1;Month-to-month;0;Electronic check;10045;30969;129;240083;0,11;4,4;0,45;Bronze;27;Urban;30;0
8630-QSGXK;Male;0;1;1;1;DSL;0;0;0;Two year;1;Bank transfer (automatic);752;390125;302;245836;0,11;4,3;0,98;Gold;19;Urban;12;0
2455-USLMV;Female;0;0;1;1;Fiber optic;1;0;1;Month-to-month;1;Credit card (automatic);8475;26134;91;177540;0,25;3,3;0,82;Platinum;48;Suburban;22;1
7394-FKDNK;Female;0;1;1;0;Fiber optic;0;0;0;Month-to-month;0;Electronic check;8945;8531;42;133533;0,22;4,2;0,85;Platinum;40;Urban;12;1
9488-FVZCC;Female;0;1;1;1;DSL;1;1;1;Two year;1;Bank transfer (automatic);795;56617;350;235136;0,03;3,3;0,86;Silver;33;Urban;5;1
6331-LWDTQ;Male;0;0;1;1;DSL;0;0;0;Month-to-month;1;Credit card (automatic);7215;79425;44;203989;0,18;3,8;0,62;Gold;26;Urban;47;1
5995-WWKKG;Female;0;0;1;0;0;No internet service;No internet service;No internet service;One year;1;Electronic check;198;69505;87;200388;0,14;4,1;0,74;Bronze;23;Suburban;57;1
1597-FZREH;Female;0;0;1;0;DSL;0;0;1;Month-to-month;0;Electronic check;764;1608;9;108702;0,03;4,1;0,36;Bronze;42;Suburban;2;0
7879-CGSFV;Male;0;0;1;0;Fiber optic;1;1;0;One year;1;Mailed check;1009;555205;124;203482;0,03;3,2;0,1;Bronze;21;Urban;6;1
9921-EZKBY;Male;0;0;1;1;Fiber optic;1;0;1;Month-to-month;1;Bank transfer (automatic);953;327515;144;88631;0,17;3,1;0,28;Platinum;29;Suburban;52;1
7432-FFVAR;Female;0;1;1;0;Fiber optic;0;0;1;One year;0;Bank transfer (automatic);9095;42366;228;167388;0,21;4,6;0,59;Bronze;41;Rural;9;1
7246-ZGQDF;Female;0;0;1;0;DSL;1;0;0;Month-to-month;0;Electronic check;545;545;2;204798;0,12;4,5;0,28;Bronze;44;Urban;30;1
7000-WCEVQ;Female;1;0;1;1;DSL;0;0;0;Month-to-month;1;Mailed check;616;117435;107;150043;0,16;3,2;0,11;Platinum;20;Urban;3;1
0727-IWKVK;Male;0;1;1;0;Fiber optic;0;1;1;Month-to-month;1;Electronic check;799;7417;19;240053;0,28;3,3;0,57;Bronze;29;Suburban;43;1
5959-BELXA;Male;1;0;1;1;Fiber optic;0;0;0;Month-to-month;1;Credit card (automatic);9615;301925;172;115764;0,05;4,8;0,35;Bronze;47;Urban;5;0
4456-RHSNB;Female;0;1;1;0;DSL;0;0;1;Month-to-month;1;Bank transfer (automatic);496;9629;72;209014;0,09;4,5;0,58;Gold;29;Urban;17;0
3512-IZIKN;Female;0;1;1;1;DSL;1;0;1;Two year;0;Credit card (automatic);653;475975;200;193076;0,05;5;0,56;Gold;39;Urban;6;0
2481-SBOYW;Female;0;0;1;1;0;No internet service;No internet service;No internet service;Two year;1;Credit card (automatic);250;149835;154;179007;0,24;3,5;0,54;Silver;32;Urban;33;1
7109-MFBYV;Male;0;0;1;0;DSL;0;0;0;Month-to-month;0;Electronic check;4545;123315;151;104940;0,02;4;0,12;Platinum;45;Urban;22;0
1833-TCXKK;Male;0;1;1;1;Fiber optic;0;1;1;Month-to-month;1;Bank transfer (automatic);10775;48828;103;187418;0,02;3,5;0,44;Bronze;34;Suburban;7;0
1832-PEUTS;Male;0;1;1;1;Fiber optic;0;0;1;Two year;1;Credit card (automatic);891;541165;173;151792;0,09;4,2;0,81;Platinum;42;Urban;49;1
6141-OOXUQ;Male;0;0;1;0;0;No internet service;No internet service;No internet service;Month-to-month;0;Mailed check;1965;1965;3;239504;0,15;3,2;0,32;Gold;20;Suburban;23;1
8660-BUETV;Female;0;0;1;0;DSL;0;0;0;Month-to-month;0;Mailed check;4475;14805;13;88367;0,12;3,3;0,44;Bronze;53;Suburban;27;1
0580-PIQHM;Female;0;1;1;1;Fiber optic;1;1;1;One year;1;Bank transfer (automatic);1016;393055;171;191764;0,01;3,1;0,49;Gold;48;Urban;44;1
5696-CEIQJ;Male;0;1;1;0;Fiber optic;0;1;1;Two year;0;Bank transfer (automatic);10315;68955;167;236583;0,29;4,4;0,86;Bronze;32;Suburban;54;1
7503-ZGUZJ;Male;0;0;1;1;Fiber optic;0;0;0;Month-to-month;1;Mailed check;8465;8465;3;88573;0,29;4;0,66;Bronze;45;Urban;2;1
1696-HXOWK;Female;0;1;1;1;Fiber optic;1;1;0;One year;0;Mailed check;9565;685695;209;95582;0,08;4,2;0,01;Platinum;48;Suburban;12;0
3026-ATZYV;Female;0;1;1;0;DSL;1;1;0;One year;0;Bank transfer (automatic);751;26588;105;216450;0,22;4,8;0,87;Bronze;37;Urban;38;1
4012-YCFAI;Male;0;1;1;0;DSL;1;1;0;Two year;1;Mailed check;6135;37662;218;145296;0,17;4,5;0,83;Bronze;38;Urban;32;0
2506-TNFCO;Female;1;1;1;0;Fiber optic;0;0;0;Month-to-month;1;Electronic check;6955;6955;4;224572;0,07;3,9;0,75;Bronze;44;Urban;49;1
9970-QBCDA;Female;0;0;1;0;0;No internet service;No internet service;No internet service;Month-to-month;0;Credit card (automatic);197;12955;17;145841;0,08;5;0,47;Bronze;36;Urban;52;1
8718-PTMEZ;Female;0;0;0;No phone service;DSL;0;1;0;Month-to-month;1;Electronic check;3105;34725;45;101881;0,15;3,9;0,76;Gold;53;Urban;15;0
9496-IVVRP;Female;0;1;1;0;DSL;1;0;0;Month-to-month;0;Bank transfer (automatic);510;5817;39;150233;0,13;3,2;0,48;Platinum;29;Suburban;10;1
2207-OBZNX;Male;0;0;1;0;DSL;1;0;0;Month-to-month;1;Mailed check;510;35405;41;145285;0,09;5;0,74;Silver;52;Suburban;28;0
2657-VPXTA;Female;0;1;1;0;Fiber optic;0;0;0;Month-to-month;1;Electronic check;8885;92945;58;139547;0,24;3;0,88;Silver;50;Rural;24;1
6551-VLJMV;Male;0;1;1;0;0;No internet service;No internet service;No internet service;Two year;0;Credit card (automatic);2005;6790;176;218294;0,14;4,1;0,89;Silver;53;Suburban;16;0
1221-GHZEP;Female;0;0;1;0;DSL;1;0;0;Two year;1;Mailed check;651;384675;183;87933;0,02;3,6;0,45;Bronze;40;Suburban;36;0
9289-LBQVU;Male;0;1;1;1;DSL;0;1;0;One year;1;Mailed check;7015;44807;145;163385;0,06;4;0,86;Bronze;30;Urban;5;0
6142-VSJQO;Female;0;1;1;0;DSL;0;0;0;Month-to-month;1;Bank transfer (automatic);4435;4435;3;178706;0,16;4,1;0,01;Bronze;47;Urban;45;1
3458-IDMFK;Male;0;0;1;0;0;No internet service;No internet service;No internet service;Two year;1;Mailed check;2075;4994;76;218012;0,01;3,5;0,01;Silver;27;Rural;13;0
6933-FHBZC;Female;0;0;1;0;DSL;0;1;1;One year;1;Mailed check;5605;15532;104;164590;0,16;4,1;0,55;Silver;37;Urban;18;0
0221-NAUXK;Male;0;0;1;0;0;No internet service;No internet service;No internet service;One year;1;Bank transfer (automatic);1995;2195;51;186399;0,23;4,5;0,65;Platinum;23;Urban;36;1
9770-KXGQU;Female;0;0;1;1;Fiber optic;1;1;1;One year;0;Mailed check;986;531185;287;139145;0,23;3,5;0,15;Gold;48;Suburban;49;1
6437-UKHMV;Female;0;0;1;0;Fiber optic;0;0;0;Month-to-month;1;Electronic check;797;58605;37;137520;0,11;3,8;0,47;Gold;36;Urban;42;0
6538-POCHL;Male;0;0;1;0;Fiber optic;0;1;1;Month-to-month;1;Credit card (automatic);790;25768;113;84544;0,21;3,5;0,09;Bronze;20;Urban;55;1
6726-NNFWD;Female;1;1;1;0;Fiber optic;0;1;1;Two year;0;Credit card (automatic);8945;643525;337;134812;0,28;4,6;0,06;Gold;27;Urban;11;1
3002-WQZWT;Female;0;0;1;1;Fiber optic;0;0;0;Month-to-month;1;Electronic check;742;199325;94;199090;0,19;4,4;0,86;Platinum;27;Rural;18;0
4277-UDIEF;Male;0;1;1;1;DSL;1;0;0;Month-to-month;0;Bank transfer (automatic);810;192385;53;179054;0,04;4,7;0,74;Platinum;38;Rural;20;0
1208-NBVFH;Male;0;1;1;0;DSL;0;0;1;Month-to-month;1;Electronic check;496;9398;96;236516;0,02;3,3;0,38;Bronze;19;Suburban;28;1
4912-PIGUY;Female;0;0;1;1;Fiber optic;0;0;0;Month-to-month;1;Electronic check;846;846;2;235861;0,03;3,1;0,99;Silver;47;Suburban;27;1
1114-CENIM;Male;0;0;1;1;DSL;0;1;0;Month-to-month;1;Credit card (automatic);550;309265;196;212689;0,26;3,2;0,66;Silver;45;Urban;16;1
6060-DRTNL;Female;1;0;1;0;Fiber optic;0;0;1;Month-to-month;1;Mailed check;8485;41555;16;180834;0,15;3,3;0,82;Bronze;35;Urban;52;1
2725-TTRIQ;Female;0;1;1;1;DSL;1;0;1;Two year;1;Bank transfer (automatic);842;598655;343;214405;0,12;4,1;0,67;Platinum;31;Urban;48;1
3374-TTZTK;Male;0;1;1;0;Fiber optic;1;1;1;Two year;1;Electronic check;1063;54870;263;120002;0,02;4,9;0,99;Bronze;36;Urban;56;1
8990-ZXLSU;Female;0;0;1;0;Fiber optic;0;0;0;Month-to-month;0;Electronic check;6905;6515;28;211583;0,11;3,7;0,82;Bronze;53;Urban;1;0
2275-RBYQS;Female;0;0;1;0;DSL;0;0;0;Month-to-month;1;Mailed check;454;454;5;192850;0,27;4,9;0,52;Silver;29;Urban;5;1
8473-VUVJN;Male;1;0;1;1;Fiber optic;0;0;0;Month-to-month;1;Electronic check;7365;7365;3;210011;0,01;3,1;0,37;Bronze;37;Urban;24;1
6289-CPNLD;Male;0;1;1;0;DSL;0;0;1;One year;1;Mailed check;739;240505;124;248922;0,14;4,9;0,68;Platinum;51;Urban;18;0
5536-SLHPM;Female;0;1;1;1;Fiber optic;0;0;1;Month-to-month;1;Electronic check;7775;445815;269;201548;0,28;3,4;0,59;Silver;53;Urban;5;1
4419-UJMUS;Male;0;1;1;1;Fiber optic;0;0;0;Two year;1;Electronic check;9935;685645;329;111786;0,12;4,8;0,63;Silver;38;Suburban;0;0
7794-JASDG;Male;0;0;1;0;DSL;1;0;0;Month-to-month;1;Mailed check;5075;5075;5;116244;0,13;3,1;0,34;Silver;36;Urban;45;1
7609-YBPXG;Male;0;0;1;1;DSL;1;0;1;Two year;0;Bank transfer (automatic);871;47352;156;147261;0,17;4,9;0,43;Bronze;52;Urban;54;1
5519-TEEUH;Male;0;0;1;0;0;No internet service;No internet service;No internet service;One year;1;Mailed check;2015;68215;153;98477;0,14;3,4;0,56;Gold;25;Urban;33;1
7856-GANIL;Male;1;1;1;1;Fiber optic;0;1;1;One year;1;Bank transfer (automatic);987;45258;199;245541;0,05;3,6;0,84;Gold;39;Suburban;20;0
0804-XBFBV;Female;0;0;0;No phone service;DSL;0;0;0;Month-to-month;0;Electronic check;252;32105;62;88496;0,01;4;0,76;Silver;35;Urban;20;0
2676-OXPPQ;Male;0;0;1;0;DSL;1;1;0;Month-to-month;1;Bank transfer (automatic);557;33565;15;200522;0,18;3,8;0,12;Platinum;25;Urban;43;0
3703-TTEPD;Male;0;0;1;0;DSL;1;0;1;Month-to-month;0;Bank transfer (automatic);6535;14244;105;223342;0,28;4,3;0,25;Silver;19;Urban;48;1
2799-TSLAG;Female;0;1;1;1;0;No internet service;No internet service;No internet service;Two year;1;Bank transfer (automatic);253;174855;277;100724;0,03;4,9;0,03;Silver;37;Urban;26;0
0196-VULGZ;Female;1;1;1;1;Fiber optic;0;0;0;Month-to-month;1;Electronic check;8435;4749;18;110416;0,06;4,2;0,01;Platinum;22;Urban;22;0
8837-VVWLQ;Female;0;0;1;0;Fiber optic;1;0;0;Month-to-month;0;Electronic check;8495;6684;31;115575;0,11;4,4;0,22;Silver;47;Urban;35;0
2696-NARTR;Male;0;0;1;0;Fiber optic;0;0;0;Month-to-month;1;Electronic check;7385;92625;36;156614;0,24;3,2;0,08;Silver;35;Urban;35;1
2208-NKVVH;Male;0;1;1;1;0;No internet service;No internet service;No internet service;Two year;0;Mailed check;2425;107795;185;173566;0,08;4,3;0,09;Bronze;40;Suburban;31;0
7614-QVWQL;Male;0;1;0;No phone service;DSL;0;1;0;One year;1;Bank transfer (automatic);518;254125;272;228480;0,26;3,9;0,39;Gold;19;Urban;38;1
1976-CFOCS;Female;1;1;1;0;DSL;0;0;0;Month-to-month;0;Electronic check;460;460;4;207192;0,02;4,8;0,56;Platinum;54;Suburban;57;1
4631-OACRM;Male;1;0;1;0;Fiber optic;0;0;0;Month-to-month;1;Electronic check;794;11561;67;99359;0,28;3,8;0,71;Silver;49;Urban;44;1
7139-JZFVG;Male;0;1;1;0;DSL;1;1;1;Two year;0;Bank transfer (automatic);605;369445;244;219770;0,17;4,4;0,95;Bronze;18;Urban;16;0
4987-GQWPO;Male;0;0;0;No phone service;DSL;0;0;0;Month-to-month;0;Credit card (automatic);251;3828;37;123634;0,02;3,5;0,91;Silver;18;Urban;13;0
3755-JBMNH;Male;1;1;1;0;Fiber optic;0;0;0;Month-to-month;1;Bank transfer (automatic);718;11678;46;197255;0,11;3,5;0,06;Gold;48;Rural;21;0
1757-TCATG;Male;0;1;1;0;0;No internet service;No internet service;No internet service;One year;0;Bank transfer (automatic);2005;74675;138;122864;0,23;3,8;0,25;Bronze;25;Urban;16;1
6345-ULYRW;Male;1;1;1;1;Fiber optic;0;1;0;One year;0;Mailed check;884;39129;142;174482;0,05;3,6;0,05;Gold;20;Urban;28;0
4776-XSKYQ;Female;0;1;0;No phone service;DSL;0;0;0;One year;0;Credit card (automatic);3025;36885;32;117355;0,01;3,5;0,62;Gold;29;Urban;47;1
8048-DSDFQ;Male;0;0;1;0;0;No internet service;No internet service;No internet service;Month-to-month;0;Mailed check;202;202;4;117690;0,12;3,1;0,71;Silver;51;Urban;47;1
5753-QQWPW;Female;0;0;1;0;DSL;1;1;0;One year;1;Electronic check;599;16547;92;248886;0,26;4,7;0,31;Bronze;42;Urban;37;1
6010-DDPPW;Male;0;1;1;1;0;No internet service;No internet service;No internet service;Two year;0;Bank transfer (automatic);2515;194085;212;242717;0,23;3,1;0,85;Silver;53;Urban;25;1
1809-DMJHQ;Female;0;0;1;0;DSL;0;0;0;Month-to-month;0;Mailed check;460;2217;19;136630;0,16;4,8;0,45;Bronze;24;Suburban;30;0
6693-FRIRW;Male;0;0;1;0;Fiber optic;0;1;1;Month-to-month;0;Credit card (automatic);1013;179465;45;101658;0,17;3,3;0,1;Silver;32;Suburban;33;1
6586-MYGKD;Male;0;1;1;1;DSL;1;0;0;Two year;1;Credit card (automatic);7695;52898;399;95797;0,04;3,1;0;Bronze;38;Urban;57;1
3173-NVMPX;Female;0;1;1;1;DSL;0;1;0;Month-to-month;1;Mailed check;553;5012;49;138799;0,25;4,1;0,11;Silver;42;Suburban;26;1
0248-PGHBZ;Female;1;0;1;0;Fiber optic;1;1;0;Two year;1;Bank transfer (automatic);9245;614085;323;198301;0,24;4;0,03;Bronze;54;Urban;16;1
0623-GDISB;Female;0;0;1;0;DSL;1;0;0;Month-to-month;1;Bank transfer (automatic);4845;4845;2;132236;0,02;4;0,03;Gold;33;Suburban;55;1
2892-GESUL;Female;0;1;1;0;0;No internet service;No internet service;No internet service;Two year;0;Mailed check;1935;30925;91;86265;0,14;4,1;0,78;Gold;18;Suburban;22;0
6923-EFPNL;Male;0;0;1;1;DSL;0;0;0;Month-to-month;0;Credit card (automatic);5175;2011;20;205611;0,29;3,6;0,05;Platinum;54;Urban;33;1
7472-EQOAV;Male;1;1;1;0;Fiber optic;1;1;1;One year;1;Bank transfer (automatic);867;617935;360;201754;0,26;4,3;0,75;Bronze;31;Suburban;17;1
9574-RKJIF;Male;0;1;1;1;Fiber optic;1;1;0;Month-to-month;1;Electronic check;944;28387;73;238070;0,19;4;0,05;Bronze;51;Urban;20;0
2043-WVTQJ;Male;0;1;1;0;DSL;1;0;1;Month-to-month;0;Mailed check;557;557;4;171426;0,11;3,7;0,25;Silver;19;Urban;19;1
8034-RYTVV;Female;0;0;1;1;Fiber optic;1;0;1;One year;1;Credit card (automatic);8425;458985;293;225378;0,19;4,7;0,84;Bronze;48;Suburban;31;0
3863-QSTYI;Male;0;0;1;0;DSL;0;0;1;Month-to-month;1;Electronic check;6465;373545;254;222957;0,17;4,5;0,95;Bronze;36;Urban;11;0
2619-WFQWU;Female;0;0;1;0;Fiber optic;0;0;0;Month-to-month;1;Mailed check;7015;7015;4;189681;0,12;3,8;0,41;Silver;36;Urban;3;1
5044-LRQAQ;Female;0;1;1;0;Fiber optic;0;0;0;Month-to-month;1;Bank transfer (automatic);692;47755;26;123826;0,09;4,7;0,97;Silver;40;Urban;8;0
1716-LSAMB;Male;0;1;1;0;DSL;1;0;0;Two year;0;Bank transfer (automatic);5465;25537;185;135597;0,12;4,8;0,63;Bronze;47;Suburban;10;0
1333-PBMXB;Female;0;1;1;1;0;No internet service;No internet service;No internet service;One year;1;Bank transfer (automatic);2475;134215;115;218515;0,17;4,1;0,42;Silver;34;Urban;48;1
6546-OPBBH;Male;0;1;1;1;0;No internet service;No internet service;No internet service;One year;1;Mailed check;2395;121635;232;177375;0,13;3,4;0,08;Silver;19;Urban;29;1
5985-BEHZK;Female;1;1;1;1;Fiber optic;0;1;1;One year;0;Credit card (automatic);1050;757805;167;97084;0,08;4,8;0,03;Bronze;28;Urban;44;0
9127-QRZMH;Male;0;1;1;0;DSL;1;1;0;One year;1;Bank transfer (automatic);5985;260395;164;169447;0,23;3,4;0,27;Gold;31;Urban;25;1
5919-VCZYM;Male;0;0;1;0;0;No internet service;No internet service;No internet service;Month-to-month;0;Mailed check;2005;427;6;84383;0,16;3,1;0,66;Bronze;46;Suburban;56;1
9644-KVCNC;Female;0;0;1;1;Fiber optic;0;0;1;One year;1;Bank transfer (automatic);9215;60569;275;172313;0,02;3,7;0,39;Bronze;36;Urban;31;0
2137-DQMEV;Male;0;1;0;No phone service;DSL;1;1;0;One year;0;Mailed check;448;298365;172;114361;0,11;4,5;0,14;Bronze;45;Suburban;27;0
8174-LNWMW;Female;0;0;1;0;0;No internet service;No internet service;No internet service;Two year;0;Credit card (automatic);209;68935;147;160294;0,27;4,8;0,07;Bronze;18;Suburban;50;1
9279-CJEOJ;Female;1;0;1;1;Fiber optic;0;0;0;Month-to-month;1;Bank transfer (automatic);954;20251;108;141331;0,23;4,3;0,79;Gold;22;Urban;39;1
7964-VEXDG;Male;0;0;1;1;Fiber optic;1;0;0;Month-to-month;0;Electronic check;8035;17472;55;175057;0,01;4,9;0,68;Bronze;51;Urban;36;0
2404-JIBFC;Female;0;1;1;1;DSL;1;0;1;Two year;1;Bank transfer (automatic);851;465795;132;231601;0,28;3,2;0,41;Gold;31;Suburban;41;1
0778-NELLA;Male;0;0;0;No phone service;DSL;0;0;0;Month-to-month;1;Credit card (automatic);347;2961;23;201685;0,02;3,1;0,09;Silver;36;Urban;46;1
8029-XYPWT;Male;1;1;1;1;Fiber optic;1;1;1;Two year;1;Bank transfer (automatic);11505;80166;391;176917;0,29;4,2;0,41;Silver;41;Suburban;50;1
4614-NUVZD;Female;0;0;1;0;Fiber optic;0;0;0;Month-to-month;1;Electronic check;811;811;4;110932;0,07;4,9;0,71;Platinum;34;Rural;56;1
4632-PAOYU;Male;0;1;1;0;0;No internet service;No internet service;No internet service;One year;0;Mailed check;1995;4335;85;81908;0;4;0,91;Gold;19;Suburban;40;0
3803-KMQFW;Female;0;1;1;0;0;No internet service;No internet service;No internet service;Month-to-month;0;Mailed check;2055;2055;2;241430;0,13;3,1;0,84;Bronze;48;Rural;15;1
6804-GDMOI;Female;0;0;1;1;Fiber optic;0;0;1;Two year;1;Electronic check;1066;64284;280;110412;0,11;3,4;0,51;Gold;34;Urban;47;1
2990-OGYTD;Female;0;1;1;1;DSL;0;1;1;Two year;0;Bank transfer (automatic);8615;588385;366;208319;0,16;3,5;0,68;Silver;25;Urban;7;0
6646-JPPHA;Female;1;0;1;0;Fiber optic;1;1;0;Month-to-month;0;Electronic check;7885;10438;74;163710;0,24;3,7;0,41;Bronze;34;Urban;2;1
9572-MTILT;Male;0;1;1;1;Fiber optic;1;1;1;Month-to-month;1;Electronic check;10675;62529;265;82928;0,25;3,1;0,65;Silver;43;Urban;2;1
7658-UYUQS;Male;1;1;1;0;Fiber optic;0;0;1;Month-to-month;0;Bank transfer (automatic);8655;185725;48;145158;0,12;4,8;0,26;Platinum;24;Urban;9;0
7880-XSOJX;Male;0;0;0;No phone service;DSL;1;1;0;Month-to-month;0;Mailed check;424;1464;9;241704;0,13;4;0,43;Bronze;41;Urban;11;0
9611-CTWIH;Female;0;0;1;0;Fiber optic;0;0;0;Month-to-month;1;Electronic check;8945;24045;6;112309;0,04;4,3;0,21;Gold;47;Urban;14;0
4589-IUAJB;Male;0;1;1;1;0;No internet service;No internet service;No internet service;Two year;0;Bank transfer (automatic);2425;172415;212;89280;0,01;3,1;0,04;Bronze;43;Urban;46;1
0329-GTIAJ;Female;0;0;1;0;Fiber optic;0;1;0;Month-to-month;1;Electronic check;979;3153;7;120449;0,19;3,1;0,59;Bronze;47;Urban;26;1
8746-BFOAJ;Male;1;0;1;0;0;No internet service;No internet service;No internet service;One year;0;Bank transfer (automatic);205;42955;63;106957;0,02;4,2;0,86;Gold;52;Urban;57;1
8457-XIGKN;Male;0;0;1;0;0;No internet service;No internet service;No internet service;Month-to-month;1;Credit card (automatic);196;35615;70;247967;0,22;4,8;0,03;Silver;19;Urban;50;1
6072-NUQCB;Male;0;1;1;0;0;No internet service;No internet service;No internet service;One year;0;Bank transfer (automatic);2025;48825;126;150499;0,16;4,1;0,02;Bronze;21;Suburban;45;0
6629-CZTTH;Male;0;0;1;0;DSL;0;0;0;Month-to-month;1;Mailed check;557;557;4;173057;0,06;4,8;0,46;Silver;22;Urban;10;1
8838-GPHZP;Female;0;0;1;0;0;No internet service;No internet service;No internet service;Two year;1;Mailed check;206;12987;336;190065;0,16;4,6;0,67;Gold;19;Suburban;5;0
8750-QWZAJ;Female;0;1;1;0;0;No internet service;No internet service;No internet service;Two year;0;Bank transfer (automatic);198;137875;338;232767;0,05;3,2;0,17;Silver;48;Suburban;11;1
5364-EVNIB;Male;0;0;1;0;Fiber optic;0;1;1;Month-to-month;1;Electronic check;798;97345;31;154893;0,13;3,4;0,06;Bronze;44;Suburban;17;1
6918-UMQCG;Female;0;0;1;0;Fiber optic;0;0;0;Month-to-month;0;Electronic check;802;38425;24;105176;0,24;4,3;0,52;Silver;41;Urban;24;1
0675-NCDYU;Female;0;1;1;1;Fiber optic;1;1;1;Two year;1;Credit card (automatic);1164;854325;223;229481;0,14;3,9;0,82;Platinum;21;Suburban;33;0
6339-DKLMK;Female;0;0;0;No phone service;DSL;0;1;0;Month-to-month;1;Electronic check;3165;38995;59;136967;0,04;3,6;0,04;Silver;45;Urban;25;0
1346-PJWTK;Male;0;1;1;0;Fiber optic;0;1;1;Month-to-month;0;Credit card (automatic);9415;573185;205;80987;0,22;3,8;0,35;Gold;22;Suburban;23;1
5088-QZLRL;Male;0;0;1;0;0;No internet service;No internet service;No internet service;Month-to-month;0;Electronic check;2065;2065;5;176854;0,06;3,9;0,66;Gold;44;Urban;57;1
8023-QHAIO;Female;1;1;1;1;Fiber optic;0;0;0;Month-to-month;1;Bank transfer (automatic);7685;427575;171;106015;0,22;4,8;0,13;Bronze;22;Suburban;15;1
4397-FRLTA;Female;0;0;1;0;0;No internet service;No internet service;No internet service;Month-to-month;0;Mailed check;2015;845;12;192350;0,14;3,2;0,24;Silver;22;Suburban;35;1
3057-VJJQE;Male;0;0;1;1;DSL;1;0;0;Two year;0;Mailed check;5525;19241;200;146404;0,14;3,6;0,54;Bronze;26;Urban;35;0
5087-SUURX;Female;0;1;0;No phone service;DSL;0;0;1;Month-to-month;1;Electronic check;3905;66985;37;196751;0,26;4,1;0,95;Bronze;44;Suburban;20;1
2302-OUZXB;Male;0;1;1;1;DSL;0;1;1;Two year;0;Bank transfer (automatic);8215;57843;344;208807;0,21;4,4;0,29;Bronze;21;Urban;29;1
8133-ANHHJ;Female;1;0;1;1;Fiber optic;1;1;1;One year;0;Bank transfer (automatic);1030;51662;240;248218;0,01;4,3;0,49;Gold;41;Urban;48;1
2270-CHBFN;Female;0;1;1;1;Fiber optic;1;1;1;Month-to-month;1;Credit card (automatic);951;406055;235;128231;0,09;4,9;0,04;Bronze;44;Urban;19;0
0013-EXCHZ;Female;1;1;1;0;Fiber optic;0;0;0;Month-to-month;1;Mailed check;839;2674;17;240104;0,26;4,6;0,09;Bronze;18;Urban;53;1
5982-FPVQN;Female;0;1;1;1;Fiber optic;0;1;1;Month-to-month;1;Electronic check;9515;353285;218;108305;0,01;4,1;0,07;Bronze;49;Urban;59;1
9107-UKCKY;Male;0;1;1;1;DSL;0;1;1;One year;1;Electronic check;798;49148;137;134306;0,16;3,4;0,57;Bronze;33;Urban;41;1
4654-ULTTN;Male;0;1;1;1;DSL;1;0;1;Two year;1;Credit card (automatic);748;53158;370;201139;0,22;3,9;0,85;Silver;40;Urban;49;1
5550-VFRLC;Female;1;0;1;0;Fiber optic;0;0;0;Month-to-month;1;Electronic check;6985;6985;4;98318;0,19;4,4;0,99;Gold;45;Suburban;58;1
5546-BYZSM;Female;0;0;1;0;0;No internet service;No internet service;No internet service;Month-to-month;0;Electronic check;2045;7756;188;224318;0,23;4,7;0,07;Bronze;37;Urban;18;1
1492-KGETH;Male;0;1;1;1;DSL;1;1;1;One year;0;Bank transfer (automatic);7835;544595;175;244916;0,22;4,9;0,38;Bronze;34;Urban;10;1
4929-BSTRX;Female;0;0;1;0;DSL;0;0;0;Month-to-month;1;Mailed check;5355;5355;4;243674;0,21;4,2;0,41;Gold;53;Urban;13;1
4163-HFTUK;Male;0;0;1;0;0;No internet service;No internet service;No internet service;One year;0;Electronic check;191;10078;302;101584;0,25;4,1;0,35;Silver;25;Urban;35;1
8215-NGSPE;Female;0;1;1;0;0;No internet service;No internet service;No internet service;Two year;0;Mailed check;200;83355;237;95169;0,19;3;0,06;Gold;35;Suburban;15;1
2225-ZRGSG;Female;0;1;1;1;Fiber optic;1;1;1;Two year;0;Bank transfer (automatic);939;657905;262;105968;0,12;3,1;0,74;Bronze;30;Urban;2;1
8859-YSTWS;Male;0;0;1;0;0;No internet service;No internet service;No internet service;One year;0;Bank transfer (automatic);1995;10045;103;217457;0,14;3,3;0,82;Gold;26;Urban;56;1
5271-YNWVR;Male;0;1;1;1;Fiber optic;1;1;1;Two year;1;Electronic check;11315;78560;234;202684;0,22;3,1;0,42;Silver;54;Suburban;21;1
7601-DHFWZ;Female;0;0;1;1;0;No internet service;No internet service;No internet service;Two year;0;Credit card (automatic);240;118305;254;195391;0,26;3,8;0,72;Silver;47;Urban;42;1
2657-ALMWY;Female;1;1;1;0;Fiber optic;0;1;0;Month-to-month;0;Electronic check;8495;216975;124;105444;0,08;3,7;0,92;Bronze;45;Urban;4;0
6330-JKLPC;Male;0;1;1;1;Fiber optic;0;1;0;Month-to-month;1;Bank transfer (automatic);805;8969;42;186081;0,01;4,3;0,92;Bronze;35;Rural;52;1
4667-OHGKG;Male;0;0;1;0;0;No internet service;No internet service;No internet service;Month-to-month;1;Mailed check;193;193;2;142497;0,28;4,1;0,07;Gold;37;Urban;1;1
1998-VHJHK;Female;0;0;1;0;0;No internet service;No internet service;No internet service;One year;0;Mailed check;1915;50135;100;85362;0,17;4,2;0,64;Bronze;53;Suburban;11;0
1707-HABPF;Female;1;0;1;0;Fiber optic;0;1;1;One year;1;Bank transfer (automatic);913;412635;178;179254;0,05;3,9;0,53;Bronze;36;Urban;44;0
1660-HSOOQ;Male;0;0;1;0;DSL;0;0;1;Month-to-month;1;Mailed check;4965;4965;5;219322;0,02;3,6;0,18;Silver;22;Urban;56;1
7253-UVNDW;Female;0;0;1;0;DSL;0;0;1;Two year;0;Credit card (automatic);5435;246015;209;148354;0,03;4,9;0,12;Silver;51;Urban;1;1
0487-VVUVK;Male;0;1;1;0;0;No internet service;No internet service;No internet service;Month-to-month;1;Mailed check;1915;4776;81;116368;0,25;3,2;0,49;Silver;34;Urban;36;1
7228-OMTPN;Male;0;0;1;0;Fiber optic;0;0;0;Month-to-month;1;Electronic check;8845;37065;16;124109;0,22;4,9;0,16;Silver;45;Suburban;54;1
5063-IUOKK;Male;0;0;1;0;0;No internet service;No internet service;No internet service;Two year;0;Mailed check;1975;26575;29;107426;0,06;3,6;0,58;Silver;53;Urban;18;0
4508-OEBEY;Male;0;1;1;0;DSL;1;1;1;One year;1;Credit card (automatic);755;242445;182;197632;0,26;4;0,65;Silver;47;Suburban;23;1
0027-KWYKW;Female;0;1;1;1;Fiber optic;0;0;0;Month-to-month;1;Electronic check;8375;184995;79;192637;0,16;3,2;0,53;Platinum;35;Urban;4;1
2308-STERM;Female;0;0;1;0;0;No internet service;No internet service;No internet service;Month-to-month;0;Mailed check;194;6105;7;119023;0,27;3,1;0,04;Silver;23;Urban;25;1
5982-XMDEX;Female;0;0;1;1;0;No internet service;No internet service;No internet service;Two year;0;Bank transfer (automatic);265;169855;222;202268;0,01;3,9;0,06;Silver;43;Suburban;27;0
6284-AHOOQ;Male;1;0;1;1;Fiber optic;0;0;0;Month-to-month;1;Bank transfer (automatic);905;19106;104;235964;0,02;4,5;0,11;Bronze;32;Urban;34;0
6051-PTVNS;Female;0;1;1;0;0;No internet service;No internet service;No internet service;One year;0;Credit card (automatic);1915;9981;255;189211;0,14;3,5;0,15;Gold;18;Urban;18;0
2344-JMOGN;Male;0;1;1;0;Fiber optic;0;1;1;Month-to-month;1;Mailed check;9485;8906;43;174897;0,08;4,1;0,99;Bronze;34;Urban;30;0
3799-ISUZQ;Male;0;1;1;0;Fiber optic;0;0;0;Month-to-month;1;Bank transfer (automatic);6995;5295;21;227079;0,21;3,6;0,34;Silver;48;Urban;18;1
2877-VDUER;Female;0;1;0;No phone service;DSL;0;0;0;One year;0;Mailed check;409;13836;114;159777;0,29;3,8;0,29;Bronze;19;Urban;42;1
9152-AMKAK;Male;0;0;1;0;DSL;1;0;1;Two year;1;Mailed check;8025;4934;15;124858;0,21;4,8;0,05;Silver;53;Suburban;43;1
1794-HBQTJ;Female;0;0;1;0;DSL;1;0;0;Month-to-month;1;Credit card (automatic);486;486;4;170042;0,27;4,7;0,64;Bronze;52;Suburban;18;1
9432-VOFYX;Male;0;0;1;0;Fiber optic;0;0;0;Month-to-month;1;Electronic check;708;12070;36;163098;0,14;4;0,65;Gold;44;Suburban;19;0
8049-WJCLQ;Male;0;1;1;0;DSL;0;0;1;Month-to-month;0;Mailed check;602;5635;43;100239;0,23;3,5;0,18;Bronze;20;Suburban;41;1
6586-PSJOX;Male;0;0;1;0;DSL;0;0;1;One year;0;Credit card (automatic);552;86455;82;224137;0,25;3,4;0,92;Silver;37;Rural;16;1
2460-FPSYH;Female;1;0;0;No phone service;DSL;1;1;0;Month-to-month;1;Electronic check;558;210935;222;190951;0,21;4,9;0,08;Gold;25;Urban;11;1
9705-ZJBCG;Female;0;1;1;0;DSL;1;0;0;One year;0;Bank transfer (automatic);5415;70105;49;121291;0,15;3,4;0,23;Bronze;46;Urban;34;1
4818-DRBQT;Male;0;1;1;1;Fiber optic;0;1;0;Month-to-month;1;Bank transfer (automatic);8015;226525;111;118805;0,19;4,6;0,49;Bronze;25;Suburban;25;0
1320-HTRDR;Female;0;0;1;1;Fiber optic;0;0;0;Month-to-month;1;Electronic check;755;2206;6;178831;0,21;3,7;0,46;Silver;44;Urban;57;1
6847-KJLTS;Female;1;1;1;1;Fiber optic;0;0;0;Month-to-month;1;Bank transfer (automatic);1004;57498;271;229515;0,08;5;0,35;Platinum;43;Urban;52;1
9670-BPNXF;Female;0;0;1;0;DSL;1;1;0;One year;1;Credit card (automatic);6255;279645;237;89290;0,24;3,7;0,82;Bronze;27;Urban;7;1
3913-FCUUW;Female;0;1;1;1;DSL;1;1;1;Two year;1;Bank transfer (automatic);7045;51657;214;211283;0,29;3,7;0,11;Bronze;47;Rural;39;1
3301-VKTGC;Male;0;1;1;1;Fiber optic;1;1;0;One year;1;Bank transfer (automatic);855;56966;250;163634;0,14;4,3;0,42;Silver;50;Rural;24;0
1493-AMTIE;Male;0;0;1;0;0;No internet service;No internet service;No internet service;Month-to-month;1;Bank transfer (automatic);202;202;5;99072;0,21;4,9;0,43;Bronze;53;Suburban;24;1
9555-SAHUZ;Female;0;1;1;0;DSL;1;1;0;Month-to-month;0;Electronic check;545;207605;209;123290;0,22;5;0,47;Silver;37;Urban;44;1
0816-TSPHQ;Male;0;0;1;0;0;No internet service;No internet service;No internet service;Month-to-month;0;Mailed check;2075;442;5;165186;0,02;4,4;0,86;Gold;21;Urban;21;0
9932-WBWIK;Male;0;0;1;0;0;No internet service;No internet service;No internet service;Month-to-month;0;Mailed check;2035;21525;46;95115;0,16;4,5;0,22;Bronze;40;Urban;12;0
4619-EVPHY;Female;1;1;1;0;Fiber optic;0;0;0;One year;1;Bank transfer (automatic);910;18595;55;85149;0,26;4,1;0,01;Gold;46;Suburban;41;1
5286-YHCVC;Male;0;1;1;1;Fiber optic;0;1;1;Two year;1;Bank transfer (automatic);1048;74701;173;121992;0,13;4,5;0,62;Silver;49;Suburban;14;0
6424-ELEYH;Female;0;1;1;1;Fiber optic;0;0;0;Month-to-month;1;Credit card (automatic);7475;2295;16;97716;0,02;4,7;0,17;Platinum;54;Suburban;22;0
4391-RESHN;Male;0;0;1;1;Fiber optic;0;0;1;Month-to-month;1;Mailed check;10405;24701;121;177724;0,25;4;0,07;Platinum;54;Urban;27;1
9115-YQHGA;Male;0;0;1;0;DSL;0;0;0;Month-to-month;1;Electronic check;511;20929;201;93621;0,02;4,2;0,43;Silver;43;Urban;47;1
4462-CYWMH;Male;1;1;1;1;Fiber optic;0;1;0;Month-to-month;1;Bank transfer (automatic);898;562955;136;217892;0,25;4,1;0,22;Silver;22;Urban;12;1
8963-MQVYN;Female;0;0;1;0;0;No internet service;No internet service;No internet service;Month-to-month;1;Electronic check;2055;46985;118;193065;0,04;4,1;0,36;Gold;41;Urban;31;0
2458-EOMRE;Female;0;0;1;0;DSL;1;0;1;Month-to-month;0;Bank transfer (automatic);6405;73395;41;110399;0,01;4,8;0,26;Bronze;19;Urban;10;0
9334-GWGOW;Male;1;1;1;1;Fiber optic;0;0;0;Month-to-month;1;Electronic check;7485;48525;23;199374;0,28;3,7;0,09;Bronze;32;Urban;43;1
6821-BUXUX;Female;0;0;1;1;Fiber optic;1;1;0;Month-to-month;1;Electronic check;9665;12445;54;225074;0,04;3,4;0,56;Platinum;25;Rural;13;1
5028-HTLJB;Male;1;0;1;0;0;No internet service;No internet service;No internet service;Month-to-month;0;Mailed check;2005;2005;2;123098;0,24;3,9;0,03;Silver;54;Suburban;51;1
9801-GDWGV;Female;0;0;1;1;Fiber optic;0;1;1;Month-to-month;1;Electronic check;10345;399445;196;125511;0,25;3,4;0,97;Bronze;54;Suburban;34;1
6542-LWGXJ;Male;0;1;0;No phone service;DSL;0;0;0;Month-to-month;0;Mailed check;250;7825;12;133243;0,21;4;0,34;Gold;31;Urban;46;1
5567-GZKQY;Male;0;0;1;0;0;No internet service;No internet service;No internet service;Two year;0;Credit card (automatic);203;11315;159;195131;0,04;4,8;0,07;Silver;22;Urban;42;0
1222-LRYKO;Male;0;0;1;1;0;No internet service;No internet service;No internet service;Month-to-month;0;Mailed check;2635;18405;16;108750;0,02;4,2;0,81;Bronze;26;Urban;34;0
2320-JRSDE;Female;0;1;1;0;0;No internet service;No internet service;No internet service;Month-to-month;1;Electronic check;199;199;2;228382;0,27;4,7;0,28;Bronze;39;Urban;49;1
2087-QAREY;Female;0;1;1;0;DSL;0;1;1;Month-to-month;1;Mailed check;547;117875;49;135398;0,13;3,3;0,75;Bronze;47;Suburban;39;1
0601-WZHJF;Male;0;1;0;No phone service;DSL;0;0;0;Month-to-month;0;Electronic check;4635;6677;60;124345;0,12;4,8;0,83;Platinum;50;Urban;22;0
4423-JWZJN;Male;0;1;1;1;Fiber optic;0;0;1;One year;0;Credit card (automatic);9025;562915;343;173430;0,13;4,2;0,24;Platinum;54;Urban;39;0
5143-WMWOG;Male;0;0;1;0;0;No internet service;No internet service;No internet service;Month-to-month;0;Electronic check;1995;1995;2;194921;0,02;3,1;0,99;Bronze;24;Urban;12;1
6490-FGZAT;Male;0;0;1;0;0;No internet service;No internet service;No internet service;Month-to-month;0;Mailed check;2065;1093;13;171729;0,27;4,3;0,02;Gold;20;Suburban;5;1
5393-RXQSZ;Male;0;0;1;0;Fiber optic;0;0;0;Month-to-month;0;Electronic check;796;796;4;131843;0,26;4,9;0,22;Silver;49;Suburban;28;1
7452-FOLON;Male;0;0;1;1;0;No internet service;No internet service;No internet service;One year;0;Bank transfer (automatic);2545;95845;205;221294;0,03;3,2;0,78;Silver;53;Suburban;41;1
2320-TZRRH;Female;0;0;1;0;0;No internet service;No internet service;No internet service;One year;0;Mailed check;195;40315;66;242581;0,18;4,2;0,19;Bronze;36;Urban;14;0
0231-LXVAP;Male;0;0;1;0;Fiber optic;0;0;0;Month-to-month;1;Electronic check;759;759;3;211458;0,23;4,8;0,07;Silver;48;Urban;59;1
9444-JTXHZ;Male;0;1;1;0;Fiber optic;0;0;1;Month-to-month;0;Electronic check;762;762;4;144334;0,06;3;0,86;Bronze;47;Suburban;57;1
4942-VZZOM;Male;0;1;1;1;DSL;1;0;0;One year;1;Credit card (automatic);6615;43925;198;147170;0,02;4,3;0,96;Bronze;54;Urban;4;0
5510-BOIUJ;Male;0;0;1;0;0;No internet service;No internet service;No internet service;Month-to-month;0;Mailed check;1925;1925;2;120878;0,19;3,9;0,47;Bronze;42;Urban;32;1
7502-BNYGS;Female;0;1;1;0;DSL;0;1;0;Month-to-month;1;Credit card (automatic);691;31680;227;249421;0,27;3,7;0,97;Bronze;30;Urban;39;1
4291-HYEBC;Female;1;1;0;No phone service;DSL;0;1;0;One year;1;Electronic check;391;10966;126;233024;0,25;4,3;0,41;Platinum;29;Urban;1;1
6147-CBCRA;Female;0;1;1;0;0;No internet service;No internet service;No internet service;Month-to-month;0;Mailed check;2005;66945;142;170352;0,28;3,1;0,22;Platinum;26;Urban;32;1
6047-SUHPR;Male;0;1;1;0;DSL;1;1;1;One year;0;Electronic check;598;234385;193;232601;0,26;4,5;0,51;Gold;26;Suburban;24;1
4471-KXAUH;Female;0;1;1;1;Fiber optic;0;0;1;Month-to-month;1;Electronic check;843;35884;197;98383;0,26;3;0,65;Bronze;44;Urban;58;1
9752-ZNQUT;Female;0;0;1;0;DSL;0;1;0;Month-to-month;1;Electronic check;486;486;2;215973;0,02;3,6;0,46;Silver;48;Suburban;26;1
7638-QVMVY;Female;0;0;1;0;Fiber optic;0;0;0;Month-to-month;1;Electronic check;790;52295;23;122889;0,25;4;0,57;Silver;23;Suburban;55;1
1576-PFZIW;Male;1;1;1;0;Fiber optic;1;1;1;Two year;0;Credit card (automatic);10535;75119;175;94633;0,18;3,8;0,42;Bronze;46;Urban;58;1
5666-MBJPT;Male;0;0;1;1;0;No internet service;No internet service;No internet service;Two year;1;Bank transfer (automatic);251;17250;163;142244;0,11;3,6;0,52;Bronze;47;Urban;47;1
7312-XSBAT;Male;0;0;1;0;DSL;1;0;0;Month-to-month;0;Electronic check;4975;4975;4;209177;0,02;4,7;0,95;Silver;28;Urban;24;1
3096-GKWEB;Male;0;1;1;1;Fiber optic;0;0;0;Month-to-month;1;Electronic check;9475;16919;97;230235;0,02;4,9;0,05;Bronze;23;Suburban;4;0
2371-JQHZZ;Male;0;1;1;1;Fiber optic;0;0;0;Month-to-month;1;Electronic check;930;224805;140;221779;0,01;4,7;0,25;Gold;48;Urban;50;1
0674-GCDXG;Male;0;0;1;1;DSL;1;0;1;Two year;1;Bank transfer (automatic);719;44792;284;163597;0,14;4;0,76;Silver;52;Suburban;42;0
1121-QSIVB;Female;0;0;1;1;DSL;0;1;0;One year;1;Mailed check;7755;34711;120;95115;0,02;4,8;0,34;Bronze;29;Suburban;39;0
4396-KLSEH;Male;0;0;1;0;0;No internet service;No internet service;No internet service;Month-to-month;1;Electronic check;1985;630;9;155379;0,27;4,8;0,82;Silver;23;Rural;3;1
3244-DCJWY;Female;0;0;1;0;Fiber optic;0;0;0;Month-to-month;1;Electronic check;7025;7025;5;119979;0,25;3,8;0,06;Bronze;43;Suburban;13;1
2824-MYYBN;Female;0;1;1;1;Fiber optic;0;0;0;Month-to-month;1;Electronic check;9525;331415;159;149377;0,14;3,6;0,33;Bronze;54;Urban;16;0
0875-CABNR;Female;1;0;1;0;Fiber optic;0;0;1;Month-to-month;1;Credit card (automatic);846;86555;44;86416;0,12;3,2;0,09;Bronze;49;Urban;40;1
6345-HOVES;Male;0;0;0;No phone service;DSL;0;0;0;Month-to-month;1;Bank transfer (automatic);2505;8527;174;221705;0,07;4;0,09;Gold;21;Urban;26;0
8318-LCNBW;Male;0;1;0;No phone service;DSL;1;0;1;One year;0;Credit card (automatic);5315;19309;168;208785;0,11;4,9;0,66;Bronze;20;Urban;35;0
6469-QJKZW;Female;0;1;1;0;0;No internet service;No internet service;No internet service;Month-to-month;0;Electronic check;2015;914;21;211666;0,03;4,1;0,39;Silver;19;Suburban;59;1
0147-ESWWR;Female;1;1;1;1;Fiber optic;0;0;0;Month-to-month;1;Electronic check;10125;394915;86;225465;0,29;4,3;0,87;Bronze;37;Rural;33;1
1217-VASWC;Male;1;1;1;0;Fiber optic;0;1;1;One year;1;Bank transfer (automatic);10055;43040;214;246452;0,17;3,2;0,52;Bronze;36;Rural;9;1
7812-FZHPE;Female;0;1;1;1;0;No internet service;No internet service;No internet service;Month-to-month;0;Mailed check;241;4099;91;210364;0,04;3,3;0,03;Bronze;29;Urban;50;1
6370-ZVHDV;Female;0;1;1;1;0;No internet service;No internet service;No internet service;Two year;0;Bank transfer (automatic);253;15549;191;177507;0,11;3,9;0,72;Silver;53;Urban;21;0
5915-DGNVC;Female;0;1;1;1;DSL;1;1;1;One year;0;Electronic check;718;347205;223;198243;0,16;4,9;0,62;Silver;45;Urban;40;0
6260-XLACS;Male;0;0;1;0;0;No internet service;No internet service;No internet service;One year;0;Mailed check;197;1178;13;215933;0,16;3,7;0,08;Gold;26;Urban;21;0
3566-CAAYU;Female;0;1;0;No phone service;DSL;0;1;1;Two year;0;Electronic check;4985;321035;373;183070;0,01;4,8;0,64;Bronze;28;Urban;27;0
4983-CCWMC;Male;0;0;1;0;Fiber optic;0;0;0;Month-to-month;1;Mailed check;696;2074;6;116126;0,29;3,2;0,17;Bronze;47;Suburban;47;1
9103-CXVOK;Male;0;1;1;0;0;No internet service;No internet service;No internet service;Month-to-month;0;Electronic check;1975;1975;4;160382;0,08;4,2;0,67;Silver;19;Suburban;59;1
2896-TBNBE;Male;0;1;1;0;Fiber optic;0;1;1;One year;0;Electronic check;808;313275;106;244754;0;4,2;0,39;Bronze;50;Suburban;19;0
4797-AXPXK;Female;0;0;1;0;DSL;1;1;0;Month-to-month;1;Electronic check;600;600;4;98228;0,02;4,7;0,46;Bronze;24;Urban;48;1
5229-PRWKT;Male;0;0;1;1;Fiber optic;0;0;0;Month-to-month;1;Electronic check;8655;64965;21;104009;0,17;3;0,92;Bronze;38;Urban;1;1
6982-UQZLY;Female;1;1;1;0;0;No internet service;No internet service;No internet service;Month-to-month;1;Mailed check;2085;2085;2;80094;0,04;3,4;0,36;Gold;29;Suburban;22;1
2522-WLNSF;Female;1;1;1;0;DSL;0;0;1;One year;0;Bank transfer (automatic);642;21063;135;160636;0,01;3,4;0,61;Silver;38;Urban;50;1
3841-CONLJ;Female;0;1;0;No phone service;DSL;0;0;0;Month-to-month;0;Electronic check;350;350;5;178453;0,11;4,9;0,36;Bronze;40;Suburban;33;0
5057-LCOUI;Female;0;0;0;No phone service;DSL;0;0;1;Month-to-month;1;Electronic check;5075;20114;111;228502;0,19;3,3;0,09;Silver;23;Urban;47;1
0193-ESZXP;Female;1;1;1;0;Fiber optic;1;1;0;One year;1;Credit card (automatic);1055;62055;149;246643;0,03;3,1;0,45;Gold;31;Suburban;15;1
4475-NVTLU;Male;0;1;1;0;0;No internet service;No internet service;No internet service;Two year;0;Electronic check;192;9037;226;134486;0,09;4,1;0,06;Bronze;49;Suburban;27;0
4369-HTUIF;Male;1;0;1;0;Fiber optic;1;0;0;Month-to-month;1;Bank transfer (automatic);8515;5036;24;170510;0,13;4,1;0,41;Bronze;30;Urban;53;1
9386-LDCZR;Male;0;0;1;0;Fiber optic;1;1;1;One year;1;Credit card (automatic);9065;38823;242;100860;0,05;4,7;0,39;Silver;44;Suburban;13;0
9585-KKMFD;Male;0;1;1;0;0;No internet service;No internet service;No internet service;Two year;1;Mailed check;200;8798;106;152812;0,15;4,9;0,82;Silver;28;Urban;51;1
5399-ZIMKF;Male;0;0;1;0;Fiber optic;0;1;0;Month-to-month;1;Electronic check;7465;38365;22;146087;0,03;4,1;0,03;Bronze;49;Urban;0;0
0336-KXKFK;Male;0;0;0;No phone service;DSL;1;0;1;Two year;1;Credit card (automatic);612;439025;211;219558;0,01;4,9;0,03;Silver;20;Suburban;40;0
5619-XZZKR;Male;0;0;1;0;0;No internet service;No internet service;No internet service;One year;0;Mailed check;1995;682;10;129607;0,16;4,5;0,81;Silver;19;Suburban;14;0
3948-FVVRP;Male;0;1;1;0;DSL;0;1;0;Month-to-month;0;Mailed check;548;4528;42;220817;0,07;3,5;0,92;Gold;47;Rural;14;0
5327-XOKKY;Male;1;1;1;1;DSL;0;0;1;Two year;1;Credit card (automatic);7345;53290;314;186664;0,03;4,9;0,41;Bronze;19;Urban;24;0
0983-TATYJ;Female;0;1;1;0;DSL;0;0;0;One year;1;Mailed check;5145;17589;165;98330;0,13;4,3;0,89;Bronze;46;Urban;42;0
1813-JYWTO;Female;0;1;1;1;Fiber optic;1;0;0;Two year;0;Bank transfer (automatic);8045;57376;233;200803;0,27;3,8;0,02;Silver;39;Suburban;4;1
0156-FVPTA;Male;0;1;1;0;DSL;1;0;0;Month-to-month;1;Electronic check;542;11527;83;123336;0,22;4,4;0,22;Silver;42;Urban;7;1
1984-FCOWB;Female;0;1;1;1;Fiber optic;0;1;1;One year;1;Electronic check;1095;767455;253;88070;0,24;3,8;0,85;Bronze;36;Suburban;21;1
0654-HMSHN;Male;0;1;1;1;Fiber optic;0;1;1;Month-to-month;0;Electronic check;1044;215795;124;81320;0,26;3,2;0,09;Gold;33;Urban;38;1
6719-OXYBR;Male;0;0;1;0;Fiber optic;0;0;1;Month-to-month;0;Electronic check;853;121985;47;169043;0,29;4,4;0,22;Silver;34;Suburban;37;1
3312-ZWLGF;Male;1;1;1;1;Fiber optic;0;0;0;Month-to-month;1;Electronic check;793;241455;92;118921;0,23;4,6;0,06;Gold;44;Suburban;38;1
6476-YHMGA;Female;0;1;1;0;DSL;0;1;1;Month-to-month;0;Bank transfer (automatic);765;11556;51;86589;0,18;4,5;0,09;Bronze;36;Suburban;50;1
5287-QWLKY;Male;1;1;1;1;Fiber optic;1;1;0;Month-to-month;1;Credit card (automatic);1051;75481;302;172995;0,11;3,5;0,26;Gold;47;Suburban;45;0
0795-XCCTE;Male;1;0;1;1;0;No internet service;No internet service;No internet service;Two year;0;Bank transfer (automatic);254;180935;216;95589;0,05;4,9;0,76;Silver;31;Urban;42;0
0168-XZKBB;Female;0;1;1;1;Fiber optic;0;0;0;Month-to-month;1;Electronic check;8685;15644;107;116375;0,21;3,1;0,51;Bronze;49;Urban;50;1
3785-NRHYR;Male;0;0;1;0;0;No internet service;No internet service;No internet service;Month-to-month;0;Mailed check;1965;1965;3;123085;0,03;3,7;0,46;Bronze;40;Urban;57;1
5196-SGOAK;Female;0;0;1;0;Fiber optic;0;1;0;Month-to-month;1;Electronic check;757;757;5;140840;0,14;3,5;0,58;Bronze;53;Urban;13;0
4537-DKTAL;Female;0;0;1;0;DSL;0;0;0;Month-to-month;0;Electronic check;4555;844;4;178704;0,22;3,1;0,89;Silver;27;Urban;18;1
7072-MBHEV;Female;1;1;1;1;Fiber optic;0;0;1;Month-to-month;1;Credit card (automatic);781;86485;50;237804;0,15;3,8;0,09;Bronze;46;Rural;25;0
5602-BVFMK;Female;0;0;1;0;0;No internet service;No internet service;No internet service;One year;0;Mailed check;193;22875;67;177047;0,13;4,2;0,69;Platinum;28;Urban;37;0
6297-NOOPG;Female;0;1;1;1;Fiber optic;0;1;1;Two year;1;Electronic check;1105;775205;187;233498;0,12;4,8;0,93;Gold;32;Suburban;32;0
1891-UAWWU;Female;1;1;1;1;Fiber optic;0;0;1;Month-to-month;0;Electronic check;908;19510;117;110982;0,15;5;0,21;Gold;49;Rural;45;0
8204-TIFGJ;Female;0;0;1;0;0;No internet service;No internet service;No internet service;Month-to-month;1;Bank transfer (automatic);203;4706;87;139720;0,11;4,6;0,84;Silver;44;Urban;11;0
8050-DVOJX;Male;1;0;1;1;DSL;1;1;1;Two year;0;Credit card (automatic);8135;40609;283;227818;0,22;3,9;0,07;Gold;18;Urban;28;1
6108-OQZDQ;Female;0;1;1;1;Fiber optic;0;1;0;Month-to-month;1;Electronic check;9795;3845;18;108514;0,26;4,4;0,01;Bronze;31;Urban;11;1
0363-QJVFX;Male;0;0;1;1;Fiber optic;1;1;0;Month-to-month;1;Credit card (automatic);10815;34329;102;214923;0,26;4,7;0,23;Silver;20;Suburban;28;1
8903-XEBGX;Male;0;0;1;0;DSL;0;0;0;Month-to-month;1;Electronic check;553;10865;5;230868;0,07;3,9;0,61;Bronze;47;Urban;40;0
8169-SAEJD;Male;1;1;0;No phone service;DSL;1;1;0;Two year;0;Credit card (automatic);5655;395265;221;156034;0,27;4,6;0,05;Bronze;48;Suburban;40;1
9840-DVNDC;Male;0;0;1;0;Fiber optic;0;0;0;Month-to-month;1;Credit card (automatic);805;46305;14;178388;0,01;4;0,53;Bronze;18;Urban;45;0
1089-XZWHH;Female;0;1;1;0;0;No internet service;No internet service;No internet service;Two year;1;Mailed check;197;49405;61;245664;0,09;3,8;0,23;Silver;31;Urban;19;0
2325-WINES;Female;0;0;1;1;Fiber optic;0;1;1;One year;1;Credit card (automatic);10405;341685;77;124845;0,22;4,1;0,68;Bronze;53;Urban;33;1
6064-ZATLR;Female;0;0;1;0;DSL;1;1;0;Two year;0;Bank transfer (automatic);5285;149865;99;227002;0,09;4,4;0,27;Gold;53;Urban;45;0
3096-JRDSO;Female;1;1;1;1;Fiber optic;1;0;0;Month-to-month;1;Bank transfer (automatic);1043;286775;139;190853;0,02;4,5;0,39;Platinum;32;Suburban;54;1
7824-PANSQ;Male;0;0;1;1;Fiber optic;0;0;0;Month-to-month;0;Bank transfer (automatic);8065;480735;148;188417;0,11;3,7;0,37;Bronze;42;Rural;29;0
8042-JVNFH;Male;0;0;1;0;Fiber optic;0;0;0;Month-to-month;1;Mailed check;7135;7135;2;193436;0,22;4,1;0,67;Silver;31;Suburban;28;1
9648-BCHKM;Female;0;1;1;1;0;No internet service;No internet service;No internet service;Two year;1;Credit card (automatic);2465;47135;82;101159;0,01;4,8;0,09;Gold;41;Urban;38;0
2888-ADFAO;Female;0;1;1;0;0;No internet service;No internet service;No internet service;Two year;1;Bank transfer (automatic);213;10418;131;169788;0,19;5;0,21;Bronze;19;Suburban;46;1
8707-HOEDG;Female;0;1;1;1;Fiber optic;0;1;1;Two year;1;Electronic check;1102;76898;167;104003;0,02;3,5;0,02;Platinum;51;Urban;53;1
3374-LXDEV;Female;0;0;1;1;Fiber optic;0;1;1;Month-to-month;0;Electronic check;894;113235;34;185722;0,22;3,4;0,11;Gold;40;Urban;39;1
4072-IPYLT;Female;0;1;1;0;DSL;1;0;0;Month-to-month;0;Credit card (automatic);5105;18150;205;115139;0,27;4,4;0,21;Bronze;25;Urban;50;1
7167-PCEYD;Male;0;0;1;0;0;No internet service;No internet service;No internet service;Two year;1;Mailed check;198;13113;354;132452;0,13;3,8;0,61;Bronze;22;Urban;1;0
4936-YPJNK;Female;0;0;1;0;0;No internet service;No internet service;No internet service;Month-to-month;1;Mailed check;199;19945;34;102205;0,05;3;0,73;Platinum;46;Urban;25;1
1580-BMCMR;Male;1;0;1;0;Fiber optic;1;0;0;Month-to-month;1;Electronic check;873;16373;87;136955;0,01;3,7;0,66;Platinum;50;Urban;0;0
4817-KEQSP;Female;0;1;1;0;0;No internet service;No internet service;No internet service;Two year;0;Bank transfer (automatic);1985;132635;294;87464;0,13;4,6;0,48;Silver;37;Rural;27;0
6408-WHTEF;Male;0;1;1;1;DSL;1;1;1;Two year;1;Mailed check;894;637655;339;89840;0,21;4,6;0,05;Bronze;33;Suburban;50;1
9251-AWQGT;Female;0;1;1;0;0;No internet service;No internet service;No internet service;Two year;0;Mailed check;200;9359;227;120768;0;4;0,96;Silver;54;Urban;55;1
8749-CLJXC;Male;0;0;1;0;0;No internet service;No internet service;No internet service;Month-to-month;0;Mailed check;2005;2005;4;220533;0,09;3,9;0,17;Bronze;54;Rural;59;1
7989-VCQOH;Male;0;1;1;0;DSL;1;0;1;Month-to-month;0;Electronic check;8325;161115;55;100927;0,23;4,2;0,67;Platinum;41;Rural;7;1
5049-GLYVG;Male;0;0;1;0;0;No internet service;No internet service;No internet service;Month-to-month;0;Mailed check;206;206;2;178622;0,02;3,4;0,91;Gold;46;Suburban;30;1
4199-QHJNM;Male;1;1;1;1;Fiber optic;0;1;0;Two year;0;Bank transfer (automatic);1029;69897;256;95329;0,22;4,1;0,07;Silver;52;Suburban;38;1
8882-TLVRW;Male;0;1;0;No phone service;DSL;1;0;1;Two year;0;Mailed check;391;27795;383;95791;0,24;3;0,22;Bronze;26;Urban;59;1
5883-GTGVD;Male;0;0;1;1;Fiber optic;0;1;0;Month-to-month;1;Electronic check;9995;193175;81;132627;0,23;4;0,32;Gold;39;Urban;49;1
5135-GRQJV;Male;1;1;1;1;Fiber optic;1;1;1;Two year;1;Mailed check;1145;833195;383;208885;0,02;3,7;0,03;Bronze;37;Urban;18;0
2384-OVPSA;Female;1;0;1;0;0;No internet service;No internet service;No internet service;Two year;0;Mailed check;202;7359;226;225444;0,13;4,3;0,61;Bronze;21;Rural;12;0
1371-WEPDS;Male;1;1;1;0;DSL;0;0;0;One year;0;Electronic check;558;22833;106;189554;0,03;4,3;0,61;Silver;53;Suburban;15;1
3580-GICBM;Female;0;1;1;1;0;No internet service;No internet service;No internet service;Two year;1;Mailed check;242;14452;290;210436;0,17;3,8;0,73;Silver;29;Urban;22;0
4817-QRJSX;Female;0;0;1;1;Fiber optic;0;1;0;Month-to-month;1;Credit card (automatic);810;81805;46;167073;0,06;3;0,01;Gold;40;Suburban;10;1
9730-DRTMJ;Male;0;1;1;1;DSL;1;0;0;One year;1;Credit card (automatic);728;233305;189;114370;0,09;3,5;0,82;Gold;25;Urban;23;0
4686-UXDML;Female;0;0;1;1;Fiber optic;0;1;0;Month-to-month;1;Credit card (automatic);9985;199255;124;131408;0,21;4,3;0,74;Bronze;27;Suburban;56;1
3349-ANQNH;Female;1;0;1;1;Fiber optic;0;0;1;One year;1;Electronic check;995;58900;280;170941;0,28;3,1;0,14;Silver;40;Urban;53;1
2398-YPMUR;Female;1;1;1;0;Fiber optic;0;0;0;Month-to-month;1;Electronic check;7015;91675;38;234775;0,05;3,2;0,35;Silver;46;Suburban;9;1
0932-YIXYU;Female;0;0;1;0;0;No internet service;No internet service;No internet service;Two year;0;Credit card (automatic);2025;10298;244;226306;0,02;4,3;0,64;Bronze;49;Urban;50;1
7480-SPLEF;Male;0;1;1;1;0;No internet service;No internet service;No internet service;Two year;1;Bank transfer (automatic);260;179655;167;218604;0,26;4,5;0,05;Gold;31;Urban;56;1
7636-XUHWW;Male;0;0;1;0;0;No internet service;No internet service;No internet service;Month-to-month;1;Credit card (automatic);199;337;10;115416;0,27;3,6;0,12;Silver;33;Suburban;4;1
1431-CYWMH;Female;0;1;1;0;0;No internet service;No internet service;No internet service;Month-to-month;0;Bank transfer (automatic);1905;45405;124;152439;0,08;4;0,09;Platinum;34;Urban;11;0
5937-EORGB;Male;1;1;1;1;Fiber optic;1;0;1;Month-to-month;1;Electronic check;965;139225;52;98242;0,11;4,9;0,78;Silver;37;Suburban;35;0
6349-JDHQP;Female;0;0;1;0;0;No internet service;No internet service;No internet service;Two year;0;Credit card (automatic);1985;10496;239;159324;0,02;4,9;0,16;Bronze;29;Urban;56;1
5539-HIVAK;Female;1;1;1;1;0;No internet service;No internet service;No internet service;Month-to-month;0;Mailed check;257;7346;104;115249;0,01;3,6;0,17;Bronze;26;Rural;25;0
5847-MXBEO;Male;0;0;1;0;0;No internet service;No internet service;No internet service;One year;0;Mailed check;203;4751;82;180124;0,26;4,6;0,83;Bronze;25;Suburban;27;1
9985-MWVIX;Female;0;0;1;0;Fiber optic;0;0;0;Month-to-month;1;Mailed check;7015;7015;3;175049;0,03;4,2;0,61;Bronze;54;Urban;15;1
4583-PARNH;Male;1;1;1;0;Fiber optic;0;0;1;Month-to-month;1;Electronic check;9155;154005;80;165078;0,01;5;0,06;Silver;38;Suburban;1;0
1116-FRYVH;Female;0;1;0;No phone service;DSL;1;1;0;Two year;0;Mailed check;394;197865;275;112294;0,06;4;0,48;Bronze;49;Urban;25;0
1421-HCERK;Male;1;1;1;1;Fiber optic;1;1;1;Month-to-month;1;Bank transfer (automatic);1057;31818;172;214756;0,09;4,5;0,57;Platinum;54;Suburban;3;0
9633-XQABV;Female;0;0;1;0;Fiber optic;0;0;0;Month-to-month;1;Electronic check;7025;2297;8;234867;0,03;4,5;0,06;Bronze;35;Urban;28;0
0716-BQNDX;Male;1;0;1;1;Fiber optic;1;0;0;Two year;0;Electronic check;9375;562555;313;221503;0,02;4;0,97;Silver;46;Urban;15;0
1265-XTECC;Female;1;1;1;1;Fiber optic;1;1;0;One year;1;Credit card (automatic);9655;65819;336;169627;0,23;4,6;0,22;Bronze;24;Rural;21;1
1183-CANVH;Female;0;1;1;0;DSL;0;0;0;One year;0;Bank transfer (automatic);600;134715;69;170381;0,05;3,5;0,21;Silver;54;Urban;42;0
1972-XMUWV;Female;0;1;1;0;DSL;0;0;0;Two year;1;Credit card (automatic);598;38082;147;170027;0,27;3,2;0,06;Bronze;23;Urban;5;1
8679-LZBMD;Male;0;1;1;0;Fiber optic;0;0;0;One year;1;Bank transfer (automatic);9065;397415;135;150366;0,11;3,9;0,66;Bronze;37;Urban;27;0
3407-JMJQQ;Female;0;1;1;1;Fiber optic;1;1;1;Two year;1;Bank transfer (automatic);1090;76618;401;174176;0,02;4,9;0,55;Silver;26;Suburban;10;0
6252-DFGTK;Female;0;1;1;1;DSL;1;0;1;One year;0;Credit card (automatic);681;247925;167;199667;0,07;4;0,11;Silver;26;Urban;41;0
1539-LNKHM;Female;0;0;1;0;0;No internet service;No internet service;No internet service;Month-to-month;0;Mailed check;204;2666;58;152870;0,07;4,3;0,36;Silver;25;Urban;46;1
8645-KOMJQ;Male;0;1;1;1;DSL;0;1;1;Two year;1;Bank transfer (automatic);8195;56014;208;127387;0,17;4,2;0,18;Silver;34;Urban;20;0
0289-IVARM;Female;0;0;1;0;DSL;1;1;1;Month-to-month;0;Electronic check;6055;19826;170;89304;0,17;3,3;0,33;Gold;41;Urban;25;1
9761-XUJWD;Male;0;0;1;0;DSL;0;1;0;Month-to-month;1;Bank transfer (automatic);656;3399;10;97032;0,23;3,8;0,95;Gold;40;Rural;38;1
4057-FKCZK;Male;0;1;1;1;Fiber optic;0;0;0;Two year;0;Bank transfer (automatic);825;482805;203;171291;0,23;4,4;0,68;Gold;50;Rural;52;1
4291-TPNFG;Male;0;1;1;1;DSL;1;1;1;Two year;1;Bank transfer (automatic);823;598055;324;192889;0,02;4,9;0,01;Bronze;39;Suburban;46;1
6087-YPWHO;Male;0;1;1;1;DSL;1;1;1;Two year;0;Mailed check;6815;48087;186;139486;0,13;3,3;0,25;Platinum;39;Urban;21;1
3090-QFUVD;Female;0;0;1;0;0;No internet service;No internet service;No internet service;Month-to-month;0;Credit card (automatic);203;203;5;145552;0,27;3,8;0,01;Platinum;44;Urban;29;1
2237-ZFSMY;Female;0;0;1;0;Fiber optic;1;0;1;One year;1;Electronic check;9555;369285;114;240726;0,19;3,2;0,71;Gold;19;Suburban;29;1
1722-LDZJS;Male;0;1;1;0;0;No internet service;No internet service;No internet service;One year;0;Credit card (automatic);202;106815;244;119244;0,03;3,5;0,47;Silver;48;Rural;32;1
1818-ESQMW;Female;0;0;1;0;Fiber optic;0;0;1;Month-to-month;1;Electronic check;892;23836;97;217014;0,25;3,8;0,99;Bronze;30;Suburban;39;1
4871-JTKJF;Female;1;0;1;0;Fiber optic;0;0;0;Month-to-month;1;Electronic check;6965;6965;4;130697;0,01;4,1;0,73;Gold;19;Urban;29;1
1415-YFWLT;Female;1;0;1;0;Fiber optic;0;0;0;Month-to-month;1;Electronic check;893;893;2;206031;0,01;3,5;0,52;Gold;24;Suburban;36;1
7401-RUBNK;Female;0;1;1;0;Fiber optic;1;0;0;Month-to-month;0;Electronic check;748;143805;37;82693;0,17;3,5;0,08;Silver;28;Urban;52;1
0506-YLVKJ;Male;0;1;1;0;0;No internet service;No internet service;No internet service;Two year;1;Mailed check;202;91745;259;161098;0,22;4,6;0,07;Silver;43;Suburban;29;1
8661-BOYNW;Female;0;1;1;1;DSL;1;0;1;Two year;1;Credit card (automatic);844;609645;221;86259;0,17;4,9;0,24;Bronze;38;Rural;25;0
6711-VTNRE;Female;0;0;1;0;Fiber optic;0;0;1;Month-to-month;1;Electronic check;8755;30781;190;199746;0,24;3,6;0,53;Bronze;32;Rural;5;1
4815-GBTCD;Female;0;1;0;No phone service;DSL;0;0;0;Month-to-month;1;Electronic check;2515;9995;23;187772;0,08;4,4;0,56;Gold;33;Urban;53;1
2805-AUFQN;Female;0;0;1;0;0;No internet service;No internet service;No internet service;Two year;0;Credit card (automatic);198;4752;71;197928;0,06;3,5;0,45;Bronze;26;Urban;55;1
0980-PVMRC;Female;0;1;0;No phone service;DSL;0;1;0;Month-to-month;1;Electronic check;5085;203655;122;216014;0,02;4,9;0,18;Silver;38;Urban;3;0
7233-DRTRF;Male;0;1;1;1;Fiber optic;0;1;1;Month-to-month;1;Electronic check;1024;644405;293;127419;0,17;4,3;0,22;Gold;23;Urban;14;0
3500-RMZLT;Female;1;0;1;0;Fiber optic;1;0;1;Month-to-month;1;Mailed check;963;142675;87;182092;0,21;4,6;0,28;Bronze;18;Urban;35;1
3873-NFTGI;Male;0;0;1;1;DSL;0;1;0;Month-to-month;1;Credit card (automatic);555;76755;79;136105;0,01;3,1;0,01;Bronze;48;Suburban;2;1
1162-ECVII;Male;1;1;1;1;Fiber optic;0;1;1;Two year;1;Bank transfer (automatic);10975;79325;288;238455;0,18;4,2;0,92;Gold;22;Urban;56;1
7048-GXDAY;Male;0;0;1;1;Fiber optic;1;1;0;Month-to-month;1;Electronic check;1064;404065;202;103404;0,02;4,1;0,69;Bronze;54;Urban;15;0
8571-ZCMCX;Female;0;1;0;No phone service;DSL;1;1;1;Two year;1;Credit card (automatic);600;276865;119;152656;0,03;3,6;0,69;Bronze;43;Urban;15;0
1169-WCVAK;Male;0;1;1;1;Fiber optic;1;1;0;Month-to-month;1;Credit card (automatic);888;167235;112;216774;0,21;3,5;0,57;Gold;18;Rural;39;1
4548-SDBKE;Female;0;0;1;1;Fiber optic;0;0;0;Month-to-month;1;Electronic check;852;4748;29;180965;0,11;4,2;0,69;Gold;18;Suburban;52;1
8066-POXGX;Female;0;0;0;No phone service;DSL;0;0;0;Month-to-month;1;Electronic check;351;4461;34;136332;0,02;4,4;0,98;Gold;46;Suburban;26;0
7129-CAKJW;Female;0;0;1;1;Fiber optic;0;0;1;Month-to-month;0;Bank transfer (automatic);8005;134565;54;183182;0,25;3,1;0,39;Silver;39;Urban;55;1
8695-ARGXZ;Male;1;1;1;1;Fiber optic;0;0;0;Month-to-month;1;Electronic check;7555;24254;81;191395;0,26;4,1;0,71;Silver;36;Suburban;5;1
3570-YUEKJ;Female;0;0;1;0;DSL;0;1;0;Month-to-month;1;Electronic check;4955;207795;129;182619;0,05;3,3;0,36;Gold;45;Urban;20;1
4143-OOBWZ;Male;0;1;1;1;Fiber optic;0;1;0;Month-to-month;1;Electronic check;813;4163;26;188269;0,15;3,3;0,85;Silver;22;Suburban;12;1
1555-HAPSU;Female;0;1;1;1;0;No internet service;No internet service;No internet service;Two year;0;Credit card (automatic);239;16635;249;153844;0,22;4,2;0,86;Silver;38;Suburban;8;1
1697-NVVGY;Male;1;1;1;0;DSL;1;0;1;Month-to-month;0;Bank transfer (automatic);664;128605;44;204983;0,23;3,6;0,09;Silver;39;Suburban;40;1
7854-EKTJL;Female;0;0;1;0;0;No internet service;No internet service;No internet service;Month-to-month;1;Electronic check;196;3585;6;114142;0,24;3,9;0,01;Bronze;37;Urban;42;1
8464-EETCQ;Male;0;0;1;0;0;No internet service;No internet service;No internet service;Two year;0;Credit card (automatic);188;109435;337;189699;0,07;3,7;0,03;Silver;29;Urban;7;0
2419-FSORS;Male;0;1;1;1;Fiber optic;0;1;1;Two year;1;Electronic check;1084;77195;325;176226;0,06;4,3;0,13;Bronze;23;Rural;27;0
8132-YPVBX;Female;0;0;1;0;Fiber optic;0;1;0;Month-to-month;1;Mailed check;8595;5146;21;87393;0,18;3,9;0,45;Bronze;46;Rural;44;0
9102-IAYHT;Female;0;1;1;1;Fiber optic;0;0;0;Month-to-month;1;Electronic check;8545;14516;45;182281;0,22;4,9;0,05;Platinum;52;Urban;57;1
6754-LZUKA;Male;0;1;1;1;DSL;0;1;1;Two year;0;Bank transfer (automatic);809;49325;362;239965;0,01;3,7;0,26;Bronze;28;Urban;18;0
3422-LYEPQ;Male;0;1;1;0;Fiber optic;0;0;0;Month-to-month;1;Electronic check;710;710;5;89388;0,03;4,5;0,72;Bronze;50;Urban;28;0
8099-MZPUJ;Male;0;1;1;1;Fiber optic;1;1;1;Two year;0;Credit card (automatic);1118;544365;150;142969;0,22;3,5;0,27;Bronze;42;Urban;30;1
0787-LHDYT;Male;0;0;1;0;0;No internet service;No internet service;No internet service;Month-to-month;1;Credit card (automatic);206;33025;36;116660;0,09;4;0,85;Silver;31;Suburban;56;1
2642-DTVCO;Male;1;0;1;1;Fiber optic;0;0;0;Month-to-month;1;Electronic check;8505;7465;20;169244;0,05;4,1;0,18;Platinum;46;Suburban;53;1
0374-IOEGQ;Female;0;0;1;0;DSL;0;0;0;Month-to-month;0;Electronic check;446;1227;7;235798;0,04;3,7;0,37;Gold;30;Urban;56;1
4361-JEIVL;Male;0;0;1;0;DSL;0;0;0;Month-to-month;1;Electronic check;444;444;4;159544;0,09;3,9;0,62;Gold;32;Suburban;32;1
3197-NNYNB;Male;0;0;1;1;Fiber optic;0;1;1;Two year;0;Credit card (automatic);1051;663185;371;211183;0,18;3,6;0,61;Gold;25;Urban;48;1
3396-DKDEL;Female;0;1;1;1;Fiber optic;1;1;1;Two year;1;Credit card (automatic);11515;82500;279;195370;0,11;3;0,08;Platinum;50;Urban;5;1
1752-OZXFY;Male;0;1;1;0;DSL;1;0;0;One year;1;Mailed check;598;356115;322;97545;0,01;3,4;0,85;Bronze;28;Urban;43;1
9066-QRSDU;Female;0;1;1;1;0;No internet service;No internet service;No internet service;One year;1;Electronic check;263;176355;261;213451;0,03;4,4;0,06;Silver;32;Urban;3;0
9112-WSNPU;Female;1;0;1;0;Fiber optic;0;0;0;Month-to-month;0;Electronic check;7055;24190;169;167346;0,09;4,5;0,87;Bronze;38;Suburban;52;1
9867-NNXLC;Female;0;0;1;0;0;No internet service;No internet service;No internet service;Month-to-month;1;Mailed check;2005;4702;108;97809;0,02;3,6;0,87;Bronze;53;Urban;15;0
5321-NTRKC;Male;0;1;1;1;DSL;0;1;1;Two year;0;Bank transfer (automatic);7985;523495;177;107967;0,03;3,8;0,55;Silver;23;Urban;52;1
1363-TXLSL;Male;1;1;1;0;Fiber optic;0;0;0;Month-to-month;1;Electronic check;703;703;3;220820;0,17;3,1;0,91;Silver;42;Urban;2;1
9507-EXLTT;Female;0;1;1;0;Fiber optic;0;0;0;Month-to-month;1;Bank transfer (automatic);7935;7935;4;103424;0,04;3,5;0,85;Silver;18;Rural;24;1
3161-GETRM;Male;0;1;1;1;Fiber optic;0;0;1;Month-to-month;1;Credit card (automatic);9005;30970;77;234986;0,06;4,6;0,96;Bronze;50;Rural;16;0
0402-OAMEN;Female;0;1;1;1;0;No internet service;No internet service;No internet service;Two year;0;Bank transfer (automatic);2445;17091;248;188411;0,05;4,2;0,85;Bronze;49;Suburban;21;0
6933-VLYFX;Male;0;1;0;No phone service;DSL;1;0;1;One year;0;Electronic check;5995;18488;128;230563;0,02;3,4;0,82;Bronze;19;Urban;17;1
6754-WKSHP;Male;0;0;1;1;0;No internet service;No internet service;No internet service;One year;0;Bank transfer (automatic);2535;7233;179;150069;0,02;3,5;0,47;Gold;42;Urban;31;0
9846-GKXAS;Female;0;0;1;0;Fiber optic;0;0;0;Month-to-month;1;Bank transfer (automatic);908;80975;35;169119;0,14;4,6;0,21;Silver;50;Urban;17;0
6017-PPLPX;Male;0;1;1;0;Fiber optic;0;0;0;Month-to-month;1;Electronic check;7045;147095;105;117049;0,25;3,4;0,91;Platinum;28;Urban;56;1
4976-LNFVV;Male;1;1;0;No phone service;DSL;0;1;1;Month-to-month;1;Credit card (automatic);343;57715;70;107821;0,03;3,7;0,72;Gold;36;Urban;25;0
5055-MGMGF;Female;0;1;1;1;Fiber optic;1;0;1;Month-to-month;1;Electronic check;10505;691495;337;175797;0,04;4,3;0,28;Silver;42;Urban;49;1
4641-FROLU;Female;0;1;1;0;0;No internet service;No internet service;No internet service;Two year;0;Mailed check;193;6029;131;241017;0,09;4,1;0,34;Bronze;45;Urban;24;0
2862-JVEOY;Male;0;0;1;0;0;No internet service;No internet service;No internet service;One year;0;Mailed check;1915;1244;33;228456;0,23;3,9;0,69;Silver;27;Suburban;27;1
2969-QWUBZ;Female;0;0;0;No phone service;DSL;0;1;0;Month-to-month;0;Electronic check;514;968;7;239482;0,09;4,8;0,48;Gold;48;Suburban;59;1
9822-BIIGN;Male;0;1;1;1;DSL;1;0;0;Month-to-month;0;Electronic check;7185;38279;234;157734;0,12;3,4;0,08;Silver;33;Suburban;39;1
2077-MPJQO;Male;1;1;1;1;Fiber optic;0;0;0;Month-to-month;1;Electronic check;754;53305;31;218241;0,09;4,5;0,14;Bronze;35;Urban;22;0
1534-OULXE;Female;0;1;1;0;DSL;1;0;0;One year;1;Bank transfer (automatic);497;29614;223;177445;0,02;3,3;0,75;Silver;39;Urban;7;1
7136-RVDTZ;Male;1;0;0;No phone service;DSL;0;0;0;One year;1;Electronic check;4525;326445;180;83830;0,28;4,2;0,33;Bronze;52;Urban;12;1
2971-SGAFL;Female;0;0;1;1;DSL;1;0;1;Month-to-month;1;Electronic check;7875;99535;30;166940;0,16;4,7;0,51;Platinum;29;Rural;43;0
1480-IVEVR;Male;1;1;1;1;Fiber optic;0;0;1;One year;1;Bank transfer (automatic);816;281525;72;238829;0,24;3,9;0,77;Silver;45;Urban;56;1
2905-KFQUV;Female;0;1;1;0;Fiber optic;0;0;0;Month-to-month;1;Credit card (automatic);704;1548;10;143867;0,02;4,4;0,75;Bronze;26;Urban;46;1
4581-SSPWD;Female;0;0;1;1;Fiber optic;0;0;0;Month-to-month;1;Electronic check;758;2463;8;246722;0,15;4,6;0,17;Bronze;47;Urban;9;0
3370-HXOPH;Female;0;0;1;1;Fiber optic;0;0;0;Month-to-month;0;Electronic check;761;2576;8;244838;0,03;3,3;0,01;Gold;35;Urban;40;1
9391-YZEJW;Female;0;0;1;1;Fiber optic;0;0;0;One year;1;Bank transfer (automatic);940;57572;306;112419;0,19;4,4;0,59;Gold;41;Urban;2;0
9958-MEKUC;Male;0;1;1;1;Fiber optic;1;1;1;Two year;0;Credit card (automatic);10395;75177;236;96668;0,05;4,8;0,74;Silver;36;Suburban;9;0
0281-CNTZX;Male;0;1;1;0;0;No internet service;No internet service;No internet service;Two year;1;Bank transfer (automatic);1995;12348;253;227318;0,12;4,2;0,15;Silver;31;Urban;48;1
6927-WTFIV;Male;1;0;1;0;Fiber optic;0;0;0;Month-to-month;0;Credit card (automatic);713;13892;53;104996;0,19;3,4;0,37;Silver;19;Urban;14;1
4118-CEVPF;Female;1;0;1;1;Fiber optic;1;1;1;One year;1;Bank transfer (automatic);1108;38363;204;131312;0,23;3,3;0,87;Bronze;28;Urban;23;1
3398-ZOUAA;Male;1;1;1;0;Fiber optic;0;0;0;Month-to-month;1;Electronic check;691;147475;113;214137;0,21;3,5;0,94;Platinum;43;Urban;9;1
9114-VEPUF;Male;0;1;1;1;Fiber optic;1;1;0;One year;0;Electronic check;961;600145;338;90467;0,02;3,2;0,45;Silver;25;Urban;51;1
7876-BEUTG;Female;0;0;1;1;DSL;0;0;0;Month-to-month;1;Mailed check;488;7201;54;232079;0,04;4;0,08;Bronze;20;Urban;20;0
2338-BQEZT;Female;0;0;1;0;DSL;1;0;0;Month-to-month;1;Credit card (automatic);5055;283275;277;108702;0,01;3,1;0,26;Bronze;32;Suburban;45;1
9873-MNDKV;Female;0;0;1;0;DSL;0;0;0;Month-to-month;1;Mailed check;4465;47225;28;174369;0,01;3,4;0,23;Bronze;30;Urban;58;1
0378-NHQXU;Female;0;1;1;1;Fiber optic;0;0;1;Month-to-month;0;Electronic check;8825;146065;34;155569;0,22;3,9;0,24;Bronze;33;Urban;47;1
8241-JUIQO;Female;0;0;1;0;0;No internet service;No internet service;No internet service;One year;0;Bank transfer (automatic);1945;133635;126;133952;0,29;3,9;0,49;Silver;39;Urban;53;1
2194-IIQOF;Female;0;1;1;1;DSL;1;1;1;Two year;0;Credit card (automatic);893;638865;308;114169;0,08;4,1;0,58;Bronze;50;Suburban;37;0
4512-ZUIYL;Female;0;0;1;0;Fiber optic;0;0;0;Month-to-month;0;Bank transfer (automatic);700;15305;7;96829;0,03;4,4;0,12;Gold;19;Suburban;38;0
9631-RXVJM;Male;0;0;1;0;0;No internet service;No internet service;No internet service;Two year;0;Mailed check;1925;6779;142;84522;0,14;3,1;0,89;Silver;46;Suburban;41;1
9584-EXCDZ;Female;0;0;1;0;Fiber optic;0;0;0;Month-to-month;0;Bank transfer (automatic);705;11656;34;165687;0,26;3,2;0,62;Bronze;51;Suburban;50;1
7969-AULMZ;Female;0;0;1;1;Fiber optic;0;0;0;Month-to-month;1;Electronic check;9735;21195;77;246391;0,17;3,1;0,06;Bronze;33;Urban;49;1
5093-FEGLU;Female;0;1;1;0;0;No internet service;No internet service;No internet service;Two year;0;Bank transfer (automatic);1965;92155;228;200334;0,01;3,8;0,99;Silver;31;Rural;27;0
2621-UDNLU;Female;0;1;1;0;0;No internet service;No internet service;No internet service;Month-to-month;0;Mailed check;2085;720;11;237615;0,29;3,1;0,63;Bronze;22;Urban;40;1
7526-IVLYU;Male;0;0;1;0;0;No internet service;No internet service;No internet service;Month-to-month;1;Mailed check;1965;6835;14;198576;0,25;4,5;0,93;Bronze;35;Urban;1;1
2428-HYUNX;Male;1;1;1;0;0;No internet service;No internet service;No internet service;Two year;1;Credit card (automatic);1935;84725;129;197419;0,04;3,4;0,29;Bronze;43;Suburban;40;1
9214-EKVXR;Female;0;0;1;0;DSL;0;0;0;Month-to-month;1;Mailed check;440;440;5;241545;0,28;4,9;0,24;Bronze;27;Suburban;57;1
3410-MHHUM;Female;0;1;1;1;Fiber optic;0;1;1;One year;0;Electronic check;944;429535;191;87699;0,14;4;0,52;Bronze;23;Urban;3;0
0568-ONFPC;Male;0;1;1;1;0;No internet service;No internet service;No internet service;Month-to-month;1;Bank transfer (automatic);259;1350;14;148165;0,11;3,9;0,51;Bronze;31;Rural;42;0
0733-VUNUW;Male;0;0;1;1;DSL;1;0;0;Month-to-month;1;Bank transfer (automatic);5565;140055;70;155692;0,14;4,6;0,23;Gold;19;Urban;48;1
4550-EVXNY;Female;0;0;1;0;Fiber optic;0;0;0;Month-to-month;1;Electronic check;6965;6965;4;97441;0,25;4,4;0,07;Bronze;44;Urban;2;1
2122-YWVYA;Female;0;0;1;0;Fiber optic;1;0;0;Month-to-month;1;Electronic check;754;13804;95;110716;0,02;4,2;0,03;Silver;26;Urban;31;0
2968-SSGAA;Female;0;0;1;1;Fiber optic;0;0;1;Month-to-month;1;Electronic check;1006;10602;36;142175;0,02;4,9;0,69;Bronze;30;Urban;57;1
2296-DKZFP;Female;0;1;1;0;DSL;1;1;1;Two year;0;Bank transfer (automatic);710;43862;197;86834;0,29;3,8;0,46;Bronze;38;Rural;46;1
4844-JJWUY;Female;1;0;1;0;Fiber optic;0;1;0;Month-to-month;1;Electronic check;860;860;5;98179;0,04;4,6;0,69;Gold;19;Suburban;33;0
6777-TGHTM;Female;0;0;1;1;Fiber optic;1;0;1;One year;1;Credit card (automatic);10695;57855;247;106219;0,22;3,8;0,48;Bronze;20;Urban;15;1
8909-BOLNL;Male;0;0;1;0;0;No internet service;No internet service;No internet service;One year;0;Mailed check;212;5205;11;183153;0,19;4,7;0,98;Bronze;30;Suburban;3;0
6603-YRDCJ;Male;0;1;1;0;DSL;1;1;0;Two year;1;Mailed check;6105;20184;130;226854;0,06;3,5;0,33;Silver;38;Suburban;17;0
3538-WZPHD;Male;0;0;0;No phone service;DSL;0;1;0;Month-to-month;1;Electronic check;296;7945;8;154967;0,05;3,6;0,98;Bronze;50;Suburban;27;0
3229-USWAR;Female;0;0;1;0;DSL;1;0;1;One year;1;Bank transfer (automatic);7995;27273;153;182454;0,26;4,4;0,06;Silver;37;Urban;41;1
2138-VFAPZ;Female;0;1;1;0;0;No internet service;No internet service;No internet service;Two year;1;Mailed check;197;26365;48;89496;0,13;3,4;0,68;Bronze;53;Suburban;5;1
6131-JLWZM;Female;0;0;1;0;0;No internet service;No internet service;No internet service;Month-to-month;1;Mailed check;203;2754;77;126025;0,02;3,5;0,45;Bronze;35;Urban;42;0
4785-QRJHC;Male;1;1;0;No phone service;DSL;0;1;1;One year;1;Bank transfer (automatic);599;281665;180;139886;0,15;3,6;0,82;Bronze;42;Rural;41;0
0269-XFESX;Male;0;1;1;1;0;No internet service;No internet service;No internet service;One year;0;Mailed check;2435;5385;90;234635;0,22;4,4;0,79;Platinum;42;Suburban;0;1
1709-EJDOX;Female;0;1;1;0;0;No internet service;No internet service;No internet service;Two year;0;Mailed check;1975;9489;200;83712;0,14;4,8;0,08;Silver;32;Urban;15;0
4316-XCSLJ;Male;0;0;1;0;DSL;1;0;0;Month-to-month;1;Mailed check;503;8468;96;174067;0,09;4,3;0,09;Silver;34;Urban;36;0
8610-WFCJF;Female;0;1;1;1;Fiber optic;0;0;0;Month-to-month;1;Electronic check;956;47835;254;125489;0,11;4,7;0,82;Silver;53;Urban;8;0
9693-XMUOB;Male;1;1;0;No phone service;DSL;0;1;0;Month-to-month;1;Electronic check;5025;299745;224;112664;0,26;4,1;0,21;Gold;46;Suburban;16;1
0383-CLDDA;Female;0;0;1;1;DSL;1;0;1;Two year;1;Credit card (automatic);8535;58974;336;223492;0,14;3,1;0,03;Silver;50;Urban;35;1
4905-JEFDW;Male;0;0;0;No phone service;DSL;0;0;1;One year;1;Electronic check;416;4706;47;85315;0,06;3,2;0,22;Gold;49;Suburban;33;1
2709-UQGNP;Male;0;0;1;0;DSL;1;0;0;Month-to-month;1;Mailed check;5165;5245;39;155033;0,28;4,1;0,48;Silver;25;Suburban;58;1
3549-ZTMNH;Male;0;1;1;1;0;No internet service;No internet service;No internet service;Two year;1;Bank transfer (automatic);240;26965;33;197862;0,24;3,7;0,74;Bronze;30;Urban;30;1
7881-INRLC;Male;0;0;1;1;Fiber optic;0;1;0;Month-to-month;1;Credit card (automatic);10085;47400;173;159030;0,02;3,4;0,22;Gold;34;Suburban;33;1
8033-ATFAS;Female;0;1;1;0;DSL;0;0;1;Month-to-month;1;Mailed check;5985;23415;116;143910;0,03;3,9;0,11;Gold;38;Urban;36;1
1635-NZATJ;Male;1;1;1;1;0;No internet service;No internet service;No internet service;Two year;0;Credit card (automatic);2545;178965;401;201075;0,21;4,3;0,65;Bronze;31;Urban;33;1
0562-HKHML;Male;0;1;1;1;0;No internet service;No internet service;No internet service;Two year;0;Credit card (automatic);239;16264;237;135919;0,05;3,8;0,98;Silver;42;Urban;44;0
8277-RVRSV;Female;0;1;1;1;0;No internet service;No internet service;No internet service;One year;0;Credit card (automatic);2415;8003;191;215204;0,07;4,6;0,06;Silver;41;Suburban;36;0
9943-VSZUV;Male;1;0;1;1;Fiber optic;0;0;0;Month-to-month;1;Mailed check;757;506085;276;207153;0,21;4,5;0,69;Bronze;50;Rural;0;1
0117-LFRMW;Male;0;1;0;No phone service;DSL;1;1;1;Month-to-month;0;Bank transfer (automatic);402;14488;167;121598;0,23;4,5;0,56;Platinum;25;Suburban;52;1
6172-FECYY;Male;0;1;1;1;Fiber optic;0;0;0;Month-to-month;0;Electronic check;845;425485;204;231623;0,07;5;0,78;Silver;45;Urban;14;0
7054-ENNGU;Female;0;1;1;0;DSL;0;1;0;Month-to-month;0;Mailed check;5085;4666;22;148206;0,08;3,6;0,98;Silver;36;Urban;30;0
1455-HFBXA;Male;0;1;1;1;Fiber optic;1;0;1;Two year;1;Credit card (automatic);916;46278;182;154900;0,09;4,3;0,54;Bronze;28;Suburban;50;1
9402-CXWPL;Female;0;0;1;1;Fiber optic;0;1;0;One year;0;Electronic check;989;68386;167;106296;0,18;4,7;0,42;Bronze;27;Urban;13;0
1628-BIZYP;Male;0;0;1;0;Fiber optic;0;1;0;Month-to-month;1;Electronic check;850;850;4;229138;0,05;4,2;0,86;Bronze;18;Suburban;43;1
1965-AKTSX;Female;1;0;1;1;Fiber optic;0;1;0;Month-to-month;1;Electronic check;7895;110185;53;239964;0,03;4,6;0,97;Bronze;22;Urban;33;0
0082-LDZUE;Male;0;0;1;0;DSL;0;0;0;Month-to-month;1;Mailed check;443;443;5;155577;0,02;3,8;0,13;Silver;33;Urban;58;1
4786-UKSNZ;Male;0;0;1;0;0;No internet service;No internet service;No internet service;Month-to-month;0;Mailed check;202;202;2;157173;0,23;4,2;0,58;Gold;37;Urban;51;1
5343-SGUBI;Female;0;0;1;1;Fiber optic;0;1;0;One year;1;Mailed check;802;42976;138;144771;0,15;3,1;0,79;Silver;37;Suburban;0;1
0856-NAOES;Male;0;0;1;0;DSL;0;0;1;Month-to-month;0;Mailed check;609;4141;21;238556;0,11;5;0,53;Bronze;45;Urban;34;0
1976-AZZPJ;Male;0;1;0;No phone service;DSL;1;1;0;Month-to-month;0;Mailed check;342;2566;39;157865;0,13;4,6;0,41;Bronze;22;Urban;10;0
7248-VZQLC;Female;1;0;1;1;Fiber optic;0;1;1;Month-to-month;1;Bank transfer (automatic);852;396935;227;179074;0,12;4,7;0,66;Silver;20;Urban;16;0
6156-UZDLF;Female;0;0;1;0;Fiber optic;1;0;1;One year;1;Credit card (automatic);8715;22741;95;238187;0,29;4,4;0,27;Silver;47;Urban;55;1
3099-OONVS;Male;0;1;1;0;DSL;1;0;0;Month-to-month;0;Electronic check;543;12968;101;237110;0,23;3,4;0,35;Platinum;40;Rural;4;1
9500-WBGRP;Male;0;0;1;0;0;No internet service;No internet service;No internet service;Two year;1;Mailed check;191;126885;161;116622;0,06;3,1;0,99;Gold;51;Urban;16;1
5183-KLYEM;Female;0;0;1;1;Fiber optic;1;1;1;Two year;1;Credit card (automatic);11275;81926;427;115886;0,12;4,7;0,64;Gold;45;Urban;17;0
5144-PQCDZ;Male;0;0;1;0;0;No internet service;No internet service;No internet service;Month-to-month;1;Mailed check;1995;5925;18;220973;0,16;3,8;0,87;Bronze;18;Urban;24;0
8514-VZHEB;Male;0;1;1;0;0;No internet service;No internet service;No internet service;Two year;0;Mailed check;195;114785;185;136377;0,18;3,5;0,81;Gold;44;Urban;54;1
6625-IUTTT;Male;0;0;1;0;DSL;1;0;1;Two year;0;Bank transfer (automatic);6555;436155;290;162910;0,14;4,1;0,65;Bronze;51;Urban;34;0
9355-NPPFS;Female;1;0;1;0;Fiber optic;0;0;0;Month-to-month;1;Electronic check;788;20061;63;198992;0,24;3,8;0,84;Silver;48;Urban;46;1
0068-FIGTF;Female;0;0;1;0;DSL;0;1;1;One year;0;Mailed check;782;207895;158;243878;0,23;4,3;0,29;Silver;49;Suburban;15;1
5965-GGPRW;Male;0;1;1;1;Fiber optic;1;0;1;Two year;0;Bank transfer (automatic);10525;760975;194;228731;0,15;4;0,64;Silver;24;Urban;46;1
8035-PWSEV;Female;0;0;1;0;Fiber optic;0;0;1;Month-to-month;1;Electronic check;8925;48705;27;234525;0,26;4,4;0,59;Bronze;51;Suburban;48;1
2236-HILPA;Male;0;1;1;0;0;No internet service;No internet service;No internet service;Two year;0;Credit card (automatic);2065;121845;184;241570;0,23;4,7;0,62;Silver;21;Rural;49;1
1840-BIUOG;Male;0;0;1;1;DSL;0;1;0;One year;1;Electronic check;687;14162;97;96312;0,23;3,4;0,17;Bronze;36;Rural;22;1
1356-MKYSK;Male;0;0;1;0;DSL;1;0;1;Month-to-month;0;Credit card (automatic);7865;4833;30;81436;0,29;3,7;0,28;Bronze;39;Urban;39;1
6080-LNESI;Male;0;0;1;1;0;No internet service;No internet service;No internet service;Two year;0;Mailed check;2475;12346;239;107569;0,08;3,9;0,29;Silver;46;Rural;20;0
1830-IPXVJ;Female;0;1;1;0;0;No internet service;No internet service;No internet service;Two year;0;Credit card (automatic);1975;13116;271;196787;0,08;4,9;0,06;Platinum;51;Suburban;28;0
5828-DWPIL;Male;1;1;1;1;Fiber optic;1;1;1;Month-to-month;1;Electronic check;891;56183;345;170485;0,27;3,7;0,97;Gold;51;Urban;59;1
8398-TBIYD;Female;0;0;1;1;Fiber optic;1;0;0;Two year;1;Bank transfer (automatic);847;618515;166;182555;0,23;3,8;0,95;Silver;20;Suburban;45;1
0011-IGKFF;Male;1;1;1;0;Fiber optic;0;1;1;Month-to-month;1;Electronic check;980;123785;43;220377;0,28;4,3;0,23;Bronze;38;Urban;35;1
4192-GORJT;Male;0;1;1;0;Fiber optic;0;0;1;Month-to-month;1;Electronic check;9445;4981;14;112646;0,02;3,8;0,03;Bronze;38;Urban;9;0
6496-SLWHQ;Male;1;0;1;1;Fiber optic;0;1;1;Month-to-month;1;Electronic check;1050;29445;17;156126;0,19;4,9;0,04;Bronze;34;Suburban;19;0
9912-GVSEQ;Female;1;1;1;1;Fiber optic;0;1;1;Month-to-month;1;Electronic check;9385;238155;92;197922;0,04;4,8;0,04;Platinum;46;Suburban;52;1
2931-FSOHN;Male;1;0;1;0;DSL;0;1;0;Month-to-month;1;Electronic check;599;78835;64;120430;0,15;4;0,83;Bronze;50;Suburban;6;0
9418-RUKPH;Female;0;1;1;0;0;No internet service;No internet service;No internet service;Two year;1;Mailed check;1995;7564;180;202238;0,05;4,3;0,92;Gold;43;Suburban;29;0
5383-MMTWC;Female;1;1;1;1;Fiber optic;0;0;0;Month-to-month;1;Electronic check;840;6134;22;148659;0,04;3,1;0,24;Gold;24;Urban;28;1
9971-ZWPBF;Male;1;1;1;1;Fiber optic;0;1;1;Month-to-month;1;Electronic check;1089;36252;100;195341;0;4,4;0,27;Silver;26;Urban;54;1
4712-AUQZO;Male;0;0;0;No phone service;DSL;1;0;1;Month-to-month;0;Mailed check;336;55035;56;84158;0,19;4,4;0,22;Platinum;35;Suburban;51;1
9711-FJTBX;Male;0;1;1;0;Fiber optic;0;1;1;One year;1;Mailed check;8585;47938;204;154236;0,11;3,7;0,35;Bronze;18;Urban;0;0
2908-ZTPNF;Female;0;0;0;No phone service;DSL;0;1;0;Month-to-month;1;Bank transfer (automatic);3485;12672;105;156067;0,03;3,4;0,08;Silver;28;Urban;20;1
7240-ETPTR;Female;0;1;0;No phone service;DSL;0;0;1;Month-to-month;1;Electronic check;4875;4422;18;238810;0,01;4,8;0,65;Gold;39;Urban;6;0
2202-CUYXZ;Male;0;0;1;0;Fiber optic;0;0;1;Month-to-month;1;Electronic check;8485;8485;5;89879;0,05;3,9;0,79;Silver;49;Urban;43;0
5995-OIGLP;Male;0;0;1;0;DSL;1;0;0;Month-to-month;0;Mailed check;5665;65485;70;216615;0,28;4,3;0,58;Bronze;27;Urban;3;1
8421-WZOOW;Female;1;1;1;0;Fiber optic;0;1;1;Month-to-month;1;Credit card (automatic);953;556745;191;192284;0,01;3,1;0,26;Bronze;44;Urban;38;1
6261-RCVNS;Female;0;0;1;0;DSL;1;1;1;One year;0;Credit card (automatic);739;316055;140;164117;0,01;3,8;0,23;Gold;29;Urban;55;1
7951-QKZPL;Female;0;1;1;1;0;No internet service;No internet service;No internet service;Two year;1;Mailed check;245;7403;66;247751;0,25;4,6;0,01;Bronze;47;Urban;14;1
1414-YADCW;Male;0;1;1;0;Fiber optic;1;1;0;Two year;0;Bank transfer (automatic);846;57062;330;123888;0,19;3,8;0,78;Platinum;27;Urban;33;0
8756-RDDLT;Female;0;0;0;No phone service;DSL;0;1;0;Month-to-month;0;Electronic check;4495;308535;360;110276;0,21;4,2;0,85;Bronze;29;Urban;1;1
2862-PFNIK;Male;0;0;0;No phone service;DSL;0;0;0;Month-to-month;1;Electronic check;247;247;2;84799;0,19;3,4;0,77;Silver;38;Rural;36;1
5816-QVHRX;Female;0;0;1;1;Fiber optic;0;0;0;Month-to-month;0;Credit card (automatic);1003;35414;97;192529;0,28;3,8;0,07;Silver;44;Suburban;2;1
4430-YHXGG;Female;0;0;1;1;0;No internet service;No internet service;No internet service;Month-to-month;1;Mailed check;2545;842;20;204713;0,06;4,9;0,76;Silver;23;Urban;47;1
6888-SBYAI;Male;0;0;1;0;DSL;1;0;0;Month-to-month;1;Mailed check;507;507;4;170141;0,03;4,1;0,05;Silver;25;Suburban;3;1
7395-XWZOY;Male;0;0;0;No phone service;DSL;1;1;1;Month-to-month;1;Credit card (automatic);550;116555;43;195013;0,25;4,8;0,11;Gold;54;Urban;46;1
7169-YWAMK;Male;0;1;1;0;DSL;1;1;0;Two year;0;Bank transfer (automatic);684;485535;323;247606;0,18;4,8;0,44;Silver;23;Urban;48;1
3640-PHQXK;Female;0;0;1;1;Fiber optic;0;0;1;Month-to-month;1;Electronic check;899;28069;100;111668;0,02;4,9;0,48;Gold;51;Urban;42;0
6877-LGWXO;Male;1;1;1;0;Fiber optic;0;0;0;Month-to-month;0;Electronic check;7855;142265;62;215183;0,19;4,8;0,82;Bronze;39;Suburban;35;0
6859-RKMZJ;Male;0;1;1;0;DSL;0;0;0;Month-to-month;1;Bank transfer (automatic);5505;60815;55;235758;0,02;3;0,68;Bronze;46;Urban;26;1
2729-VNVAP;Female;0;1;1;0;0;No internet service;No internet service;No internet service;Two year;0;Credit card (automatic);198;64135;173;152392;0,07;4,9;0,15;Bronze;26;Urban;3;0
2957-JIRMN;Female;1;0;1;1;Fiber optic;0;0;0;One year;0;Electronic check;8445;495915;223;96490;0,29;3,3;0,23;Bronze;38;Suburban;35;1
2049-BAFNW;Female;0;0;0;No phone service;DSL;0;0;1;Month-to-month;0;Mailed check;359;359;5;246266;0,16;3,1;0,29;Silver;49;Suburban;18;1
3842-QTGDL;Male;0;1;1;0;Fiber optic;1;1;0;Month-to-month;0;Bank transfer (automatic);8075;13213;58;225569;0,11;3,1;0,12;Silver;25;Urban;33;1
7163-OCEQI;Male;0;1;1;1;DSL;0;0;1;One year;1;Mailed check;7865;166375;111;197219;0,23;3,7;0,29;Gold;27;Suburban;15;1
9782-LGXMC;Female;0;1;1;0;DSL;1;0;1;Month-to-month;0;Bank transfer (automatic);6175;302415;192;124104;0,16;4,2;0,73;Bronze;40;Urban;51;1
5975-BAICR;Male;0;1;1;0;DSL;1;0;1;One year;1;Credit card (automatic);637;21885;201;85316;0;3,8;0,24;Bronze;37;Suburban;44;0
8019-ENHXU;Male;0;1;1;1;Fiber optic;0;1;1;Month-to-month;1;Electronic check;9945;413805;236;118130;0,22;3,1;0,84;Gold;30;Urban;39;1
5167-GBFRE;Male;1;0;0;No phone service;DSL;0;0;0;Month-to-month;1;Bank transfer (automatic);252;1025;9;187294;0,22;4;0,47;Platinum;39;Urban;50;1
9033-EOXWV;Female;0;0;1;1;DSL;0;0;0;One year;0;Mailed check;7405;87265;68;109954;0,05;3,9;0,32;Platinum;32;Suburban;21;0
4673-KKSLS;Female;0;0;1;0;Fiber optic;1;0;1;Month-to-month;0;Electronic check;876;272425;164;193437;0,29;4,5;0,41;Gold;48;Suburban;31;1
4853-OITSN;Male;0;1;1;1;Fiber optic;1;0;0;Month-to-month;1;Electronic check;8915;41325;25;232724;0,07;3,6;0,71;Silver;49;Rural;1;0
9800-OUIGR;Male;0;1;1;0;0;No internet service;No internet service;No internet service;Two year;0;Credit card (automatic);200;13742;185;225250;0,14;3,4;0,52;Platinum;30;Urban;16;1
1324-NLTJE;Female;1;0;1;1;DSL;0;0;0;Month-to-month;0;Credit card (automatic);550;7571;78;225823;0,03;3,5;0,01;Gold;42;Suburban;22;0
2324-EFHVG;Male;0;0;1;1;Fiber optic;0;1;1;Two year;1;Bank transfer (automatic);1044;669265;345;214116;0,18;3,6;0,92;Platinum;38;Suburban;43;0
7094-MSZAO;Male;0;1;1;0;0;No internet service;No internet service;No internet service;Month-to-month;1;Credit card (automatic);2005;2185;31;143165;0,11;4,2;0,07;Bronze;21;Urban;45;0
1522-VVDMG;Male;0;1;1;0;Fiber optic;0;1;0;Month-to-month;1;Electronic check;8975;6088;40;222552;0,11;3,9;0,94;Platinum;32;Rural;11;0
6907-CQGPN;Male;0;0;0;No phone service;DSL;0;1;0;Month-to-month;0;Electronic check;343;100475;63;146775;0,25;3,7;0,03;Silver;38;Urban;53;1
0780-XNZFN;Male;0;0;1;0;0;No internet service;No internet service;No internet service;Two year;0;Bank transfer (automatic);2065;11256;148;217638;0;3,7;0,77;Bronze;25;Urban;12;0
0239-OXEXL;Female;0;0;1;1;Fiber optic;1;1;0;Month-to-month;0;Mailed check;8425;38476;190;165311;0,24;3,7;0,53;Bronze;48;Urban;9;1
2675-IJRGJ;Male;0;0;1;0;0;No internet service;No internet service;No internet service;Two year;0;Bank transfer (automatic);1965;9780;228;133149;0,17;4,9;0,51;Gold;27;Urban;3;0
7049-GKVZY;Female;0;0;1;0;DSL;1;1;0;One year;0;Credit card (automatic);7985;138735;77;214078;0,03;3,5;0,07;Silver;38;Urban;6;1
8577-QSOCG;Female;0;1;1;0;0;No internet service;No internet service;No internet service;Two year;1;Mailed check;202;74605;78;152561;0,18;4,6;0,24;Platinum;34;Urban;53;1
3721-CNZHX;Male;0;0;1;0;0;No internet service;No internet service;No internet service;One year;0;Mailed check;198;3046;87;230495;0,02;4,4;0,78;Bronze;22;Suburban;1;0
0212-ISBBF;Female;0;0;0;No phone service;DSL;0;1;0;Month-to-month;1;Electronic check;5035;109885;47;170710;0,02;3;0,89;Silver;30;Urban;14;1
9185-TQCVP;Male;0;1;1;1;Fiber optic;0;0;0;Month-to-month;1;Electronic check;8515;11392;36;172199;0,26;5;0,53;Bronze;38;Suburban;35;1
3585-YNADK;Female;0;1;1;1;DSL;0;1;1;One year;0;Bank transfer (automatic);746;436895;117;245024;0,25;4,5;0,35;Silver;29;Urban;8;1
5271-DBYSJ;Male;1;0;1;0;Fiber optic;0;0;0;Month-to-month;1;Credit card (automatic);7915;8277;46;107326;0,01;4,4;0,06;Silver;42;Urban;23;0
1099-GODLO;Female;0;1;1;0;0;No internet service;No internet service;No internet service;Two year;0;Mailed check;2035;2035;5;197272;0,19;3,8;0,68;Silver;45;Urban;5;0
6828-HMKWP;Male;0;1;1;0;0;No internet service;No internet service;No internet service;Two year;0;Bank transfer (automatic);2105;26205;55;111139;0,15;4,1;0,28;Bronze;19;Urban;48;1
5567-WSELE;Male;1;1;1;1;Fiber optic;0;0;0;Month-to-month;1;Electronic check;946;27955;15;153638;0,29;3,5;0,06;Bronze;38;Urban;6;1
1472-TNCWL;Male;0;0;1;0;Fiber optic;0;1;0;Month-to-month;1;Electronic check;947;35125;73;152652;0,28;3,1;0,67;Bronze;39;Urban;15;1
8063-RJYNF;Male;0;0;1;0;Fiber optic;1;0;0;Month-to-month;1;Electronic check;9425;148325;66;92937;0,03;4,7;0,49;Gold;19;Urban;16;1
0687-ZVTHB;Male;0;1;1;1;DSL;1;1;1;One year;0;Credit card (automatic);7245;465385;249;110161;0,26;4,8;0,01;Bronze;47;Suburban;29;1
2080-GKCWQ;Male;0;0;1;0;Fiber optic;0;1;0;Month-to-month;0;Electronic check;7495;15175;7;215455;0,27;3,3;0,11;Bronze;18;Urban;7;1
9661-ACXBS;Female;0;0;1;1;Fiber optic;1;0;1;Month-to-month;1;Electronic check;1052;440075;96;165856;0,07;4,6;0,07;Silver;30;Urban;2;0
2193-SFWQW;Male;0;1;1;0;Fiber optic;1;1;1;Two year;0;Bank transfer (automatic);11195;80331;341;150043;0,25;4,5;0,06;Gold;20;Urban;24;1
5656-JAMLX;Male;0;0;1;0;0;No internet service;No internet service;No internet service;Two year;0;Bank transfer (automatic);1985;125365;248;225807;0,21;3,4;0,87;Bronze;37;Urban;28;1
3462-BJQQA;Female;0;0;1;1;Fiber optic;0;1;0;Month-to-month;1;Electronic check;8975;55265;30;139919;0,29;3,8;0,31;Bronze;22;Urban;20;1
0442-TDYUO;Male;0;1;1;0;0;No internet service;No internet service;No internet service;Two year;1;Mailed check;2005;10360;189;162055;0,17;3,8;0,09;Silver;19;Urban;53;1
6733-LRIZX;Male;0;0;1;1;Fiber optic;1;0;1;Two year;1;Electronic check;10895;40255;90;165455;0,03;4,5;0,76;Platinum;43;Urban;51;1
9503-XJUME;Male;0;0;1;0;0;No internet service;No internet service;No internet service;One year;0;Credit card (automatic);1965;9284;238;248694;0,18;4,7;0,52;Silver;46;Suburban;5;0
4367-NHWMM;Female;0;0;0;No phone service;DSL;0;0;0;Month-to-month;1;Mailed check;249;249;2;118135;0,21;3,2;0,31;Bronze;35;Suburban;56;1
3727-RJMEO;Male;0;1;1;1;Fiber optic;0;0;0;Month-to-month;1;Electronic check;8285;46025;32;246730;0,07;4,1;0,41;Silver;26;Urban;22;0
3779-OSWCF;Female;0;1;1;1;DSL;1;1;1;Two year;0;Credit card (automatic);932;650615;316;164677;0,12;4,5;0,02;Platinum;39;Urban;49;1
6736-DHUQI;Female;0;1;1;0;Fiber optic;1;1;1;One year;0;Bank transfer (automatic);848;55983;176;109696;0,18;4,6;0,66;Silver;45;Suburban;10;0
3915-ODIYG;Male;1;0;1;1;DSL;1;1;0;One year;1;Electronic check;7175;437455;350;214845;0,11;3,3;0,37;Bronze;29;Suburban;5;1
1360-RCYRT;Male;0;1;0;No phone service;DSL;0;0;0;Month-to-month;1;Bank transfer (automatic);3035;67875;93;104956;0,11;4,1;0,71;Bronze;54;Suburban;26;0
2724-FJDYW;Male;0;0;0;No phone service;DSL;0;0;1;One year;0;Bank transfer (automatic);5485;21917;89;95819;0,04;4,7;0,63;Platinum;35;Urban;26;0
4451-RWASJ;Male;0;1;1;0;0;No internet service;No internet service;No internet service;One year;1;Mailed check;195;23975;67;81528;0,28;3,6;0,65;Gold;51;Suburban;12;1
6646-VRFOL;Male;1;1;1;1;Fiber optic;0;1;1;Month-to-month;1;Electronic check;10385;54855;159;207781;0,23;3,9;0,79;Silver;20;Suburban;59;1
3460-TJBWI;Male;0;1;1;1;0;No internet service;No internet service;No internet service;Two year;0;Mailed check;242;60905;125;166491;0;4,6;0,63;Bronze;22;Suburban;8;0
5917-HBSDW;Female;0;1;1;0;0;No internet service;No internet service;No internet service;Month-to-month;0;Electronic check;1935;68375;195;124588;0,23;3,2;0,42;Silver;40;Suburban;7;1
5685-IIXLY;Female;0;1;1;0;Fiber optic;0;1;0;Month-to-month;1;Electronic check;836;4042;29;179152;0,22;4,7;0,39;Bronze;30;Suburban;44;1
5671-UUNXD;Female;1;1;1;1;Fiber optic;0;0;0;One year;1;Electronic check;10065;518975;200;207872;0;3,6;0,12;Bronze;41;Urban;26;0
0956-ACVZC;Female;0;0;1;0;Fiber optic;0;0;1;One year;1;Credit card (automatic);941;50609;206;231583;0,11;3;0,78;Gold;45;Suburban;31;1
2325-NBPZG;Female;0;0;1;0;Fiber optic;1;0;0;Month-to-month;1;Electronic check;7455;23365;15;90119;0,18;3,5;0,76;Bronze;34;Suburban;28;0
4250-ZBWLV;Male;0;0;1;1;Fiber optic;0;1;1;One year;0;Electronic check;10845;717655;172;155893;0,14;3,2;0,25;Bronze;23;Rural;45;1
4482-FTFFX;Male;0;0;1;0;DSL;0;0;1;Month-to-month;0;Electronic check;5615;29145;20;96167;0,23;3,2;0,86;Platinum;44;Rural;32;1
8859-DZTGQ;Male;0;0;1;0;0;No internet service;No internet service;No internet service;Two year;0;Mailed check;2035;68975;138;190782;0,13;4,4;0,59;Bronze;46;Urban;4;0
0440-MOGPM;Female;0;0;1;1;DSL;0;1;1;One year;1;Electronic check;8055;32639;96;210775;0,05;3,4;0,48;Gold;29;Urban;37;1
0020-JDNXP;Female;0;1;0;No phone service;DSL;1;0;1;One year;0;Mailed check;6125;19932;124;114889;0,29;4,9;0,02;Silver;52;Urban;8;1
3752-CQSJI;Female;0;1;1;0;0;No internet service;No internet service;No internet service;Month-to-month;1;Mailed check;2045;2545;70;125678;0,07;4;0,38;Platinum;22;Rural;51;1
5025-GOOKI;Female;0;0;1;0;0;No internet service;No internet service;No internet service;Month-to-month;1;Credit card (automatic);189;34765;108;140262;0,22;3,9;0,64;Gold;19;Urban;12;1
4698-KVLLG;Female;1;0;1;0;0;No internet service;No internet service;No internet service;Two year;0;Credit card (automatic);196;9679;122;215753;0,04;3,9;0,09;Gold;28;Urban;32;0
5095-AESKG;Female;0;1;1;1;Fiber optic;0;1;0;Month-to-month;1;Credit card (automatic);915;24295;7;160291;0,01;4,4;0,46;Bronze;21;Urban;29;0
2887-JPYLU;Female;0;0;1;0;DSL;0;0;0;Month-to-month;0;Bank transfer (automatic);452;18419;125;146008;0,13;3,9;0,99;Silver;39;Urban;53;1
4770-QAZXN;Female;0;0;1;0;0;No internet service;No internet service;No internet service;Month-to-month;0;Credit card (automatic);1945;2321;71;224762;0,06;3,3;0,72;Platinum;18;Urban;24;1
4896-CPRPF;Male;0;1;1;1;0;No internet service;No internet service;No internet service;Two year;0;Bank transfer (automatic);2545;80925;88;105912;0,13;4,8;0,55;Bronze;33;Suburban;5;0
1871-MOWRM;Male;0;1;1;0;Fiber optic;1;0;0;Month-to-month;0;Bank transfer (automatic);8085;86645;58;86473;0,05;3,9;0,53;Gold;19;Urban;38;0
9714-EDSUC;Male;0;0;1;0;Fiber optic;1;1;0;Month-to-month;1;Mailed check;949;36055;9;229741;0,17;3,1;0,04;Bronze;44;Suburban;9;1
2027-OAQQC;Female;0;0;0;No phone service;DSL;0;0;1;Month-to-month;1;Bank transfer (automatic);4905;20762;193;179500;0,02;4,1;0,96;Bronze;29;Suburban;35;0
0282-NVSJS;Female;1;1;0;No phone service;DSL;0;0;0;Month-to-month;1;Mailed check;293;3559;41;232015;0,02;4,3;0,93;Bronze;22;Urban;49;1
9090-SGQXL;Male;1;1;1;1;Fiber optic;0;1;1;Month-to-month;1;Electronic check;1053;729965;350;118785;0,26;3,6;0,68;Bronze;22;Urban;47;1
6595-YGXIT;Male;1;0;1;1;Fiber optic;0;1;0;Month-to-month;1;Electronic check;8895;22912;73;180956;0,06;4,6;0,01;Platinum;39;Suburban;18;0
7353-YOWFP;Female;0;0;1;0;0;No internet service;No internet service;No internet service;One year;0;Mailed check;2025;12915;31;199006;0,07;4,3;0,21;Gold;30;Urban;10;0
9835-ZIITK;Male;1;1;1;1;Fiber optic;0;1;1;One year;1;Electronic check;11085;749175;194;90832;0,02;4,3;0,18;Silver;33;Urban;16;0
8008-ESFLK;Female;0;1;1;0;Fiber optic;1;1;1;One year;0;Electronic check;1105;58355;257;216457;0,14;3,8;0,52;Gold;43;Suburban;1;0
7537-CBQUZ;Male;1;0;1;1;Fiber optic;1;1;1;Month-to-month;1;Bank transfer (automatic);1094;703145;346;225780;0,15;4,9;0,21;Silver;26;Rural;6;0
1555-DJEQW;Female;0;1;1;1;Fiber optic;1;1;1;Two year;1;Bank transfer (automatic);1142;77239;175;234510;0,04;3,5;0,07;Gold;49;Urban;40;0
5649-TJHOV;Male;1;1;0;No phone service;DSL;0;0;0;Month-to-month;0;Bank transfer (automatic);365;10320;147;162747;0,24;4,2;0,55;Gold;36;Suburban;56;1
0519-XUZJU;Female;0;0;1;0;Fiber optic;0;0;0;Month-to-month;0;Mailed check;7075;7075;4;160107;0,19;3,6;0,02;Bronze;53;Urban;30;1
3363-EWLGO;Female;0;0;1;0;0;No internet service;No internet service;No internet service;Month-to-month;0;Mailed check;1995;1096;12;145428;0,04;4,5;0,74;Silver;45;Urban;56;1
4750-UKWJK;Female;1;1;1;0;0;No internet service;No internet service;No internet service;One year;0;Mailed check;196;7278;137;166843;0,11;3,1;0,19;Silver;32;Urban;58;1
6338-AVWCY;Male;0;0;0;No phone service;DSL;0;0;1;Month-to-month;1;Mailed check;4015;13075;7;91002;0,24;3,1;0,82;Platinum;26;Urban;30;1
1689-YQBYY;Female;0;0;1;1;Fiber optic;0;0;0;Month-to-month;1;Electronic check;766;8930;57;247225;0,17;4,6;0,36;Silver;33;Urban;45;0
4487-ZYJZK;Female;0;1;1;0;0;No internet service;No internet service;No internet service;One year;0;Credit card (automatic);196;7631;191;233512;0,03;3,9;0,34;Gold;23;Urban;16;0
2959-FENLU;Female;0;0;1;0;Fiber optic;0;0;1;Month-to-month;1;Credit card (automatic);853;7814;21;147501;0,11;3,7;0,01;Gold;25;Urban;14;0
0708-LGSMF;Male;0;1;1;1;DSL;1;0;0;Month-to-month;1;Electronic check;6585;90225;52;112556;0,07;4,2;0,99;Silver;50;Suburban;6;0
9253-QXKBE;Male;1;1;1;1;Fiber optic;0;0;0;Month-to-month;1;Electronic check;9445;265365;152;147963;0,16;4,4;0,61;Gold;49;Rural;29;0
7634-HLQJR;Female;0;1;1;0;0;No internet service;No internet service;No internet service;Two year;0;Credit card (automatic);2005;10167;269;86563;0,25;3,4;0,42;Bronze;53;Urban;38;1
0487-RPVUM;Male;0;1;1;1;Fiber optic;1;0;1;Month-to-month;0;Bank transfer (automatic);994;594365;247;85840;0,13;3,4;0,01;Bronze;53;Urban;13;1
4079-ULGFR;Male;0;0;1;0;0;No internet service;No internet service;No internet service;Month-to-month;0;Mailed check;200;2757;92;95154;0,13;4,9;0,07;Gold;51;Urban;30;0
2516-XSJKX;Female;0;1;1;0;DSL;1;1;0;Two year;0;Electronic check;7845;312645;169;104194;0,27;4,2;0,28;Bronze;19;Suburban;8;1
0057-QBUQH;Female;0;0;1;1;0;No internet service;No internet service;No internet service;Two year;1;Electronic check;251;107015;153;233520;0,17;3,8;0,99;Bronze;30;Suburban;8;0
9445-SZLCH;Female;0;1;1;1;Fiber optic;0;1;1;Month-to-month;1;Bank transfer (automatic);9735;34579;194;103528;0,17;4,6;0,95;Silver;27;Urban;48;1
6599-SFQVE;Female;0;0;1;0;DSL;0;0;0;Month-to-month;1;Electronic check;550;3404;23;240474;0,08;4,1;0,74;Silver;24;Urban;57;1
8331-ZXFOE;Female;0;0;1;1;DSL;1;1;1;One year;1;Credit card (automatic);711;42992;225;84352;0,18;3,5;0,97;Platinum;20;Suburban;52;1
4003-FUSHP;Male;0;0;1;0;DSL;0;0;0;Month-to-month;1;Credit card (automatic);6155;10932;75;80184;0,17;3,4;0,11;Platinum;44;Urban;1;1
0356-ERHVT;Male;0;1;1;0;DSL;0;0;0;Month-to-month;1;Bank transfer (automatic);459;5219;59;221456;0,12;3,8;0,28;Silver;31;Suburban;43;0
7325-ENZFI;Female;0;0;0;No phone service;DSL;1;1;0;One year;1;Bank transfer (automatic);403;16304;207;94319;0,03;4,7;0,25;Silver;47;Rural;21;1
4884-ZTHVF;Female;1;0;1;0;Fiber optic;0;1;0;Month-to-month;1;Electronic check;871;7136;28;200497;0,26;3,1;0,07;Gold;51;Suburban;15;1
3920-HIHMQ;Female;0;0;1;1;DSL;0;0;0;Month-to-month;1;Mailed check;495;126565;86;231521;0,22;3,4;0,97;Silver;40;Urban;1;1
3055-OYMSE;Female;1;0;1;0;Fiber optic;0;1;0;Month-to-month;1;Credit card (automatic);738;400385;210;136333;0,16;4,8;0,06;Bronze;34;Suburban;14;0
0613-WUXUM;Female;0;1;1;0;0;No internet service;No internet service;No internet service;Two year;1;Mailed check;192;14014;300;121205;0,14;3,2;0,86;Gold;32;Urban;5;1
7568-PODML;Male;0;0;0;No phone service;DSL;0;0;0;Month-to-month;1;Mailed check;453;453;2;90426;0,06;4,3;0,77;Gold;24;Suburban;22;1
4458-KVRBJ;Male;0;0;1;1;0;No internet service;No internet service;No internet service;Two year;0;Mailed check;250;15105;305;87504;0,09;3,4;0,38;Bronze;20;Suburban;53;1
5349-IECLD;Male;0;0;1;0;Fiber optic;0;0;1;Month-to-month;0;Electronic check;9495;1781;7;196775;0,23;4,2;0,02;Gold;26;Urban;27;1
1397-XKKWR;Male;0;0;0;No phone service;DSL;1;0;1;One year;0;Mailed check;353;2648;23;113368;0,14;3,8;0,01;Silver;20;Urban;42;0
3945-GFWQL;Female;0;0;1;0;DSL;0;0;0;Month-to-month;1;Electronic check;4455;4806;29;183841;0,26;3,2;0,02;Bronze;52;Urban;16;1
8097-OMULG;Male;0;1;1;0;DSL;0;1;1;One year;0;Credit card (automatic);7675;45419;174;196744;0,04;4,2;0,49;Silver;25;Urban;35;0
6013-BHCAW;Male;0;1;1;1;DSL;0;0;1;Two year;1;Bank transfer (automatic);810;497615;353;88724;0,15;4,4;0,46;Bronze;43;Suburban;18;0
0401-WDBXM;Male;0;1;1;1;Fiber optic;1;0;1;Two year;1;Bank transfer (automatic);10555;754225;231;216156;0,19;4,4;0,59;Bronze;32;Suburban;4;0
3387-PLKUI;Female;0;1;1;0;0;No internet service;No internet service;No internet service;Month-to-month;0;Mailed check;188;25125;34;245882;0,16;4,3;0,77;Gold;22;Urban;22;0
6096-EGVTU;Female;0;1;1;1;0;No internet service;No internet service;No internet service;One year;0;Mailed check;249;15955;245;162297;0,27;4;0,38;Platinum;30;Urban;43;1
3797-VTIDR;Male;0;1;0;No phone service;DSL;0;0;0;Month-to-month;1;Electronic check;2345;2345;3;205099;0,03;4;0,16;Bronze;32;Urban;18;1
5081-NWSUP;Female;0;0;1;0;DSL;0;1;0;One year;0;Mailed check;649;68555;21;158872;0,03;4,3;0,08;Platinum;29;Urban;0;0
2580-ATZSQ;Female;0;1;1;0;DSL;1;1;1;One year;0;Bank transfer (automatic);6135;38741;214;231944;0,04;4,4;0,33;Bronze;52;Suburban;26;0
8085-MSNLK;Female;0;1;1;1;Fiber optic;1;1;1;Two year;0;Mailed check;11395;68914;258;150333;0,04;4,3;0,29;Bronze;25;Urban;42;0
9691-HKOVS;Female;0;1;1;1;DSL;1;1;1;One year;1;Electronic check;9015;491695;231;82596;0,02;4,2;0,76;Bronze;27;Suburban;24;0
9881-VCZEP;Female;0;1;1;1;DSL;0;1;0;Month-to-month;0;Electronic check;541;13730;85;97167;0,11;3,3;0,93;Bronze;51;Suburban;53;1
9526-BIHHD;Male;0;0;0;No phone service;DSL;1;0;0;Month-to-month;0;Mailed check;297;297;3;167844;0,22;3,4;0,91;Bronze;25;Suburban;5;1
8757-TFHHJ;Male;0;0;1;0;DSL;1;0;0;Month-to-month;1;Credit card (automatic);498;498;5;169751;0,12;3,5;0,14;Platinum;39;Urban;35;0
4523-WXCEF;Female;0;1;1;1;Fiber optic;0;1;0;Month-to-month;0;Electronic check;1011;60399;207;209817;0,19;4,8;0,05;Bronze;29;Suburban;58;1
1468-DEFNC;Male;1;1;1;1;0;No internet service;No internet service;No internet service;Two year;1;Bank transfer (automatic);244;154865;194;160520;0,23;4,5;0,09;Bronze;39;Suburban;16;1
5119-KEPFY;Male;0;1;1;1;Fiber optic;0;0;0;Month-to-month;1;Bank transfer (automatic);950;344025;107;138326;0,16;4,1;0,96;Gold;44;Suburban;11;0
8364-TRMMK;Female;0;0;1;1;DSL;0;0;0;Month-to-month;1;Mailed check;5065;1513;11;157670;0,16;3,5;0,22;Bronze;35;Urban;24;0
0916-KNFAJ;Male;0;1;1;1;DSL;1;0;1;Two year;1;Mailed check;699;42267;307;221854;0,03;3,2;0,02;Silver;36;Urban;9;1
8319-QBEHW;Male;0;0;0;No phone service;DSL;0;1;0;One year;1;Bank transfer (automatic);3995;102375;73;104022;0,12;4,8;0,89;Silver;22;Suburban;54;1
3063-QFSZL;Female;0;0;1;0;DSL;0;0;0;Month-to-month;1;Electronic check;554;554;4;164458;0,16;4,8;0,97;Bronze;33;Urban;59;1
8775-LHDJH;Female;1;1;1;1;Fiber optic;0;1;0;Month-to-month;1;Electronic check;906;906;2;225690;0,14;3,2;0,07;Gold;27;Urban;57;1
9625-QNLUX;Male;0;1;1;0;Fiber optic;1;1;1;Two year;1;Credit card (automatic);10325;70744;249;228317;0,27;4,6;0,12;Bronze;36;Urban;45;1
3097-NQYSN;Male;1;1;1;1;Fiber optic;0;0;0;Month-to-month;1;Mailed check;8685;15635;10;163796;0,27;3,9;0,49;Bronze;18;Urban;38;1
4024-CSNBY;Female;0;1;1;1;Fiber optic;1;1;1;Two year;1;Bank transfer (automatic);9425;684975;241;221099;0,25;3,6;0,82;Bronze;39;Urban;58;1
7110-BDTWG;Female;0;1;0;No phone service;DSL;0;0;1;Two year;1;Electronic check;4705;32636;302;225058;0,11;4,5;0,57;Silver;34;Urban;54;1
7493-GVFIO;Male;0;0;1;0;0;No internet service;No internet service;No internet service;Two year;0;Credit card (automatic);2055;125285;160;190704;0,22;4,2;0,13;Silver;52;Urban;54;1
0690-SRQID;Male;0;0;1;0;0;No internet service;No internet service;No internet service;Month-to-month;1;Mailed check;1965;6755;19;214598;0,12;4,6;0,17;Silver;26;Urban;23;0
9605-WGJVW;Female;1;0;1;0;Fiber optic;0;0;0;Month-to-month;1;Electronic check;702;702;2;124361;0,07;3,1;0,86;Silver;22;Rural;10;1
9114-DPSIA;Male;0;1;1;1;DSL;1;1;1;Two year;0;Credit card (automatic);810;57500;389;118286;0,01;3,6;0,53;Silver;26;Urban;23;0
4700-UBQMV;Male;0;1;1;1;DSL;1;0;0;One year;1;Bank transfer (automatic);759;154975;58;109533;0,02;3,6;0,71;Bronze;28;Suburban;2;0
7711-GQBZC;Female;0;1;1;1;0;No internet service;No internet service;No internet service;Two year;0;Bank transfer (automatic);247;181055;390;229388;0,01;3,7;0,37;Platinum;31;Urban;39;0
3565-UNOCC;Female;1;1;1;1;Fiber optic;0;0;1;Month-to-month;1;Bank transfer (automatic);9905;295285;98;219771;0,14;4;0,53;Platinum;41;Suburban;19;0
4627-MIHJH;Female;1;0;1;1;Fiber optic;1;0;1;Two year;0;Credit card (automatic);11025;746755;337;207441;0,29;3,6;0,98;Silver;37;Urban;22;1
9795-NREXC;Female;0;1;1;1;DSL;1;0;1;Two year;1;Credit card (automatic);850;54844;209;177079;0,09;3,9;0,33;Bronze;50;Urban;4;0
8573-CGOCC;Male;0;0;1;0;0;No internet service;No internet service;No internet service;Month-to-month;0;Credit card (automatic);1975;2949;89;180960;0,27;3,7;0,67;Silver;21;Suburban;59;1
7356-AYNJP;Female;0;0;1;1;0;No internet service;No internet service;No internet service;One year;0;Electronic check;239;975;10;138465;0,07;4,5;0,17;Bronze;33;Urban;35;0
9249-FXSCK;Female;0;0;1;1;Fiber optic;1;1;0;One year;1;Credit card (automatic);11125;591645;141;227745;0,06;4,2;0,12;Silver;42;Urban;12;0
5493-SDRDQ;Male;0;0;1;0;DSL;1;0;1;Month-to-month;1;Mailed check;551;11335;7;103395;0,16;4,3;0,78;Bronze;18;Urban;35;0
6286-SUUWT;Male;0;0;1;0;0;No internet service;No internet service;No internet service;Month-to-month;0;Mailed check;1995;1995;2;184162;0,02;3,4;0,84;Gold;41;Urban;5;1
4819-HJPIW;Male;0;0;0;No phone service;DSL;0;0;0;Month-to-month;0;Mailed check;2515;4768;50;210704;0,01;3,7;0,67;Bronze;20;Suburban;1;0
8654-DHAOW;Female;0;0;1;1;DSL;0;1;0;Month-to-month;0;Mailed check;5415;10165;11;234779;0,07;3;0,16;Platinum;49;Rural;28;1
5438-QMDDL;Female;0;1;1;0;DSL;0;1;0;Month-to-month;1;Mailed check;598;113085;112;155937;0,14;3,2;0,24;Bronze;51;Urban;4;1
9812-GHVRI;Female;0;0;1;1;Fiber optic;0;0;0;Month-to-month;0;Bank transfer (automatic);8385;353225;140;209647;0,01;3,5;0,91;Silver;42;Urban;14;0
5553-AOINX;Female;1;1;1;1;Fiber optic;0;1;1;One year;1;Electronic check;1049;689145;375;200650;0,21;3,1;0,29;Platinum;20;Urban;7;1
1228-ZLNBX;Male;0;0;1;1;Fiber optic;0;0;0;Month-to-month;0;Mailed check;753;15707;87;210744;0,15;4,2;0,82;Bronze;24;Urban;33;0
4226-KKDON;Male;0;0;1;0;DSL;0;1;0;Month-to-month;1;Electronic check;6665;52095;24;171512;0,05;5;0,29;Platinum;52;Urban;52;1
3831-YCPUO;Female;0;1;1;0;Fiber optic;1;1;1;Two year;1;Credit card (automatic);1095;78549;346;219830;0,27;3,2;0,94;Bronze;46;Suburban;54;1
7445-WMRBW;Female;0;0;1;1;DSL;0;1;1;One year;1;Bank transfer (automatic);7385;35814;222;147009;0,09;4,6;0,91;Platinum;42;Urban;36;0
3308-DGHKL;Male;0;0;1;0;0;No internet service;No internet service;No internet service;Two year;1;Bank transfer (automatic);193;14479;410;224353;0,22;3,2;0,04;Platinum;45;Suburban;25;1
9924-JPRMC;Male;0;0;1;1;Fiber optic;1;1;1;Two year;1;Electronic check;1182;854715;220;112548;0,23;4,3;0,77;Bronze;41;Urban;8;1
0080-EMYVY;Female;0;0;1;0;DSL;0;1;0;One year;0;Credit card (automatic);5145;72785;65;98371;0,29;4,3;0,17;Gold;22;Suburban;56;1
6218-KNUBD;Male;0;0;1;0;DSL;0;1;0;Month-to-month;0;Electronic check;5945;3576;13;185977;0,15;4,8;0,22;Bronze;44;Suburban;7;0
7337-CINUD;Female;0;1;1;0;0;No internet service;No internet service;No internet service;Two year;0;Bank transfer (automatic);195;15935;19;230716;0,18;3,2;0,46;Bronze;27;Urban;13;1
7609-NRNCA;Female;0;0;1;0;0;No internet service;No internet service;No internet service;One year;0;Mailed check;1955;28085;34;234946;0,01;3,6;0,58;Bronze;29;Suburban;47;1
0623-EJQEG;Male;0;0;1;1;Fiber optic;1;0;0;One year;0;Electronic check;9355;606925;389;94281;0,02;3,2;0,33;Bronze;35;Urban;24;1
7153-CHRBV;Female;0;1;1;0;DSL;1;0;1;One year;1;Mailed check;593;327435;296;233361;0,14;3,8;0,58;Silver;25;Urban;33;0
0871-URUWO;Male;0;1;1;1;Fiber optic;0;0;1;Month-to-month;1;Credit card (automatic);10225;13590;66;216126;0,13;4,8;0,17;Silver;47;Urban;2;0
9190-MFJLN;Male;1;0;1;0;Fiber optic;0;0;1;Month-to-month;1;Credit card (automatic);959;17779;76;180020;0,26;4,6;0,02;Gold;26;Urban;31;1
6198-PNNSZ;Female;0;1;1;1;Fiber optic;1;1;1;One year;0;Bank transfer (automatic);1098;610965;179;187508;0,02;4,4;0,57;Bronze;42;Urban;35;0
3317-VLGQT;Female;0;1;1;0;Fiber optic;0;0;0;Month-to-month;1;Electronic check;781;11224;36;146846;0,26;4,1;0,52;Platinum;47;Urban;46;1
4132-POCZS;Male;0;1;0;No phone service;DSL;1;0;0;Month-to-month;1;Electronic check;399;20209;163;174682;0,26;4,8;0,69;Bronze;19;Urban;4;1
5614-DNZCE;Female;0;0;1;0;DSL;1;1;1;Two year;1;Credit card (automatic);649;379545;203;109312;0,15;3,9;0,65;Bronze;34;Urban;14;0
1095-JUDTC;Female;1;0;1;1;Fiber optic;0;1;0;Month-to-month;1;Electronic check;9505;450455;236;194186;0,15;3,3;0,09;Gold;24;Rural;57;1
3896-RCYYE;Female;0;0;0;No phone service;DSL;0;0;1;Month-to-month;1;Credit card (automatic);534;357915;278;84257;0,11;4,7;0,46;Gold;39;Suburban;27;0
9638-JIQYA;Male;0;0;0;No phone service;DSL;0;0;0;Month-to-month;1;Credit card (automatic);249;497;4;226918;0,03;3,6;0,01;Gold;27;Urban;17;1
3258-SANFR;Male;1;0;1;0;DSL;0;0;0;Month-to-month;0;Credit card (automatic);447;2765;12;233555;0,03;3,1;0,63;Silver;43;Suburban;44;1
3726-TBHQT;Male;0;1;1;1;Fiber optic;1;1;1;Two year;1;Bank transfer (automatic);1140;81759;171;106558;0,18;3,3;0,68;Bronze;30;Suburban;10;1
3190-ITQXP;Female;0;1;1;0;0;No internet service;No internet service;No internet service;Two year;0;Bank transfer (automatic);2025;89035;167;123188;0,02;4,2;0,52;Bronze;45;Urban;9;0
0870-VEMYL;Female;0;0;1;0;DSL;1;0;0;Month-to-month;0;Credit card (automatic);5385;2598;28;224084;0,28;4,2;0,69;Silver;53;Urban;3;1
4833-QTJNO;Male;1;1;1;1;Fiber optic;1;1;0;Month-to-month;0;Bank transfer (automatic);8385;55888;304;113236;0,23;3,5;0,32;Silver;28;Rural;19;1
3039-MJSLN;Male;0;0;1;0;0;No internet service;No internet service;No internet service;Month-to-month;0;Bank transfer (automatic);202;506;15;125076;0,19;4,5;0,15;Bronze;26;Suburban;4;0
0178-CIIKR;Female;0;0;1;0;0;No internet service;No internet service;No internet service;Month-to-month;0;Mailed check;1995;580;11;128402;0,04;4,5;0,66;Silver;33;Suburban;53;1
5385-SUIRI;Male;1;1;1;1;Fiber optic;1;0;1;Month-to-month;1;Electronic check;1042;556835;179;174467;0,11;4,8;0,25;Gold;34;Urban;0;0
3982-XWFZQ;Female;0;1;1;1;DSL;0;0;0;Month-to-month;1;Electronic check;5025;220365;102;243148;0,04;4,2;0,46;Gold;22;Suburban;12;0
5774-QPLTF;Male;0;1;1;0;0;No internet service;No internet service;No internet service;One year;1;Mailed check;2035;93895;275;160337;0,26;4,6;0,49;Bronze;22;Urban;45;1
2322-VCZHZ;Male;1;1;1;0;Fiber optic;1;1;0;Month-to-month;1;Electronic check;900;20241;118;195827;0,22;4,5;0,48;Silver;48;Suburban;21;1
5010-IPEAQ;Female;0;1;0;No phone service;DSL;1;1;1;Two year;0;Credit card (automatic);542;362395;179;154264;0,23;3,5;0,06;Bronze;19;Suburban;47;1
4009-ALQFH;Female;0;0;1;0;Fiber optic;0;1;1;Month-to-month;1;Electronic check;995;236905;101;97335;0,02;3,6;0,03;Bronze;44;Urban;12;0
6383-ZTSIW;Female;1;1;1;0;Fiber optic;1;1;0;One year;0;Mailed check;991;387795;154;123773;0,15;4;0,99;Gold;36;Suburban;14;0
8990-YOZLV;Female;0;0;1;1;DSL;1;1;0;Two year;1;Mailed check;669;45779;310;108570;0,04;3;0,72;Silver;42;Suburban;8;1
3069-SSVSN;Female;0;0;0;No phone service;DSL;0;0;0;One year;0;Mailed check;2585;2585;5;167995;0,01;3,6;0,43;Gold;30;Urban;2;0
5222-IMUKT;Male;0;0;1;0;Fiber optic;0;0;0;Month-to-month;0;Electronic check;9105;28715;138;120658;0,04;3,9;0,19;Bronze;46;Urban;1;0
3627-FCRDW;Female;0;0;1;0;Fiber optic;0;0;0;Month-to-month;0;Electronic check;710;67255;37;200640;0,22;3,2;0,08;Platinum;36;Suburban;11;1
7562-GSUHK;Female;0;0;1;0;Fiber optic;0;1;1;Month-to-month;1;Credit card (automatic);932;15737;35;152613;0,05;3,3;0,67;Bronze;52;Rural;23;1
6685-XSHHU;Male;0;1;1;0;0;No internet service;No internet service;No internet service;Two year;1;Bank transfer (automatic);2095;127055;135;138194;0,21;3,9;0,32;Gold;42;Suburban;17;1
8901-UPRHR;Female;0;1;1;1;Fiber optic;0;1;1;Two year;1;Bank transfer (automatic);1092;771145;197;191872;0,21;4,5;0,23;Bronze;26;Urban;55;1
4903-UYAVB;Male;0;1;1;0;0;No internet service;No internet service;No internet service;Month-to-month;0;Mailed check;1935;12605;10;245031;0,14;4,7;0,38;Bronze;52;Urban;57;1
0118-JPNOY;Female;1;0;1;0;Fiber optic;1;0;0;Month-to-month;1;Credit card (automatic);858;219365;129;188558;0,04;4,1;0,59;Bronze;32;Urban;35;0
6776-TLWOI;Male;0;0;1;0;0;No internet service;No internet service;No internet service;Month-to-month;0;Mailed check;1985;6455;14;148582;0,09;3,9;0,67;Bronze;39;Suburban;24;0
3845-FXCYS;Male;0;0;1;0;0;No internet service;No internet service;No internet service;Month-to-month;1;Electronic check;1965;312;5;223775;0,01;3,8;0,65;Silver;30;Suburban;51;1
5857-XRECV;Female;0;0;1;0;0;No internet service;No internet service;No internet service;One year;0;Bank transfer (automatic);205;3825;10;129456;0,21;3,4;0,86;Platinum;47;Suburban;14;1
0725-CXOTM;Female;0;0;1;1;DSL;1;0;1;One year;1;Credit card (automatic);8965;33481;94;135491;0,03;3,3;0,22;Bronze;38;Suburban;0;1
4343-EJVQB;Male;0;0;1;0;Fiber optic;1;0;0;Month-to-month;0;Mailed check;7435;5336;22;88043;0,25;4,6;0,64;Silver;42;Urban;7;1
9000-PLFUZ;Female;1;1;0;No phone service;DSL;0;1;0;Two year;1;Credit card (automatic);4945;290755;179;183212;0,23;3,9;0,01;Gold;42;Urban;48;1
3427-GGZZI;Female;0;1;1;1;Fiber optic;0;1;0;Month-to-month;1;Electronic check;891;16208;66;148340;0,06;4,6;0,55;Silver;39;Rural;36;0
7779-ORAEL;Male;1;1;1;1;DSL;1;0;1;Two year;0;Credit card (automatic);7515;348035;135;221248;0,22;4,4;0,58;Bronze;20;Suburban;6;1
0644-OQMDK;Male;1;0;1;0;Fiber optic;0;0;0;Month-to-month;1;Electronic check;7065;29385;15;215008;0,02;3,4;0,22;Platinum;26;Urban;34;1
4077-CROMM;Female;0;1;1;1;Fiber optic;0;0;1;Month-to-month;1;Electronic check;1042;324345;112;111174;0,22;4;0,39;Bronze;41;Urban;37;1
3154-CFSZG;Male;0;1;1;0;Fiber optic;1;0;1;Month-to-month;0;Electronic check;9005;41372;279;162632;0,06;3,9;0,83;Silver;49;Urban;44;0
2868-MZAGQ;Male;0;0;1;0;Fiber optic;0;0;0;Month-to-month;1;Electronic check;7925;7925;2;168768;0,05;3,8;0,15;Gold;34;Urban;15;1
4847-QNOKA;Female;0;0;1;0;DSL;0;0;0;Month-to-month;1;Bank transfer (automatic);449;449;2;205775;0,07;4,1;0,43;Bronze;41;Urban;58;1
2220-IAHLS;Female;0;0;1;0;0;No internet service;No internet service;No internet service;Month-to-month;0;Credit card (automatic);194;194;2;188177;0,11;5;0,93;Gold;25;Urban;16;1
1658-XUHBX;Female;1;1;1;1;Fiber optic;0;0;1;Month-to-month;1;Credit card (automatic);8875;534865;265;105909;0,24;4,6;0,05;Bronze;23;Suburban;37;1
6379-RXJRQ;Male;0;1;1;0;Fiber optic;0;0;0;Month-to-month;1;Electronic check;701;65965;22;124158;0,22;4,8;0,73;Bronze;26;Urban;29;1
2378-HTWFW;Male;1;0;1;1;Fiber optic;1;0;0;Month-to-month;0;Credit card (automatic);910;31805;187;219438;0,28;3,1;0,83;Bronze;32;Rural;36;1
8650-RHRKE;Male;0;0;0;No phone service;DSL;0;0;1;Month-to-month;1;Electronic check;2965;1185;16;204296;0,02;3,3;0,02;Platinum;41;Urban;17;1
4377-VDHYI;Male;0;1;1;0;Fiber optic;1;1;0;One year;1;Electronic check;908;302385;131;139331;0;3,2;0,22;Gold;28;Urban;35;1
0475-RIJEP;Male;0;0;1;1;Fiber optic;0;1;0;Month-to-month;1;Electronic check;7785;336585;182;239914;0,21;3,5;0,76;Bronze;48;Urban;11;1
1260-TTRXI;Male;0;0;1;0;DSL;0;0;0;Month-to-month;0;Electronic check;543;1953;10;228530;0,08;3,9;0,75;Bronze;30;Urban;27;0
3719-TDVQB;Female;1;1;1;0;0;No internet service;No internet service;No internet service;Two year;1;Mailed check;1895;10311;150;167367;0,01;4,3;0,06;Bronze;47;Urban;47;1
6328-ZPBGN;Female;1;0;1;1;Fiber optic;0;0;0;Month-to-month;1;Bank transfer (automatic);9515;99765;36;145382;0,16;4;0,32;Silver;42;Urban;10;0
0201-MIBOL;Female;1;0;1;1;Fiber optic;1;0;0;Two year;1;Bank transfer (automatic);1024;647185;288;154319;0,03;4,8;0,04;Gold;29;Urban;59;1
4937-QPZPO;Male;0;1;1;1;Fiber optic;0;0;1;One year;1;Electronic check;999;624135;173;91170;0,19;4,9;0,83;Platinum;38;Urban;58;1
2925-VDZHY;Male;0;1;1;1;DSL;1;1;1;Two year;0;Credit card (automatic);887;650135;177;199952;0,01;3,3;0,42;Gold;41;Urban;42;1
6981-TDRFT;Male;0;1;0;No phone service;DSL;0;0;1;One year;1;Electronic check;543;23171;258;160145;0,19;4,7;0,93;Silver;43;Urban;54;1
3413-CSSTH;Male;0;0;1;1;DSL;0;0;1;Month-to-month;1;Bank transfer (automatic);557;223755;85;185626;0,25;4;0,1;Bronze;29;Rural;5;1
8033-VCZGH;Male;0;1;1;1;Fiber optic;1;0;1;One year;1;Electronic check;10395;52313;260;96208;0,05;3,9;0,78;Bronze;54;Suburban;58;1
4789-KWMXN;Male;0;1;1;1;Fiber optic;1;0;1;One year;1;Credit card (automatic);11085;52758;242;246250;0,28;4,6;0,67;Silver;38;Urban;25;1
0224-NIJLP;Male;0;1;1;0;0;No internet service;No internet service;No internet service;Two year;0;Mailed check;2015;1655;25;220111;0,16;3,2;0,39;Silver;40;Rural;15;1
7542-CYDDM;Male;0;0;1;0;0;No internet service;No internet service;No internet service;Month-to-month;0;Mailed check;2005;3585;45;94990;0,28;4,8;0,07;Gold;18;Urban;37;1
4718-WXBGI;Male;0;1;1;1;DSL;1;1;1;Two year;1;Credit card (automatic);9195;66149;185;217513;0,06;4,3;0,57;Bronze;27;Urban;8;0
2867-UIMSS;Male;0;0;1;0;Fiber optic;0;0;0;Month-to-month;0;Electronic check;805;805;4;209327;0,18;4,8;0,36;Bronze;52;Urban;17;1
8495-PRWFH;Female;1;0;1;1;DSL;0;0;1;Month-to-month;0;Electronic check;5565;242175;191;159314;0,12;5;0,35;Silver;45;Suburban;32;0
0439-IFYUN;Female;1;0;1;0;Fiber optic;0;1;0;Month-to-month;1;Electronic check;747;12946;92;106862;0,23;4;0,69;Platinum;18;Urban;49;1
5716-LIBJC;Female;0;0;1;1;Fiber optic;0;1;1;One year;1;Credit card (automatic);10415;12991;74;238345;0,18;3,2;0,46;Gold;25;Urban;18;1
2868-LLSKM;Female;0;1;1;1;Fiber optic;0;1;0;One year;1;Bank transfer (automatic);8365;57334;324;173949;0,15;3,3;0,75;Bronze;40;Urban;8;1
8111-RKSPX;Male;0;0;1;1;Fiber optic;0;0;0;Month-to-month;1;Bank transfer (automatic);722;30555;10;210223;0,27;3,6;0,04;Gold;37;Urban;45;1
2988-QRAJY;Male;0;0;1;1;Fiber optic;1;1;1;Two year;1;Credit card (automatic);11005;743075;205;83956;0,11;3,2;0,15;Silver;49;Suburban;43;1
1585-MQSSU;Male;0;0;1;0;DSL;0;0;0;Month-to-month;0;Mailed check;515;9005;91;168789;0,07;4,6;0,46;Bronze;40;Suburban;41;0
0071-NDAFP;Male;0;1;1;1;0;No internet service;No internet service;No internet service;Two year;0;Credit card (automatic);255;6306;70;169451;0,18;3,6;0,95;Bronze;24;Urban;8;0
2856-NNASM;Male;1;0;1;0;Fiber optic;0;0;0;Month-to-month;1;Mailed check;8955;385675;98;197782;0,19;5;0,08;Silver;28;Suburban;43;0
7328-ZJAJO;Female;0;1;1;0;0;No internet service;No internet service;No internet service;Two year;0;Credit card (automatic);195;122265;283;82365;0,13;4,4;0,21;Silver;25;Suburban;4;0
6458-CYIDZ;Female;1;0;1;0;Fiber optic;1;1;0;Month-to-month;0;Electronic check;807;3748;18;152204;0,15;3,3;0,39;Silver;31;Suburban;22;1
8559-CIZFV;Male;0;1;1;1;DSL;1;1;0;One year;0;Mailed check;775;16250;119;216072;0,29;4;0,93;Silver;31;Urban;50;1
1090-PYKCI;Female;0;1;1;1;Fiber optic;1;1;1;One year;1;Credit card (automatic);1051;72348;317;137072;0,22;3,9;0,12;Bronze;53;Urban;41;1
3058-WQDRE;Male;0;0;0;No phone service;DSL;0;0;0;Month-to-month;1;Bank transfer (automatic);2515;33185;30;132499;0,03;4;0,25;Bronze;44;Suburban;33;0
7547-EKNFS;Male;0;1;1;1;Fiber optic;0;1;1;Month-to-month;1;Bank transfer (automatic);9525;395935;243;149211;0,06;4,1;0,26;Gold;37;Suburban;37;0
2279-AXJJK;Male;0;1;1;1;Fiber optic;0;1;0;Month-to-month;1;Credit card (automatic);9565;50884;157;223979;0,29;3,1;0,57;Silver;42;Urban;21;1
6769-DYBQN;Male;1;0;1;0;Fiber optic;1;0;0;Month-to-month;0;Electronic check;850;39694;154;228408;0,22;4,4;0,41;Silver;46;Urban;4;1
0909-SELIE;Male;0;1;1;1;DSL;1;1;1;Two year;1;Bank transfer (automatic);808;486085;220;165220;0,27;4;0,08;Bronze;31;Urban;0;1
3417-TSCIC;Male;0;0;0;No phone service;DSL;0;0;0;One year;1;Mailed check;2485;78805;63;173847;0,09;4,6;0,63;Bronze;45;Urban;25;0
1042-HFUCW;Female;0;0;1;0;DSL;0;1;0;One year;1;Credit card (automatic);5475;126635;99;189459;0,22;4,6;0,01;Bronze;47;Urban;17;1
4439-JMPMT;Female;0;1;1;0;Fiber optic;0;0;0;Month-to-month;1;Electronic check;8575;47095;12;157755;0,21;3,5;0,61;Bronze;32;Urban;54;1
6537-OTKMY;Male;0;0;0;No phone service;DSL;0;0;1;One year;0;Electronic check;5075;6882;54;148783;0,09;3,1;0,51;Silver;38;Urban;25;1
8999-EXMNO;Female;0;1;1;0;0;No internet service;No internet service;No internet service;Two year;0;Mailed check;2015;3877;64;207851;0,17;4,4;0,49;Gold;29;Urban;14;0
6725-TPKJO;Male;0;0;1;0;0;No internet service;No internet service;No internet service;Two year;0;Mailed check;2005;84525;224;86472;0,19;5;0,07;Bronze;28;Urban;1;0
2446-BEGGB;Female;1;0;1;1;Fiber optic;0;1;0;Month-to-month;1;Electronic check;9825;5606;31;233452;0,14;3,9;0,64;Gold;23;Urban;52;1
7162-WPHPM;Male;0;1;1;1;DSL;1;1;1;Two year;0;Credit card (automatic);716;423025;151;183152;0,25;3,5;0,43;Gold;20;Urban;14;1
1599-MMYRQ;Male;0;1;1;0;Fiber optic;1;1;0;One year;1;Credit card (automatic);8145;498305;214;238352;0,25;3,3;0,41;Bronze;32;Urban;10;1
8821-KVZKQ;Female;0;1;0;No phone service;DSL;0;1;1;One year;1;Bank transfer (automatic);584;411315;244;232931;0,26;3,6;0,06;Silver;51;Urban;57;1
1496-GGSUK;Female;1;0;0;No phone service;DSL;0;0;0;Month-to-month;1;Mailed check;257;257;2;219334;0,24;3,7;0,61;Bronze;21;Urban;44;1
6434-TTGJP;Male;0;1;0;No phone service;DSL;1;1;1;Two year;0;Credit card (automatic);537;5210;51;222138;0,15;3,8;0,02;Silver;51;Suburban;19;0
0042-JVWOJ;Male;0;0;1;0;0;No internet service;No internet service;No internet service;One year;1;Bank transfer (automatic);196;47185;125;226626;0,11;4,3;0,13;Bronze;23;Suburban;46;1
0130-SXOUN;Male;0;0;1;1;Fiber optic;0;1;0;Month-to-month;0;Credit card (automatic);894;59769;182;87008;0,25;3,5;0,24;Bronze;39;Urban;41;1
2575-GFSOE;Female;0;1;1;0;Fiber optic;0;0;0;Month-to-month;1;Electronic check;690;5069;24;167851;0,15;3,1;0,68;Silver;54;Urban;16;1
2330-PQGDQ;Male;0;1;1;1;Fiber optic;0;1;0;One year;0;Bank transfer (automatic);842;429975;123;160799;0,07;3,7;0,58;Bronze;49;Urban;4;0
1452-UZOSF;Male;0;1;1;1;Fiber optic;1;1;1;Two year;1;Credit card (automatic);1061;75486;324;96238;0,15;4,7;0,76;Bronze;45;Suburban;32;0
2097-YVPKN;Male;0;0;1;1;0;No internet service;No internet service;No internet service;Two year;0;Mailed check;2575;165475;161;97153;0,04;4;0,74;Bronze;43;Urban;50;1
2842-JTCCU;Male;0;0;1;0;DSL;0;0;0;Month-to-month;0;Bank transfer (automatic);4605;8035;11;139353;0,21;4,9;0,85;Silver;21;Suburban;43;1
8597-CTXVJ;Male;0;0;1;1;DSL;1;1;0;One year;0;Bank transfer (automatic);6495;45515;358;132092;0,01;4;0,38;Gold;27;Suburban;24;0
6631-HMANX;Male;0;1;1;1;DSL;0;1;1;Two year;1;Credit card (automatic);8545;62275;256;129104;0,08;3,6;0,35;Bronze;44;Suburban;6;0
9962-BFPDU;Female;0;1;1;0;0;No internet service;No internet service;No internet service;Month-to-month;0;Mailed check;2005;2005;4;235355;0,29;3,4;0,83;Bronze;37;Rural;33;1
3296-SILRA;Female;1;1;1;0;Fiber optic;0;1;0;Month-to-month;1;Mailed check;764;764;5;108887;0,23;4,4;0,24;Silver;53;Rural;52;1
9681-OXGVC;Female;0;0;1;1;Fiber optic;0;0;1;Month-to-month;1;Electronic check;1005;5140;21;84355;0,24;4,1;0,46;Bronze;22;Urban;14;1
6394-HHHZM;Male;0;0;1;0;0;No internet service;No internet service;No internet service;Month-to-month;0;Mailed check;207;575;8;113701;0,19;4,2;0,19;Silver;34;Suburban;51;1
5995-LFTLE;Male;0;0;1;1;0;No internet service;No internet service;No internet service;Two year;1;Credit card (automatic);253;147435;203;151442;0,25;4,5;0,91;Bronze;49;Urban;12;1
5180-UCIIQ;Male;1;1;0;No phone service;DSL;1;0;0;Month-to-month;0;Mailed check;4005;8802;118;92279;0,23;4,5;0,41;Gold;52;Urban;31;1
1932-UEDCX;Male;1;1;1;1;Fiber optic;0;1;0;Month-to-month;1;Bank transfer (automatic);1006;327025;151;200738;0,18;3,1;0,21;Silver;40;Urban;38;1
7153-OANIO;Male;0;0;1;0;Fiber optic;0;0;0;Month-to-month;0;Electronic check;6995;6995;4;219333;0,29;4,6;0,69;Bronze;30;Rural;13;1
5188-HGMLP;Male;1;1;1;1;Fiber optic;0;0;0;Month-to-month;0;Bank transfer (automatic);740;391915;295;215546;0,06;4,1;0,24;Silver;18;Suburban;19;0
0665-XHDJU;Male;0;1;1;1;Fiber optic;0;1;0;Two year;1;Electronic check;994;72857;401;171414;0,28;3,8;0,94;Silver;48;Urban;15;1
6521-YYTYI;Male;0;0;1;1;Fiber optic;0;0;0;Month-to-month;1;Electronic check;933;933;5;108390;0,12;4,1;0,37;Bronze;36;Suburban;29;0
8878-HMWBV;Male;0;0;1;0;DSL;0;0;1;Month-to-month;1;Electronic check;4915;16905;7;237997;0,16;4,2;0,66;Bronze;40;Urban;40;0
8265-HKSOW;Female;0;1;1;1;Fiber optic;1;1;1;Two year;0;Credit card (automatic);10745;76583;300;162174;0,04;3,3;0,35;Bronze;51;Urban;18;1
3544-FBCAS;Female;0;1;1;1;DSL;1;1;1;Two year;1;Credit card (automatic);836;59593;357;84787;0,16;3,8;0,81;Silver;21;Urban;21;0
5331-RGMTT;Male;1;1;1;1;Fiber optic;0;0;1;Month-to-month;1;Credit card (automatic);9905;52957;271;123724;0,18;3,7;0,09;Bronze;51;Urban;36;0
4759-PXTAN;Female;0;1;1;1;DSL;0;1;0;One year;1;Electronic check;801;46932;261;90663;0,03;3,7;0,79;Silver;47;Urban;9;1
7054-DMVAS;Male;0;0;1;0;DSL;1;1;0;Two year;1;Bank transfer (automatic);653;35129;144;227192;0,29;3,2;0,85;Gold;27;Suburban;7;1
3428-MMGUB;Male;0;0;1;1;Fiber optic;0;0;1;Two year;1;Electronic check;8955;52312;311;233812;0,29;3,3;0,01;Gold;23;Urban;28;1
6549-BTYPG;Female;0;1;0;No phone service;DSL;0;1;1;Two year;0;Credit card (automatic);608;360345;292;213107;0,01;3,3;0,92;Silver;29;Urban;13;1
7823-JSOAG;Male;0;0;1;1;Fiber optic;0;0;0;Month-to-month;0;Electronic check;745;21745;7;180271;0,03;3,7;0,62;Silver;29;Urban;10;1
3705-RHRFR;Female;0;1;1;1;Fiber optic;1;0;0;Two year;0;Bank transfer (automatic);9915;687535;266;147388;0,14;4,8;0,87;Silver;35;Suburban;29;0
9374-YOLBJ;Female;0;1;1;0;0;No internet service;No internet service;No internet service;Month-to-month;0;Electronic check;1925;1925;2;132335;0,26;3,4;0,68;Platinum;53;Rural;32;1
9074-KGVOX;Male;0;1;0;No phone service;DSL;1;0;0;Month-to-month;1;Credit card (automatic);3945;202135;167;123315;0,06;3,8;0,02;Bronze;52;Suburban;41;0
6128-DAFVY;Female;0;0;0;No phone service;DSL;0;0;0;Month-to-month;1;Credit card (automatic);4485;256495;116;184922;0,15;3,6;0,61;Bronze;42;Urban;33;0
9933-QRGTX;Female;0;1;1;0;Fiber optic;1;0;0;Two year;1;Electronic check;972;561175;216;126627;0,29;4,6;0,09;Bronze;39;Urban;38;1
4476-OSWTN;Male;1;1;1;1;Fiber optic;1;0;1;One year;1;Mailed check;11055;76101;289;219375;0,28;3,1;0,07;Silver;47;Urban;48;1
3751-KTZEL;Female;0;0;0;No phone service;DSL;0;0;0;Month-to-month;0;Mailed check;3505;3505;4;129334;0,21;3,4;0,41;Bronze;46;Urban;36;1
1977-STDKI;Female;1;0;1;0;Fiber optic;0;1;0;Month-to-month;1;Electronic check;730;730;4;145700;0,24;3,4;0,15;Bronze;24;Suburban;55;1
5066-GFJMM;Female;0;1;1;0;0;No internet service;No internet service;No internet service;Month-to-month;1;Mailed check;199;4575;16;119726;0,05;5;0,98;Silver;20;Urban;41;0
2661-GKBTK;Male;0;1;1;0;DSL;0;1;0;Two year;0;Bank transfer (automatic);7695;454395;171;110694;0,22;4,1;0,09;Platinum;38;Rural;36;1
0458-HEUZG;Female;0;0;0;No phone service;DSL;0;0;1;Two year;0;Mailed check;354;4504;32;242325;0,19;3,3;0,89;Platinum;37;Suburban;4;1
7268-WNTCP;Male;0;1;1;0;0;No internet service;No internet service;No internet service;Two year;0;Bank transfer (automatic);2045;129735;335;235302;0,03;3,5;0,79;Gold;26;Urban;40;0
0824-VWDPO;Female;0;0;1;1;Fiber optic;1;1;0;One year;0;Bank transfer (automatic);9675;444275;118;143545;0,03;3,3;0,69;Bronze;53;Urban;42;1
8409-WQJUX;Female;0;0;0;No phone service;DSL;0;0;1;One year;0;Electronic check;542;142315;147;227997;0,03;3,2;0,66;Gold;31;Urban;46;1
2578-JQPHZ;Male;0;0;1;0;Fiber optic;0;0;1;Two year;0;Bank transfer (automatic);1001;437835;236;86033;0,22;4,6;0,11;Gold;35;Urban;58;1
3278-FSIXX;Female;0;0;1;0;DSL;0;0;0;Month-to-month;1;Mailed check;4525;742;8;142461;0,04;4;0,09;Platinum;50;Suburban;4;0
5813-UECBU;Male;1;0;1;1;Fiber optic;0;1;1;Month-to-month;1;Credit card (automatic);8385;27163;195;82665;0,14;4,3;0,88;Silver;19;Urban;16;0
0328-GRPMV;Female;0;0;1;0;Fiber optic;0;0;0;Month-to-month;1;Electronic check;701;701;2;107025;0,11;3,7;0,75;Bronze;54;Suburban;18;1
9746-UGFAC;Female;0;0;1;0;0;No internet service;No internet service;No internet service;One year;0;Bank transfer (automatic);2085;45065;70;234605;0,17;4,1;0,93;Bronze;48;Urban;45;0
2946-KIQSP;Female;0;0;0;No phone service;DSL;0;0;1;Month-to-month;1;Mailed check;3345;117585;159;157661;0,21;3,5;0,55;Platinum;39;Urban;52;1
0625-AFOHS;Female;0;1;1;0;0;No internet service;No internet service;No internet service;Two year;0;Mailed check;202;5588;98;200473;0,21;3,6;0,45;Bronze;26;Suburban;55;1
6726-WEXXK;Male;1;1;1;1;Fiber optic;1;0;1;One year;1;Electronic check;859;22201;154;100998;0,15;4,3;0,97;Bronze;37;Urban;25;0
4636-OLWOE;Male;0;0;1;0;DSL;0;1;1;One year;1;Electronic check;610;328305;122;141248;0,14;3,3;0,46;Silver;37;Urban;1;1
4342-HENTK;Female;1;0;1;0;Fiber optic;0;0;0;Month-to-month;1;Electronic check;7065;14235;8;184493;0,12;4,2;0,64;Bronze;18;Urban;13;0
4685-ERGHK;Male;0;0;1;1;Fiber optic;0;0;0;One year;1;Electronic check;869;493925;248;103057;0,26;4,7;0,37;Platinum;47;Urban;51;1
0885-HMGPY;Male;0;0;1;1;DSL;1;1;1;Two year;0;Bank transfer (automatic);694;42375;285;159244;0,01;3,2;0,64;Bronze;36;Suburban;27;1
5003-OKNNK;Female;0;1;1;0;0;No internet service;No internet service;No internet service;One year;0;Credit card (automatic);2035;33595;45;177031;0,08;4,8;0,72;Bronze;53;Rural;3;0
4195-SMMNX;Male;0;0;1;0;0;No internet service;No internet service;No internet service;Month-to-month;0;Mailed check;2035;332;6;192713;0,22;3,2;0,62;Platinum;31;Urban;2;1
7208-PSIHR;Female;0;1;1;1;Fiber optic;0;0;1;Two year;1;Bank transfer (automatic);1043;71885;376;185887;0,11;3,7;0,51;Bronze;18;Urban;14;0
4012-ZTHBR;Female;0;1;1;0;DSL;0;0;0;Month-to-month;1;Electronic check;4495;92625;58;147173;0,25;4,2;0,03;Gold;22;Urban;21;1
0489-WMEMG;Female;0;0;1;0;DSL;0;0;0;One year;1;Electronic check;4945;111935;122;118734;0,01;4,1;0,64;Silver;27;Urban;47;1
7435-ZNUYY;Male;0;0;1;0;0;No internet service;No internet service;No internet service;One year;0;Mailed check;206;1166;25;142072;0,21;3,2;0,91;Silver;26;Urban;41;1
1354-YZFNB;Male;0;1;1;0;0;No internet service;No internet service;No internet service;Two year;0;Credit card (automatic);1955;688;20;174194;0,01;4,6;0,01;Bronze;31;Urban;49;1
6956-SMUCM;Female;0;0;1;0;Fiber optic;1;0;1;Month-to-month;1;Credit card (automatic);990;2874;14;219741;0,12;4,9;0,13;Silver;35;Suburban;18;0
2985-FMWYF;Female;0;0;1;1;Fiber optic;0;0;0;Month-to-month;1;Electronic check;935;234155;65;193272;0,01;3,4;0,12;Bronze;42;Suburban;33;1
2812-ENYMO;Male;0;0;0;No phone service;DSL;1;0;0;One year;0;Credit card (automatic);5455;136285;111;147902;0,25;4,8;0,92;Platinum;53;Urban;9;1
2717-HVIZY;Female;0;0;1;0;0;No internet service;No internet service;No internet service;Month-to-month;0;Mailed check;2005;1636;43;202247;0,29;4,1;0,66;Bronze;48;Urban;55;1
3223-WZWJM;Male;0;0;1;1;Fiber optic;0;0;0;Month-to-month;1;Electronic check;8395;22542;96;229982;0,14;4,9;0,95;Bronze;52;Urban;33;0
3422-GALYP;Male;0;0;1;1;Fiber optic;0;1;0;Month-to-month;1;Electronic check;7945;14515;11;136959;0,25;3,4;0,58;Gold;44;Urban;15;1
9053-JZFKV;Male;0;0;1;1;Fiber optic;1;1;1;Two year;0;Credit card (automatic);1162;77523;255;176623;0,21;4,6;0,46;Silver;39;Suburban;36;1
2530-ENDWQ;Female;0;1;1;1;Fiber optic;0;0;0;Two year;1;Bank transfer (automatic);937;658535;182;211438;0,29;3,1;0,79;Silver;28;Urban;35;1
2890-WFBHU;Female;0;0;1;1;DSL;1;1;1;One year;0;Credit card (automatic);7985;47861;209;128415;0,24;4,8;0,16;Silver;27;Urban;48;1
0327-WFZSY;Male;0;1;1;1;Fiber optic;0;0;1;One year;0;Electronic check;1000;383555;226;204716;0,02;4,3;0,38;Bronze;25;Urban;44;0
7977-HXJKU;Male;0;0;1;0;0;No internet service;No internet service;No internet service;Two year;0;Mailed check;196;3970;68;201209;0,21;3,7;0,47;Bronze;45;Rural;54;1
6615-ZGEDR;Male;0;0;1;0;0;No internet service;No internet service;No internet service;Month-to-month;0;Mailed check;197;197;5;89907;0,16;3,4;0,03;Platinum;40;Urban;21;1
7033-CLAMM;Female;0;1;1;0;0;No internet service;No internet service;No internet service;Two year;0;Bank transfer (automatic);202;102725;265;175825;0;4,6;0,37;Bronze;23;Suburban;57;1
4023-RTIQM;Female;1;1;0;No phone service;DSL;1;1;1;One year;1;Credit card (automatic);504;15801;105;112780;0,08;4,2;0,08;Bronze;31;Urban;31;0
0864-FVJNJ;Female;0;1;1;1;Fiber optic;1;1;1;One year;0;Electronic check;11335;722275;149;115085;0,28;3,7;0,02;Silver;41;Suburban;43;1
7356-IWLFW;Male;0;1;1;1;Fiber optic;0;1;0;Month-to-month;1;Bank transfer (automatic);800;37697;225;100426;0,28;3,9;0,34;Bronze;26;Urban;16;1
9541-PWTWO;Female;0;0;1;1;DSL;0;0;1;Two year;1;Bank transfer (automatic);8095;423395;168;87485;0,24;4,7;0,08;Gold;42;Suburban;8;1
3967-VQOGC;Female;0;1;1;1;0;No internet service;No internet service;No internet service;Two year;1;Mailed check;249;168025;343;129527;0,29;3,7;0,18;Silver;47;Suburban;59;1
7872-RDDLZ;Female;1;0;1;1;DSL;0;1;0;Month-to-month;0;Electronic check;549;37255;252;204604;0,24;3,2;0,35;Gold;39;Urban;51;1
9250-WYPLL;Female;0;0;1;1;Fiber optic;0;0;0;Month-to-month;0;Electronic check;7555;41365;19;171005;0;4,8;0,06;Bronze;19;Urban;32;0
6308-CQRBU;Female;0;1;1;1;Fiber optic;0;1;1;Two year;0;Electronic check;10925;77077;362;138528;0,09;3,8;0,56;Bronze;42;Urban;55;1
2754-XBHTB;Female;0;0;1;0;Fiber optic;0;0;0;Month-to-month;1;Bank transfer (automatic);7765;71415;31;200631;0,01;3,7;0,61;Gold;41;Suburban;32;0
1597-LHYNC;Female;1;0;1;1;Fiber optic;1;1;0;Month-to-month;1;Electronic check;950;24972;98;107799;0,03;3,4;0,87;Bronze;54;Suburban;1;1
0186-CAERR;Male;0;0;1;1;Fiber optic;1;1;1;One year;1;Bank transfer (automatic);1163;830955;248;227159;0,07;4,8;0,82;Silver;20;Suburban;13;0
3043-SUDUA;Female;0;0;1;0;0;No internet service;No internet service;No internet service;Month-to-month;0;Bank transfer (automatic);199;60155;111;218518;0,15;3,4;0,29;Gold;43;Suburban;36;1
5442-BHQNG;Female;0;0;1;0;Fiber optic;0;0;0;Month-to-month;0;Electronic check;7035;13925;8;174817;0,25;4,3;0,14;Silver;47;Urban;32;1
2169-RRLFW;Female;0;1;1;1;0;No internet service;No internet service;No internet service;Two year;0;Credit card (automatic);256;188825;371;138260;0,26;4,8;0,16;Silver;46;Urban;0;1
5872-OEQNH;Female;0;0;0;No phone service;DSL;1;0;1;One year;1;Electronic check;4445;27739;206;225949;0,18;3,1;0,97;Bronze;24;Urban;46;1
3162-KKZXO;Female;1;0;1;1;Fiber optic;0;0;1;One year;1;Electronic check;10015;540975;225;235795;0,28;4,7;0,67;Gold;26;Urban;21;1
7055-VKGDA;Male;0;0;1;0;Fiber optic;1;1;0;One year;1;Credit card (automatic);1054;56434;252;92943;0,15;3,8;0,04;Bronze;47;Urban;29;0
0754-UKWQP;Male;0;0;1;0;Fiber optic;0;0;1;Month-to-month;1;Electronic check;9585;1977;6;221378;0,27;4,3;0,14;Platinum;33;Suburban;26;1
8873-GLDMH;Female;0;0;1;1;Fiber optic;0;0;0;Month-to-month;1;Mailed check;7385;4013;18;247856;0,14;3,7;0,49;Bronze;31;Suburban;32;0
5696-JVVQY;Female;0;1;1;0;DSL;1;1;1;Two year;1;Credit card (automatic);701;32384;275;201401;0,08;4,4;0,21;Gold;43;Suburban;52;1
8946-BFWSG;Male;0;1;1;1;0;No internet service;No internet service;No internet service;Two year;0;Mailed check;2525;157305;308;231527;0,27;3,5;0,08;Silver;54;Urban;15;1
7493-TPUWZ;Male;0;0;1;1;Fiber optic;0;1;0;Month-to-month;1;Electronic check;7915;7915;4;241046;0,12;3;0,57;Bronze;27;Urban;9;1
0547-HURJB;Male;0;0;1;0;0;No internet service;No internet service;No internet service;Month-to-month;0;Credit card (automatic);2105;2358;55;107371;0,15;4,9;0,61;Silver;47;Urban;26;0
8904-OPDCK;Male;1;1;0;No phone service;DSL;0;0;0;Month-to-month;1;Bank transfer (automatic);2495;136475;114;178746;0,01;3;0,46;Bronze;39;Urban;36;1
8845-LWKGE;Female;0;1;1;0;DSL;0;0;1;One year;1;Electronic check;645;198515;134;181248;0,02;4,6;0,26;Bronze;47;Urban;1;0
1577-HKTFG;Female;0;1;1;0;0;No internet service;No internet service;No internet service;Month-to-month;0;Bank transfer (automatic);1965;65585;121;215008;0,03;3,3;0,59;Bronze;49;Urban;29;1
8752-STIVR;Female;0;0;1;0;Fiber optic;0;0;0;Month-to-month;1;Electronic check;790;30315;16;244238;0,01;3,8;0,72;Gold;31;Urban;45;0
0691-NIKRI;Female;0;0;1;1;Fiber optic;0;0;1;One year;1;Credit card (automatic);10595;43352;137;105727;0,27;4,6;0,37;Bronze;40;Suburban;42;1
5022-JNQEQ;Female;0;1;1;0;Fiber optic;0;0;0;Month-to-month;1;Electronic check;7585;6475;20;194000;0;3,4;0,05;Platinum;34;Urban;18;1
4558-FANTW;Female;0;1;1;0;Fiber optic;1;0;0;Month-to-month;0;Electronic check;9185;157445;47;143969;0,11;4,7;0,84;Bronze;53;Urban;18;0
3249-VHRIP;Female;0;0;0;No phone service;DSL;0;1;1;Two year;1;Credit card (automatic);436;27487;359;239440;0,05;4;0,15;Silver;46;Suburban;50;1
3736-BLEPA;Male;0;0;1;0;Fiber optic;0;1;0;One year;1;Bank transfer (automatic);9125;248365;101;148531;0,23;3,7;0,55;Gold;41;Suburban;34;1
4701-LKOZD;Female;0;0;1;1;DSL;1;1;1;Two year;0;Credit card (automatic);8975;63672;270;119097;0,02;4,3;0,35;Platinum;28;Urban;10;0
6603-QWSPR;Female;0;0;1;0;Fiber optic;0;1;1;Two year;1;Bank transfer (automatic);1044;49042;101;246056;0,17;3,7;0,07;Bronze;32;Urban;51;1
9921-QFQUL;Female;0;1;1;1;Fiber optic;0;0;1;Month-to-month;0;Mailed check;9015;204495;49;130859;0,09;3,7;0,02;Silver;39;Suburban;57;1
1929-ZCBHE;Male;0;1;0;No phone service;DSL;1;0;1;One year;0;Electronic check;403;17948;228;233222;0,04;4,5;0,67;Bronze;44;Urban;31;0
4378-MYPGO;Male;0;1;1;0;Fiber optic;1;1;1;Two year;1;Bank transfer (automatic);10525;717315;282;233133;0,23;3,6;0,01;Bronze;51;Suburban;15;1
8651-ENBZX;Female;1;0;1;1;Fiber optic;0;0;1;One year;1;Electronic check;1060;64414;242;240250;0,07;3,4;0,06;Gold;50;Urban;16;1
4129-LYCOI;Female;0;0;1;1;Fiber optic;0;1;0;Two year;1;Electronic check;1040;703905;199;136790;0,07;4,6;0,72;Bronze;38;Urban;28;0
7798-JVXYM;Female;0;0;1;0;DSL;0;0;0;Month-to-month;1;Electronic check;6965;9214;69;145696;0,08;4,6;0,64;Bronze;41;Urban;19;0
8647-SDTWQ;Male;0;1;1;1;Fiber optic;0;0;0;Month-to-month;1;Electronic check;743;401835;152;95648;0,18;4;0,89;Bronze;37;Urban;35;0
2696-ECXKC;Female;0;1;1;1;Fiber optic;1;0;0;One year;0;Mailed check;1009;54486;151;141779;0,02;4,1;0,52;Bronze;21;Suburban;46;1
2081-KJSQF;Male;0;0;1;0;0;No internet service;No internet service;No internet service;Month-to-month;1;Mailed check;2025;2025;3;186371;0,01;4,4;0,53;Bronze;54;Suburban;23;1
7623-TRNQN;Male;0;0;1;0;DSL;0;0;0;Month-to-month;1;Mailed check;499;499;3;116672;0,07;4;0,71;Gold;54;Suburban;42;1
3323-CPBWR;Male;0;0;1;1;Fiber optic;0;0;1;Month-to-month;1;Credit card (automatic);969;208545;68;149109;0,13;3,8;0,32;Bronze;50;Urban;47;1
9330-IJWIO;Female;0;0;1;1;Fiber optic;1;0;0;Month-to-month;1;Electronic check;10035;135885;59;114593;0,01;5;0,04;Silver;48;Rural;51;1
3384-CTMSF;Male;0;1;1;1;Fiber optic;0;1;1;Month-to-month;1;Electronic check;1041;513515;216;224858;0,27;3,3;0,23;Gold;51;Suburban;52;1
0902-RFHOF;Male;0;0;1;0;0;No internet service;No internet service;No internet service;One year;0;Mailed check;201;7301;201;89815;0,24;4,2;0,24;Silver;39;Urban;3;1
9286-DOJGF;Female;1;1;1;1;Fiber optic;0;0;0;Month-to-month;1;Bank transfer (automatic);7495;286985;139;233038;0,19;4,8;0,34;Gold;47;Urban;4;0
6048-QBXKL;Female;1;0;1;1;DSL;0;1;0;Month-to-month;1;Credit card (automatic);5655;11825;4;224866;0,01;4,4;0,94;Silver;22;Urban;18;1
9661-MHUMO;Male;1;1;1;0;DSL;0;0;0;Month-to-month;1;Credit card (automatic);4925;4925;3;242495;0,21;4,8;0,08;Silver;40;Urban;47;1
7718-RXDGG;Male;0;1;1;0;Fiber optic;0;0;0;Month-to-month;1;Bank transfer (automatic);686;11086;88;101302;0,25;3,7;0,94;Bronze;30;Rural;50;1
1025-FALIX;Female;0;0;1;0;Fiber optic;0;0;0;Month-to-month;1;Credit card (automatic);6905;181565;114;165140;0,18;3,5;0,1;Platinum;26;Urban;23;0
3451-VAWLI;Female;0;1;1;0;0;No internet service;No internet service;No internet service;Two year;0;Credit card (automatic);197;7304;169;238907;0,24;4,7;0,43;Platinum;31;Urban;59;1
3407-QGWLG;Male;0;0;1;0;0;No internet service;No internet service;No internet service;Month-to-month;1;Mailed check;2005;7545;6;153356;0,22;3,8;0,23;Silver;34;Urban;47;1
1842-EZJMK;Male;0;1;1;1;Fiber optic;0;1;0;Month-to-month;0;Electronic check;1037;507105;203;129282;0,17;4,4;0,56;Bronze;52;Urban;0;0
2347-WKKAE;Male;0;1;1;1;Fiber optic;1;0;1;Month-to-month;1;Electronic check;944;40146;90;208451;0,09;3,3;0,88;Silver;35;Urban;34;1
8735-DCXNF;Male;0;1;1;0;DSL;1;0;0;Month-to-month;1;Credit card (automatic);5495;56885;42;201347;0,22;4,5;0,47;Silver;29;Urban;1;1
3214-IYUUQ;Female;0;1;1;0;Fiber optic;1;1;0;One year;0;Bank transfer (automatic);937;58607;346;103814;0,06;4,1;0,51;Gold;33;Urban;9;0
1936-UAFEH;Female;0;0;1;1;Fiber optic;1;1;0;Two year;0;Credit card (automatic);11025;727935;399;235161;0,23;3,5;0,13;Silver;47;Urban;58;1
3587-PMCOY;Male;0;0;1;0;Fiber optic;1;0;1;One year;1;Electronic check;989;106495;41;243818;0,24;4;0,42;Silver;30;Urban;5;1
8079-XRJRS;Male;0;1;1;1;Fiber optic;1;1;1;One year;0;Electronic check;8975;57696;249;161673;0,25;4,4;0,39;Silver;35;Rural;39;1
1027-LKKQQ;Female;0;1;1;0;DSL;1;0;1;Two year;1;Bank transfer (automatic);8045;588685;416;131940;0,14;3;0,35;Bronze;29;Urban;37;1
7148-XZPHA;Male;0;1;1;0;Fiber optic;0;1;0;Month-to-month;0;Electronic check;794;423845;258;166796;0,06;4,3;0,89;Gold;51;Urban;19;0
8073-IJDCM;Female;0;0;1;0;0;No internet service;No internet service;No internet service;Month-to-month;1;Mailed check;203;203;2;116476;0,03;4,1;0,06;Bronze;50;Rural;18;1
5309-TAIKL;Female;0;0;1;0;DSL;0;0;1;Month-to-month;0;Bank transfer (automatic);628;4183;27;237355;0,22;3,4;0,97;Silver;23;Urban;47;1
6856-RAURS;Female;0;0;1;1;Fiber optic;0;0;0;Month-to-month;1;Mailed check;749;13605;5;212841;0,27;4,5;0,01;Bronze;35;Urban;35;1
8778-LMWTJ;Female;0;0;1;0;Fiber optic;1;0;0;Month-to-month;1;Electronic check;7485;7082;34;122278;0,02;3,6;0,95;Bronze;20;Urban;47;1
9717-IOAAF;Male;0;0;1;1;0;No internet service;No internet service;No internet service;Two year;1;Credit card (automatic);2585;78855;103;95634;0,04;3,6;0,55;Bronze;23;Suburban;28;0
8884-ADFVN;Male;1;1;1;1;Fiber optic;0;0;1;Month-to-month;1;Electronic check;10195;70085;30;206259;0,28;3,9;0,07;Platinum;53;Urban;55;1
2845-KDHVX;Female;0;1;1;0;DSL;0;1;1;Two year;1;Mailed check;683;43788;219;222037;0,03;4,4;0,19;Silver;39;Urban;40;1
0848-SOMKO;Male;0;0;0;No phone service;DSL;1;0;1;Two year;0;Bank transfer (automatic);484;34428;185;238638;0,13;4,9;0,65;Bronze;24;Urban;23;0
2720-WGKHP;Male;1;0;1;1;Fiber optic;0;0;0;Month-to-month;1;Electronic check;940;1817;8;132196;0,18;3,3;0,88;Gold;47;Urban;8;1
6734-FQAJX;Male;1;0;1;0;Fiber optic;1;1;0;Two year;1;Electronic check;10505;71717;356;178679;0,23;3,8;0,14;Silver;19;Suburban;31;1
2869-ADAWR;Female;0;0;1;1;Fiber optic;0;1;0;Month-to-month;1;Credit card (automatic);893;401685;209;210861;0,22;3,1;0,13;Silver;49;Urban;39;1
1535-VTJOQ;Female;0;0;1;1;0;No internet service;No internet service;No internet service;Two year;0;Credit card (automatic);2515;5530;80;99420;0,29;4,5;0,03;Silver;32;Urban;4;1
6368-TZZDT;Male;0;1;1;0;0;No internet service;No internet service;No internet service;Two year;0;Credit card (automatic);195;9685;22;236308;0,03;3,9;0,16;Bronze;39;Urban;20;0
0943-ZQPXH;Male;0;1;1;0;Fiber optic;0;0;1;Month-to-month;1;Bank transfer (automatic);9295;41229;248;86218;0,17;4,4;0,11;Bronze;25;Rural;16;0
1293-BSEUN;Female;0;1;1;0;0;No internet service;No internet service;No internet service;Two year;1;Mailed check;207;14823;204;204283;0,21;3,6;0,68;Bronze;25;Suburban;23;1
9894-EZEWG;Female;0;0;1;0;Fiber optic;0;1;0;Month-to-month;1;Credit card (automatic);743;743;2;144057;0,27;4,7;0,21;Silver;53;Urban;26;1
1302-TPUBN;Male;0;0;1;0;0;No internet service;No internet service;No internet service;Two year;0;Bank transfer (automatic);1935;12408;327;158609;0,26;4,1;0,67;Bronze;37;Rural;47;1
7851-FLGGQ;Male;0;0;0;No phone service;DSL;0;1;0;Month-to-month;1;Mailed check;4465;4465;5;222298;0,29;4,9;0,86;Silver;54;Urban;17;1
0637-UBJRP;Male;0;1;1;0;Fiber optic;1;0;0;Month-to-month;0;Electronic check;8405;10953;76;203108;0,15;3,2;0,65;Bronze;25;Rural;21;1
0940-OUQEC;Male;0;0;1;1;Fiber optic;0;1;0;Month-to-month;1;Bank transfer (automatic);807;7888;55;90046;0,25;4;0,12;Bronze;31;Urban;5;1
2378-VTKDH;Male;1;1;1;1;Fiber optic;0;1;1;Month-to-month;1;Electronic check;10435;657855;286;197462;0,13;4,5;0,57;Platinum;37;Rural;27;0
0927-CNGRH;Male;0;0;1;0;0;No internet service;No internet service;No internet service;Month-to-month;0;Mailed check;1955;1955;4;189345;0,13;4,2;0,39;Platinum;52;Urban;41;1
8608-OZTLB;Male;0;1;1;0;DSL;1;1;1;One year;0;Electronic check;7405;28023;80;117117;0,08;3;0,34;Bronze;42;Suburban;19;1
2335-GSODA;Male;0;0;0;No phone service;DSL;1;0;1;Two year;0;Mailed check;401;85775;68;209980;0,25;4,9;0,32;Gold;35;Suburban;56;1
1952-DVVSW;Female;0;1;1;0;0;No internet service;No internet service;No internet service;One year;0;Mailed check;201;1844;38;216037;0,03;3,6;0,93;Silver;38;Suburban;15;1
0702-PGIBZ;Male;0;0;1;1;Fiber optic;0;1;0;Month-to-month;1;Electronic check;1017;36455;18;97373;0,08;3,5;0,74;Gold;54;Suburban;18;0
6656-GULJQ;Male;0;1;1;1;DSL;1;0;1;Two year;1;Credit card (automatic);8355;60933;304;125452;0,02;4;0,13;Bronze;48;Urban;7;0
9853-JFZDU;Female;0;1;1;0;DSL;0;1;0;Month-to-month;0;Electronic check;5685;18611;173;86654;0,24;4,1;0,48;Bronze;23;Urban;17;1
1963-VAUKV;Female;0;0;1;0;0;No internet service;No internet service;No internet service;Month-to-month;0;Mailed check;204;204;3;242352;0,19;4,5;0,32;Gold;37;Urban;36;1
3777-XROBG;Female;0;1;1;0;0;No internet service;No internet service;No internet service;Two year;0;Credit card (automatic);1955;107965;247;203319;0,29;3,8;0,98;Gold;45;Suburban;44;1
6994-FGRHH;Male;0;1;1;0;Fiber optic;0;1;1;One year;1;Electronic check;10615;74751;164;185646;0,08;3,9;0,98;Silver;53;Suburban;46;1
4000-VGMQP;Male;0;1;1;1;DSL;0;1;1;One year;0;Credit card (automatic);7895;286255;138;106583;0,02;4,1;0,32;Gold;43;Urban;30;0
3999-WRNGR;Female;0;1;0;No phone service;DSL;0;1;0;Month-to-month;1;Electronic check;4975;306945;300;174242;0,15;3,8;0,35;Silver;30;Urban;37;0
3466-RITXD;Male;0;0;1;1;Fiber optic;1;1;0;Month-to-month;1;Credit card (automatic);924;23498;124;217432;0,03;4,8;0,06;Bronze;21;Urban;1;0
2680-XKKNJ;Female;0;0;1;0;DSL;1;1;0;One year;0;Bank transfer (automatic);582;46925;47;133968;0,08;4,7;0,48;Bronze;51;Suburban;54;1
3058-HJCUY;Male;0;1;1;1;Fiber optic;0;0;1;One year;1;Electronic check;1026;421335;127;214815;0,04;3,9;0,21;Bronze;54;Suburban;31;0
2974-GGUXS;Female;1;1;1;1;Fiber optic;0;1;0;Month-to-month;1;Credit card (automatic);9195;330105;143;218231;0,07;3;0,66;Gold;51;Urban;14;1
7994-XIRTR;Male;1;0;1;0;DSL;0;0;1;One year;0;Bank transfer (automatic);6525;352995;179;243223;0,03;4,8;0,33;Platinum;33;Rural;58;1
3259-FDWOY;Male;0;1;1;1;Fiber optic;0;1;1;Two year;1;Bank transfer (automatic);1060;77237;267;211590;0,29;3,2;0,65;Silver;40;Rural;10;1
2101-RANCD;Female;0;0;1;1;Fiber optic;0;0;0;Month-to-month;1;Electronic check;731;41449;298;96652;0,08;3,5;0,38;Silver;40;Urban;4;0
7921-BEPCI;Female;0;0;1;1;DSL;1;1;0;Two year;0;Bank transfer (automatic);5975;42650;341;193114;0,13;3,3;0,07;Gold;32;Urban;41;1
0807-ZABDG;Female;0;0;1;0;DSL;1;0;0;Month-to-month;1;Mailed check;551;15465;16;182489;0,27;3,4;0,67;Bronze;42;Urban;28;1
8510-TMWYB;Female;0;1;1;1;DSL;0;1;1;Two year;1;Bank transfer (automatic);598;324645;151;157001;0,02;4,6;0,51;Bronze;46;Urban;19;0
3258-ZKPAI;Male;0;1;1;1;Fiber optic;1;1;1;Two year;1;Bank transfer (automatic);1166;833745;395;204269;0,19;4,2;0,07;Silver;53;Suburban;19;0
1428-IEDPR;Male;0;0;1;1;Fiber optic;1;0;1;Two year;1;Electronic check;1093;57314;116;156757;0,21;4,9;0,46;Silver;32;Urban;17;1
5298-GSTLM;Female;1;0;1;1;Fiber optic;1;0;0;One year;1;Bank transfer (automatic);1014;61766;333;104395;0,25;3,5;0,12;Gold;54;Urban;11;1
4450-YOOHP;Female;0;0;0;No phone service;DSL;0;0;1;Month-to-month;1;Credit card (automatic);5065;19054;129;213407;0,26;4;0,18;Bronze;52;Urban;56;1
6728-CZFEI;Female;0;0;1;0;DSL;0;0;0;One year;0;Mailed check;5615;9319;48;181978;0,19;5;0,25;Silver;54;Urban;48;1
5748-RNCJT;Male;0;0;1;1;Fiber optic;0;0;1;Two year;1;Bank transfer (automatic);1065;73488;279;211572;0,27;4,7;0,06;Gold;45;Suburban;16;1
3653-NCRDJ;Male;0;1;1;0;0;No internet service;No internet service;No internet service;One year;1;Mailed check;192;77625;247;204541;0,16;4,5;0,71;Bronze;47;Urban;3;0
6121-TNHBO;Female;1;0;1;1;DSL;1;1;1;One year;0;Bank transfer (automatic);830;524305;138;88083;0,08;3,4;0,37;Silver;24;Suburban;18;1
5119-NZPTV;Male;1;1;1;0;Fiber optic;0;0;0;Month-to-month;0;Electronic check;701;14165;6;186598;0,26;4,5;0,09;Bronze;21;Urban;56;1
6519-ZHPXP;Female;0;1;1;0;Fiber optic;1;1;1;Two year;1;Bank transfer (automatic);1083;767965;390;216615;0,16;3,7;0,82;Silver;24;Urban;22;0
7739-LAXOG;Female;0;1;1;1;Fiber optic;0;0;1;Month-to-month;1;Bank transfer (automatic);9105;29545;114;176171;0,27;4,1;0,68;Gold;50;Suburban;26;1
3472-QPRCH;Male;0;1;1;1;0;No internet service;No internet service;No internet service;Two year;0;Credit card (automatic);2525;10069;111;200423;0,01;4,2;0,45;Bronze;35;Urban;49;1
8224-UAXBZ;Female;0;1;0;No phone service;DSL;1;1;0;One year;1;Electronic check;4535;25401;214;86613;0,12;4,2;0,25;Gold;32;Urban;51;1
9610-WCESF;Male;0;0;0;No phone service;DSL;1;0;0;Two year;0;Electronic check;439;30972;237;190033;0,28;4,5;0,15;Bronze;52;Rural;52;1
9776-CLUJA;Female;1;1;1;1;Fiber optic;1;0;0;Month-to-month;1;Electronic check;775;380735;288;156202;0,07;4,3;0,46;Bronze;54;Urban;41;0
2486-WYVVE;Male;0;1;1;1;DSL;0;0;1;One year;1;Mailed check;793;24840;156;237327;0,28;3,1;0,89;Silver;22;Urban;59;1
3865-ZYKAD;Male;1;1;1;1;Fiber optic;1;1;0;Month-to-month;1;Credit card (automatic);849;578565;277;165666;0,29;3,9;0,19;Gold;40;Urban;45;1
1422-DGUBX;Male;0;1;1;1;Fiber optic;0;0;0;One year;1;Electronic check;7925;261915;190;102068;0,26;4,3;0,57;Bronze;27;Suburban;51;1
2999-AANRQ;Female;0;0;1;0;DSL;1;1;0;Two year;0;Credit card (automatic);7105;152485;81;129057;0,17;3,6;0,96;Bronze;42;Urban;44;0
8668-KNZTI;Male;0;0;1;0;DSL;1;0;1;One year;0;Electronic check;5375;279065;116;98946;0,19;3,6;0,64;Silver;39;Urban;13;0
0480-KYJVA;Female;0;1;1;1;0;No internet service;No internet service;No internet service;Two year;0;Credit card (automatic);2425;17845;219;231619;0,26;3,2;0,44;Bronze;48;Suburban;3;1
6034-ZRYCV;Female;0;1;0;No phone service;DSL;0;1;1;Two year;1;Electronic check;542;393745;269;165237;0,23;3,8;0,72;Bronze;40;Urban;3;1
9746-YKGXB;Male;0;1;0;No phone service;DSL;1;0;1;One year;0;Bank transfer (automatic);4425;22761;136;85769;0,19;5;0,82;Bronze;45;Rural;23;0
3926-YZVVX;Female;0;0;1;0;DSL;0;0;0;One year;0;Bank transfer (automatic);5005;202905;237;235955;0,29;3,6;0,59;Gold;32;Urban;22;1
6000-UKLWI;Male;0;0;1;0;0;No internet service;No internet service;No internet service;Two year;0;Mailed check;2015;80235;207;141340;0,21;4,1;0,87;Platinum;24;Urban;35;1
2079-FBMZK;Female;0;0;1;0;Fiber optic;0;0;0;Month-to-month;1;Mailed check;6925;4184;18;159199;0,29;4,5;0,51;Bronze;32;Urban;10;1
6332-FBZRI;Male;0;1;1;1;DSL;1;1;1;One year;1;Credit card (automatic);6935;465325;292;184222;0,02;3;0,83;Silver;22;Urban;32;1
2096-XOTMO;Female;0;1;1;0;0;No internet service;No internet service;No internet service;Month-to-month;0;Mailed check;1935;2759;78;246234;0,04;4,8;0,95;Bronze;29;Urban;37;0
3266-FTKHB;Male;0;0;1;0;0;No internet service;No internet service;No internet service;Two year;0;Mailed check;1915;34345;98;113434;0,14;3,8;0,05;Silver;30;Urban;4;0
8221-EQDGL;Male;0;1;1;0;DSL;1;1;1;Month-to-month;0;Mailed check;610;213045;193;102102;0,12;4,7;0,61;Bronze;20;Urban;26;0
2346-LOCWC;Female;0;1;1;0;0;No internet service;No internet service;No internet service;Two year;0;Credit card (automatic);205;11914;235;101536;0,23;3,1;0,61;Bronze;36;Urban;36;1
6608-QQLVK;Male;0;0;1;0;DSL;0;0;1;Month-to-month;1;Electronic check;505;505;5;184639;0,05;3,3;0,78;Gold;43;Rural;26;1
0298-XACET;Male;0;1;0;No phone service;DSL;0;1;1;Two year;0;Mailed check;502;25540;220;130775;0,29;3,6;0,82;Bronze;47;Urban;30;1
7560-QJAVJ;Female;0;0;1;0;DSL;1;0;1;Two year;0;Bank transfer (automatic);796;558945;294;111147;0,09;3,7;0,03;Bronze;45;Urban;11;0
2995-YWTCD;Female;0;1;1;1;0;No internet service;No internet service;No internet service;Two year;1;Bank transfer (automatic);249;4677;46;130526;0,13;4,7;0,73;Platinum;32;Suburban;46;1
3551-HUAZH;Male;1;0;1;1;Fiber optic;0;0;0;Month-to-month;1;Electronic check;744;744;2;234731;0,08;3;0,78;Platinum;35;Suburban;5;1
9137-UIYPG;Female;0;1;1;0;Fiber optic;1;0;1;Month-to-month;1;Electronic check;1069;375645;144;184663;0,17;4,3;0,07;Bronze;24;Suburban;11;0
2809-ZMYOQ;Female;0;0;1;1;Fiber optic;0;0;1;Month-to-month;1;Electronic check;10135;33349;98;192180;0,02;3,3;0,71;Silver;31;Suburban;55;1
5084-OOVCJ;Female;0;1;1;0;DSL;1;0;0;Month-to-month;1;Credit card (automatic);5535;9205;35;204233;0,04;4,6;0,04;Silver;41;Rural;53;1
0254-WWRKD;Female;0;1;1;0;DSL;0;1;0;One year;0;Credit card (automatic);5055;343175;327;103088;0,22;4,6;0,44;Silver;41;Suburban;13;1
7727-SHVZV;Female;0;0;1;0;0;No internet service;No internet service;No internet service;Month-to-month;0;Bank transfer (automatic);195;15035;19;148464;0,06;4;0,82;Platinum;28;Suburban;21;0
6302-JGYRJ;Male;0;0;1;1;DSL;0;1;0;One year;1;Mailed check;7945;25877;135;185921;0,07;3,4;0,93;Gold;27;Urban;54;1
5339-PXDVH;Male;0;0;1;1;Fiber optic;1;0;0;Month-to-month;0;Electronic check;9065;36795;16;139998;0,24;4,3;0,23;Gold;50;Suburban;10;1
2205-LPVGL;Male;1;1;1;1;Fiber optic;1;1;0;One year;1;Bank transfer (automatic);8985;512575;340;120382;0,03;3,3;0,58;Bronze;37;Urban;39;1
8782-NUUOL;Male;0;0;1;0;DSL;1;0;1;One year;0;Mailed check;790;48011;236;108184;0,13;3,4;0,08;Silver;39;Urban;51;1
3685-YLCMQ;Male;0;0;1;1;Fiber optic;0;0;1;One year;1;Electronic check;10465;62196;130;231171;0,01;4,3;0,75;Silver;52;Urban;38;0
7601-WFVZV;Male;0;0;1;0;0;No internet service;No internet service;No internet service;Month-to-month;0;Mailed check;1955;1955;4;117739;0,01;5;0,62;Bronze;45;Urban;55;1
4609-KNNWG;Female;0;1;1;0;0;No internet service;No internet service;No internet service;Two year;0;Mailed check;199;5501;144;207937;0,21;4,8;0,02;Bronze;53;Urban;37;1
4868-AADLV;Male;1;1;1;1;Fiber optic;1;1;1;One year;1;Electronic check;11625;786225;395;219461;0,03;4,2;0,72;Bronze;47;Urban;56;1
9529-OFXHY;Male;0;0;1;1;Fiber optic;1;0;0;Month-to-month;1;Bank transfer (automatic);8775;12422;55;97352;0,27;4,1;0,77;Bronze;23;Urban;12;1
8634-MPHTR;Male;1;1;1;1;Fiber optic;0;0;1;Month-to-month;1;Electronic check;10005;487105;154;206788;0,27;5;0,72;Bronze;18;Urban;5;1
2669-QVCRG;Female;0;0;1;1;Fiber optic;1;0;0;Month-to-month;1;Credit card (automatic);813;319065;230;197843;0,03;4,1;0,77;Bronze;21;Rural;19;0
2478-EEWWM;Male;0;1;0;No phone service;DSL;0;0;0;Month-to-month;1;Electronic check;443;266675;163;232220;0,03;3,8;0,43;Bronze;42;Urban;53;1
9174-IHETN;Female;0;0;1;0;Fiber optic;0;0;0;Two year;0;Credit card (automatic);7035;35336;223;111828;0,09;4,8;0,99;Silver;28;Urban;1;0
2233-TXSIU;Male;0;1;0;No phone service;DSL;1;0;1;One year;0;Credit card (automatic);4445;79215;61;148040;0,03;3,5;0,77;Silver;54;Urban;10;0
9644-UMGQA;Male;0;1;1;0;DSL;1;0;0;Month-to-month;1;Electronic check;4915;29565;12;174279;0;3,2;0,58;Bronze;29;Suburban;7;1
3256-EZDBI;Male;1;1;0;No phone service;DSL;0;1;0;Month-to-month;1;Credit card (automatic);2945;145935;172;174430;0,12;4,3;0,93;Platinum;46;Rural;29;0
8761-NSOBC;Male;0;0;1;0;Fiber optic;0;1;0;Month-to-month;0;Electronic check;10055;439815;134;195957;0,19;3,2;0,91;Silver;51;Suburban;26;1
0419-YAAPX;Male;0;1;1;0;Fiber optic;0;1;0;Month-to-month;1;Credit card (automatic);853;429795;232;97748;0,01;3,7;0,81;Gold;35;Urban;53;1
8413-VONUO;Male;0;0;1;0;Fiber optic;0;1;0;Month-to-month;0;Electronic check;9565;1673;11;168636;0,25;3,8;0,56;Platinum;26;Urban;3;1
0872-CASZJ;Male;0;1;1;1;DSL;1;0;0;One year;1;Mailed check;691;40969;181;244763;0,21;4,1;0,53;Bronze;29;Rural;6;1
4726-DLWQN;Male;1;0;1;1;DSL;1;1;0;Month-to-month;1;Bank transfer (automatic);7035;34546;262;195158;0,11;5;0,33;Silver;26;Urban;46;1
8164-OCKUJ;Female;0;1;1;0;0;No internet service;No internet service;No internet service;Two year;0;Mailed check;206;12860;131;90246;0,22;3,4;0,25;Silver;18;Urban;23;1
3094-JOJAI;Male;0;0;1;1;Fiber optic;0;0;0;Month-to-month;0;Mailed check;7415;13870;74;139395;0,28;3,8;0,51;Bronze;24;Urban;31;1
9494-MRNYX;Male;0;0;1;1;Fiber optic;0;0;0;Month-to-month;0;Electronic check;7505;7863;22;243558;0,03;3,3;0,58;Bronze;51;Rural;18;1
2599-CZABP;Male;0;1;1;0;DSL;0;0;0;One year;0;Electronic check;446;64125;80;241412;0,09;4,2;0,24;Gold;49;Urban;41;0
7945-PRBVF;Male;0;0;1;0;0;No internet service;No internet service;No internet service;Two year;0;Bank transfer (automatic);2145;70545;177;130300;0,14;4,5;0,92;Bronze;45;Rural;34;0
4544-RXFMG;Male;0;1;1;0;DSL;0;0;0;One year;1;Mailed check;4345;3455;37;214158;0,15;4;0,56;Platinum;43;Urban;41;0
0859-YGKFW;Male;0;1;1;0;0;No internet service;No internet service;No internet service;One year;0;Bank transfer (automatic);2005;3459;95;94860;0,16;3,5;0,53;Gold;53;Suburban;50;1
1150-FTQGN;Female;0;1;1;1;Fiber optic;1;1;0;One year;0;Bank transfer (automatic);9415;58118;275;97013;0,09;4,2;0,44;Silver;31;Urban;2;0
9223-UCPVT;Female;0;0;1;0;Fiber optic;0;0;1;Month-to-month;0;Electronic check;944;944;5;218479;0,02;4,1;0,06;Bronze;48;Urban;17;0
7196-LIWRH;Female;0;0;1;0;0;No internet service;No internet service;No internet service;Two year;0;Mailed check;1955;12445;29;113542;0,19;3,3;0,88;Silver;33;Suburban;36;1
5448-VWNAM;Female;0;0;1;1;DSL;1;1;0;Month-to-month;1;Mailed check;759;13756;108;104935;0,17;3,8;0,32;Bronze;28;Urban;21;0
1177-XZBJL;Male;0;1;1;1;DSL;1;1;0;One year;0;Bank transfer (automatic);6415;349155;215;129079;0,03;3,9;0,64;Bronze;28;Suburban;32;0
3518-FSTWG;Male;1;1;1;1;Fiber optic;1;1;1;Two year;1;Bank transfer (automatic);10955;79207;177;114111;0,14;5;0,61;Gold;29;Rural;37;0
9330-VOFSZ;Female;0;1;1;1;Fiber optic;0;1;1;Two year;1;Credit card (automatic);1108;66407;246;136550;0,11;4,7;0,58;Bronze;26;Urban;38;0
4351-QLCSU;Female;0;0;1;0;DSL;0;0;0;Month-to-month;1;Credit card (automatic);550;550;2;156955;0,15;4,5;0,53;Silver;39;Urban;33;1
0939-EREMR;Female;0;0;1;0;DSL;0;0;1;Month-to-month;0;Mailed check;5345;7181;56;120565;0,28;4,8;0,18;Gold;26;Suburban;48;1
9389-ACWBI;Female;0;1;1;0;Fiber optic;0;0;0;Month-to-month;0;Credit card (automatic);6995;3204;19;99283;0,14;4,5;0,28;Bronze;20;Suburban;22;0
5419-JPRRN;Male;0;0;1;1;Fiber optic;0;0;1;Month-to-month;1;Electronic check;10145;10145;4;146470;0;4,8;0,52;Silver;52;Suburban;53;1
3644-QXEHN;Male;0;1;1;0;Fiber optic;0;0;1;Month-to-month;0;Electronic check;970;133445;26;166916;0,13;3,1;0,79;Silver;47;Urban;34;1
2911-IJORQ;Male;0;0;1;1;DSL;1;1;1;One year;1;Bank transfer (automatic);906;335865;102;159552;0,25;3,9;0,43;Silver;43;Suburban;28;1
5921-NGYRH;Male;0;1;1;0;Fiber optic;1;0;0;Month-to-month;1;Mailed check;7355;47640;253;118233;0,23;4,5;0,02;Gold;25;Urban;1;1
2100-BDNSN;Female;0;1;1;1;DSL;0;0;1;Month-to-month;0;Bank transfer (automatic);6795;3503;29;102695;0,15;4,2;0,09;Platinum;49;Urban;49;1
5998-DZLYR;Female;0;1;1;1;Fiber optic;0;1;0;Two year;1;Bank transfer (automatic);9435;57030;215;206440;0,07;3,4;0,66;Silver;39;Urban;13;1
0488-GSLFR;Female;0;0;1;0;Fiber optic;0;0;0;Month-to-month;1;Electronic check;695;695;3;161257;0,14;3,7;0,42;Silver;25;Suburban;47;1
9318-NKNFC;Male;0;0;1;0;0;No internet service;No internet service;No internet service;Month-to-month;1;Mailed check;1885;1885;4;81505;0,17;3,6;0,13;Silver;19;Urban;43;1
3985-HOYPM;Male;0;0;1;0;0;No internet service;No internet service;No internet service;One year;0;Mailed check;194;52555;114;216435;0,03;3,5;0,67;Gold;31;Urban;49;1
9728-FTTVZ;Female;0;0;1;0;Fiber optic;0;0;0;Month-to-month;1;Electronic check;692;692;3;123614;0,19;3,7;0,21;Silver;22;Urban;7;1
9548-LERKT;Male;0;1;1;0;0;No internet service;No internet service;No internet service;Two year;0;Mailed check;1975;48315;87;81010;0,21;4;0,51;Bronze;30;Urban;0;1
6576-FBXOJ;Male;0;1;0;No phone service;DSL;0;0;1;One year;0;Electronic check;546;9348;48;210560;0,15;4,7;0,31;Bronze;40;Suburban;27;0
4310-KEDTB;Female;0;0;0;No phone service;DSL;0;0;1;Month-to-month;1;Mailed check;298;7865;152;230933;0,11;4,5;0,93;Platinum;30;Urban;2;0
7254-IQWOZ;Male;0;0;1;0;Fiber optic;0;0;0;Month-to-month;1;Electronic check;6965;6965;2;235197;0,24;4,7;0,23;Bronze;36;Urban;55;1
2474-BRUCM;Male;1;1;1;1;Fiber optic;1;0;0;Month-to-month;0;Electronic check;10185;40863;139;220441;0,15;4,8;0,42;Silver;41;Suburban;53;1
4062-HBMOS;Male;0;0;1;1;Fiber optic;0;1;1;Month-to-month;1;Electronic check;10305;53648;109;149393;0,03;3,8;0,96;Gold;52;Suburban;6;1
0742-NXBGR;Female;0;0;1;0;Fiber optic;0;1;1;Month-to-month;1;Electronic check;823;823;2;237743;0,14;3,7;0,32;Bronze;31;Suburban;33;1
2676-ISHSF;Male;0;0;1;0;0;No internet service;No internet service;No internet service;Month-to-month;0;Mailed check;203;203;5;144512;0,02;3,1;0,64;Silver;21;Rural;47;1
9236-NDUCW;Female;0;0;0;No phone service;DSL;1;0;0;Two year;0;Mailed check;351;7704;58;178026;0,02;4,9;0,32;Bronze;43;Urban;31;0
4753-PADAS;Female;0;1;1;1;Fiber optic;0;1;1;One year;1;Bank transfer (automatic);1057;681695;155;155656;0,01;3,1;0,11;Platinum;27;Urban;8;1
6103-QCKFX;Female;0;1;1;0;DSL;1;0;0;Month-to-month;0;Bank transfer (automatic);5625;241955;171;177686;0,08;4,5;0,63;Bronze;51;Suburban;54;1
7781-EWARA;Male;0;1;0;No phone service;DSL;0;1;1;One year;0;Electronic check;6035;41387;142;95489;0,11;3,8;0,92;Silver;51;Urban;34;0
6110-OHIHY;Male;0;0;1;0;Fiber optic;0;0;0;Month-to-month;0;Electronic check;7925;2676;7;139789;0,22;4,9;0,45;Silver;36;Suburban;56;1
7018-FPXHH;Male;0;1;1;0;DSL;1;1;1;Two year;1;Bank transfer (automatic);598;345745;292;149925;0,15;3,8;0,63;Gold;20;Suburban;18;0
5889-LFOLL;Female;0;0;1;1;Fiber optic;0;0;0;Month-to-month;1;Electronic check;846;11152;66;129703;0,01;4,6;0,61;Bronze;53;Suburban;45;0
5708-EVONK;Female;0;1;1;1;Fiber optic;1;1;0;Month-to-month;1;Bank transfer (automatic);934;54356;328;156625;0,19;3,6;0,42;Silver;21;Suburban;57;1
8708-XPXHZ;Female;0;1;1;1;Fiber optic;0;0;0;Month-to-month;1;Electronic check;942;41863;227;187535;0,12;3,6;0,61;Bronze;43;Urban;55;1
0616-ATFGB;Male;1;1;0;No phone service;DSL;0;0;0;Month-to-month;0;Electronic check;2505;2505;4;83051;0,28;4,2;0,26;Bronze;28;Suburban;14;1
0572-ZJKLT;Female;0;1;1;1;Fiber optic;1;0;1;Two year;0;Mailed check;9965;46302;101;249162;0,15;5;0,38;Gold;20;Suburban;54;1
5135-RDDQL;Female;0;1;1;0;DSL;1;0;0;Two year;1;Bank transfer (automatic);5065;322125;323;108805;0,21;4;0,44;Bronze;26;Suburban;30;1
1353-LJWEM;Male;0;0;1;0;DSL;0;1;1;Month-to-month;1;Electronic check;609;6885;59;174978;0,07;4,9;0,86;Gold;19;Urban;15;0
1794-SWWKL;Male;0;1;1;1;DSL;0;0;1;Month-to-month;1;Bank transfer (automatic);5965;8671;77;124557;0,23;4,6;0,35;Gold;31;Urban;50;1
6166-YIPFO;Male;0;1;0;No phone service;DSL;1;1;1;Two year;1;Electronic check;647;474605;290;213627;0,22;4,6;0,64;Platinum;20;Urban;46;1
7016-BPGEU;Female;0;0;0;No phone service;DSL;0;0;0;Month-to-month;1;Credit card (automatic);251;71285;85;130241;0,27;3,9;0,21;Silver;19;Suburban;45;1
6876-ADESB;Male;0;0;1;0;DSL;0;0;1;Month-to-month;0;Electronic check;4895;4895;5;207838;0,01;3,8;0,25;Bronze;39;Urban;36;0
9332-GYWLO;Female;0;1;1;0;DSL;0;0;0;Month-to-month;0;Electronic check;5485;3551;29;145994;0,13;3,4;0,65;Silver;46;Urban;6;1
1963-SVUCV;Male;0;0;1;0;DSL;0;0;0;Month-to-month;0;Electronic check;453;453;5;194005;0,02;4,9;0,76;Platinum;50;Urban;34;0
4184-VODJZ;Male;0;1;1;1;Fiber optic;0;1;0;One year;1;Electronic check;9135;57647;165;96066;0,03;4,9;0,46;Gold;53;Suburban;28;0
0220-EBGCE;Male;0;0;1;0;Fiber optic;0;0;1;Month-to-month;1;Electronic check;8585;1673;5;215793;0,12;4,5;0,34;Silver;27;Urban;1;0
1092-WPIVQ;Female;0;1;1;1;0;No internet service;No internet service;No internet service;Two year;0;Mailed check;251;42845;51;157982;0,28;3,6;0,91;Platinum;38;Rural;56;1
7233-IOQNP;Female;0;1;0;No phone service;DSL;1;0;0;Month-to-month;0;Bank transfer (automatic);340;150535;222;86304;0,13;3,5;0,14;Gold;48;Suburban;47;1
2834-JKOOW;Female;0;0;0;No phone service;DSL;1;1;1;One year;0;Mailed check;459;69345;41;122967;0,03;5;0,72;Platinum;52;Urban;33;1
2754-VDLTR;Male;0;0;1;1;Fiber optic;0;0;0;Month-to-month;0;Electronic check;952;9304;22;158763;0,02;3,1;0,69;Silver;20;Urban;34;1
2400-FEQME;Male;0;1;1;0;0;No internet service;No internet service;No internet service;Two year;0;Mailed check;205;117795;329;120462;0,22;4,7;0,69;Gold;36;Suburban;30;1
3190-XFANI;Male;0;0;1;1;Fiber optic;0;0;0;One year;1;Bank transfer (automatic);1006;506965;102;200356;0,17;3,7;0,94;Gold;39;Suburban;11;0
7551-DACSP;Male;0;1;1;0;DSL;0;1;1;Month-to-month;1;Mailed check;553;32425;32;151834;0,15;3,8;0,73;Bronze;37;Suburban;0;0
4957-SREEC;Male;0;1;1;0;0;No internet service;No internet service;No internet service;Two year;0;Credit card (automatic);2035;14581;242;191023;0,29;4,7;0,03;Platinum;53;Rural;46;1
7235-NXZCP;Male;1;0;1;1;Fiber optic;0;0;0;Month-to-month;1;Mailed check;7485;1564;10;197771;0,04;3,2;0,35;Bronze;36;Urban;28;1
0230-UBYPQ;Male;1;1;0;No phone service;DSL;1;0;0;One year;0;Bank transfer (automatic);361;22989;265;155842;0,27;3,7;0,39;Silver;21;Urban;0;1
4923-ADWXJ;Female;0;0;1;0;DSL;0;1;0;Month-to-month;1;Bank transfer (automatic);658;167965;140;82589;0,21;4,9;0,03;Gold;49;Urban;0;1
1763-KUAAW;Female;1;0;1;0;0;No internet service;No internet service;No internet service;One year;0;Bank transfer (automatic);2035;3696;102;205023;0,08;4,4;0,91;Silver;25;Suburban;14;0
1104-TNLZA;Male;1;1;1;1;Fiber optic;0;1;0;Month-to-month;1;Electronic check;1058;29980;57;248150;0,27;4,5;0,07;Gold;43;Urban;57;1
5195-KPUNQ;Female;1;0;1;0;Fiber optic;1;1;0;One year;1;Mailed check;9675;520655;121;134918;0,13;4,5;0,07;Silver;18;Urban;2;0
0520-FDVVT;Male;0;0;1;0;Fiber optic;0;1;1;One year;1;Bank transfer (automatic);10235;36261;105;224673;0,24;3,1;0,73;Bronze;43;Suburban;13;1
3439-GVUSX;Male;0;0;0;No phone service;DSL;0;0;0;Month-to-month;0;Mailed check;244;244;4;87711;0,12;3,4;0,84;Bronze;26;Suburban;53;1
1444-VVSGW;Male;0;1;1;1;Fiber optic;1;1;1;One year;0;Credit card (automatic);11565;796885;388;139430;0,26;4;0,55;Silver;52;Urban;9;1
5712-PTIWW;Male;0;0;1;0;Fiber optic;0;0;1;Month-to-month;1;Electronic check;7985;15245;7;182605;0,19;3,7;0,73;Gold;35;Suburban;2;0
5949-HGVJL;Female;0;1;1;0;DSL;0;1;0;Month-to-month;1;Electronic check;7305;19595;115;83970;0,04;3,8;0,03;Bronze;36;Urban;19;0
5203-XEHAX;Female;0;0;1;0;DSL;1;1;0;One year;0;Electronic check;6435;205305;93;149535;0,19;4,6;0,75;Silver;33;Urban;49;1
1635-HDGFT;Female;0;0;1;0;0;No internet service;No internet service;No internet service;Two year;0;Mailed check;205;39855;99;166570;0,06;3;0,34;Bronze;45;Urban;54;1
3315-TOTBP;Male;0;0;1;1;Fiber optic;0;0;0;Month-to-month;1;Mailed check;760;113085;88;201315;0,12;4,3;0,09;Gold;20;Suburban;35;0
8050-XGRVL;Female;0;1;1;0;DSL;1;0;1;One year;0;Credit card (automatic);5475;342535;190;247248;0,05;3;0,16;Bronze;35;Suburban;26;1
6661-HBGWL;Female;1;0;1;1;Fiber optic;0;1;1;Month-to-month;1;Bank transfer (automatic);10475;432345;167;192111;0,01;3,1;0,32;Gold;30;Urban;48;1
1518-VOWAV;Female;0;0;1;0;DSL;1;1;0;Month-to-month;1;Electronic check;7465;70355;21;121730;0,06;3,8;0,05;Bronze;44;Urban;51;1
9828-QHFBK;Male;0;0;1;0;DSL;1;0;0;Month-to-month;1;Electronic check;5115;12757;101;224457;0,16;4,7;0,78;Bronze;41;Suburban;35;0
3908-MKIMJ;Male;1;1;0;No phone service;DSL;1;1;1;Two year;1;Electronic check;4195;296575;272;203252;0,14;3,3;0,75;Gold;46;Urban;46;1
5012-YSPJJ;Male;0;1;1;0;DSL;0;0;1;Month-to-month;0;Mailed check;5435;16470;79;217022;0,15;4,1;0,21;Silver;39;Rural;10;0
5909-ECHUI;Female;0;0;1;0;DSL;0;0;0;Month-to-month;1;Electronic check;5625;5625;3;234470;0,07;4,4;0,14;Silver;43;Suburban;2;1
1309-BXVOQ;Male;0;1;1;1;Fiber optic;0;0;1;Month-to-month;1;Electronic check;1061;224995;70;236349;0,21;3,5;0,03;Gold;37;Urban;23;1
6728-VOIFY;Female;0;1;1;0;Fiber optic;0;1;0;One year;1;Electronic check;960;610975;257;237833;0,21;4;0,48;Silver;41;Suburban;38;1
9317-WZPGV;Female;1;0;1;0;Fiber optic;0;0;0;Month-to-month;1;Bank transfer (automatic);7975;1594;8;143944;0,11;4,8;0,54;Gold;29;Urban;9;0
4891-NLUBA;Female;0;1;0;No phone service;DSL;0;1;1;Two year;1;Bank transfer (automatic);6145;375115;124;242605;0,26;4;0,43;Gold;35;Rural;25;1
2856-HYAPG;Female;0;0;1;0;Fiber optic;0;0;0;Month-to-month;0;Electronic check;6865;6865;5;187437;0,19;3,3;0,66;Silver;29;Urban;50;1
8969-PRHFK;Male;0;0;1;0;0;No internet service;No internet service;No internet service;One year;0;Mailed check;1965;41125;87;206794;0,21;4,3;0,43;Bronze;49;Urban;31;1
0661-KQHNK;Female;0;1;1;0;0;No internet service;No internet service;No internet service;One year;0;Credit card (automatic);190;1055;20;152123;0,08;4,2;0,95;Bronze;40;Urban;51;1
8709-KRDVL;Female;0;0;1;1;Fiber optic;0;1;0;Month-to-month;1;Electronic check;1000;33206;72;102880;0;3,1;0,26;Platinum;21;Urban;7;1
4488-PSYCG;Male;0;0;1;0;0;No internet service;No internet service;No internet service;Month-to-month;0;Bank transfer (automatic);2025;32745;80;167829;0,26;3,2;0,63;Platinum;29;Urban;46;1
1427-VERSM;Female;0;1;1;0;Fiber optic;0;0;1;Month-to-month;1;Electronic check;987;56695;325;212633;0,25;3,3;0,61;Bronze;34;Urban;12;1
9801-NOSHQ;Male;0;0;1;0;0;No internet service;No internet service;No internet service;One year;0;Mailed check;198;46545;68;133205;0,04;3,3;0,28;Bronze;38;Urban;57;1
6339-YPSAH;Male;0;0;1;0;Fiber optic;0;0;1;Month-to-month;1;Electronic check;738;7043;29;186948;0,11;3,5;0,41;Bronze;54;Urban;2;0
3621-CEOVK;Female;1;1;1;1;Fiber optic;0;1;0;Month-to-month;1;Electronic check;1002;13698;38;139810;0,02;3,9;0,37;Silver;46;Suburban;52;1
6906-ANDWJ;Male;0;1;1;1;Fiber optic;0;0;0;Month-to-month;1;Bank transfer (automatic);749;110725;64;193089;0,02;3,7;0,17;Bronze;23;Urban;52;1
2159-TURXX;Male;0;0;1;0;0;No internet service;No internet service;No internet service;Month-to-month;0;Credit card (automatic);2005;9555;13;144482;0,26;4,8;0,48;Gold;45;Rural;14;1
1548-FEHVL;Male;0;1;1;1;Fiber optic;1;1;0;Month-to-month;1;Electronic check;1062;63752;208;149192;0,04;4,2;0,39;Platinum;25;Urban;52;1
3795-CAWEX;Male;0;1;1;1;Fiber optic;1;1;1;Two year;1;Credit card (automatic);11655;81523;335;167154;0,13;4,8;0,18;Platinum;48;Urban;20;0
6215-NQCPY;Male;0;0;1;1;Fiber optic;1;0;0;Month-to-month;1;Electronic check;997;156675;63;166066;0,03;4,1;0,45;Bronze;37;Suburban;56;1
5647-URDKA;Male;0;1;1;0;0;No internet service;No internet service;No internet service;Two year;0;Mailed check;197;13025;28;239402;0,12;3,2;0,42;Platinum;33;Urban;41;1
2229-DPMBI;Female;0;1;1;0;0;No internet service;No internet service;No internet service;Two year;0;Mailed check;195;16215;29;227211;0;3,9;0,13;Gold;30;Urban;28;0
9626-WEQRM;Female;0;0;0;No phone service;DSL;1;0;0;Month-to-month;1;Mailed check;2915;11005;16;208514;0,27;4,6;0,13;Bronze;32;Rural;52;1
2188-SXWVT;Female;0;0;1;0;DSL;1;1;0;One year;0;Mailed check;550;188515;68;112977;0,16;3,4;0,65;Silver;30;Urban;46;1
6258-PVZWJ;Male;0;1;1;1;DSL;1;1;1;Two year;1;Credit card (automatic);908;630285;157;84983;0,25;3,2;0,71;Gold;19;Urban;26;1
1094-BKOSX;Female;0;1;0;No phone service;DSL;0;1;1;One year;0;Bank transfer (automatic);510;22645;248;129029;0,02;3,7;0,94;Platinum;37;Suburban;29;0
6969-MVBAI;Female;1;0;1;1;Fiber optic;0;0;1;Month-to-month;1;Electronic check;901;8168;20;232401;0,07;3,8;0,09;Bronze;45;Urban;58;1
2978-XXSOG;Female;0;0;1;1;DSL;1;0;0;Month-to-month;1;Mailed check;5905;12535;106;202668;0,08;3,6;0,12;Bronze;35;Urban;13;0
2342-CKIAO;Female;0;0;1;0;0;No internet service;No internet service;No internet service;Month-to-month;0;Mailed check;203;412;11;247806;0,12;3,3;0,05;Silver;24;Urban;40;1
6953-PBDIN;Male;0;1;1;1;DSL;0;1;1;Two year;0;Bank transfer (automatic);7295;526555;215;122837;0,24;3,5;0,53;Platinum;38;Urban;56;1
3898-BSJYF;Female;0;0;1;1;DSL;1;0;1;One year;0;Credit card (automatic);7355;6933;34;197512;0,12;4,4;0,62;Platinum;26;Urban;14;0
3938-YFPXD;Male;0;0;1;1;DSL;1;0;1;Two year;0;Credit card (automatic);843;59971;307;146786;0,06;3,8;0,04;Bronze;27;Rural;45;0
7696-AMHOD;Female;0;1;1;0;DSL;0;1;1;One year;0;Credit card (automatic);780;38242;270;84758;0,02;4,3;0,08;Bronze;48;Urban;46;1
2453-SAFNS;Female;1;0;1;1;DSL;0;1;0;One year;0;Mailed check;721;388605;311;182667;0,02;4,1;0,69;Platinum;30;Urban;58;1
9558-IHEZX;Female;0;0;1;1;Fiber optic;1;1;1;Two year;1;Credit card (automatic);10675;728325;352;188119;0,23;4,1;0,99;Gold;22;Urban;45;1
9617-UDPEU;Female;0;0;1;0;0;No internet service;No internet service;No internet service;One year;1;Mailed check;1925;41255;51;180157;0,13;3,5;0,14;Platinum;53;Urban;41;0
6340-DACFT;Female;0;1;1;0;0;No internet service;No internet service;No internet service;Two year;0;Credit card (automatic);2055;107025;233;162673;0,22;4;0,06;Gold;19;Urban;43;1
4955-VCWBI;Female;0;1;1;0;0;No internet service;No internet service;No internet service;One year;0;Mailed check;200;81795;156;177639;0,02;3;0,27;Bronze;23;Urban;51;1
6813-GZQCG;Female;0;1;1;1;0;No internet service;No internet service;No internet service;Two year;1;Credit card (automatic);2465;11713;174;232904;0,04;3,9;0,02;Gold;30;Suburban;13;0
7426-GSWPO;Male;1;0;1;1;Fiber optic;1;1;0;Month-to-month;1;Bank transfer (automatic);1035;654865;140;212940;0,04;4,1;0,93;Bronze;46;Rural;24;0
3389-KTRXV;Female;0;1;1;1;0;No internet service;No internet service;No internet service;Two year;0;Mailed check;2385;62565;63;194869;0,23;3,4;0,03;Gold;31;Urban;26;1
3118-UHVVQ;Female;0;1;1;1;0;No internet service;No internet service;No internet service;Two year;0;Credit card (automatic);258;19115;351;99728;0,22;3,5;0,55;Silver;47;Urban;46;1
1031-IIDEO;Female;0;0;1;0;Fiber optic;0;0;0;Month-to-month;1;Electronic check;7085;7085;3;183542;0,11;3,4;0,32;Platinum;42;Suburban;43;1
5832-XKAES;Male;0;0;1;0;Fiber optic;0;0;0;Month-to-month;1;Credit card (automatic);698;1347;6;173565;0,02;3,1;0,25;Platinum;52;Rural;1;1
3205-MXZRA;Male;0;0;1;0;DSL;0;0;0;One year;0;Credit card (automatic);5945;15070;91;239255;0;3,7;0,15;Bronze;54;Urban;50;1
4701-AHWMW;Male;0;1;0;No phone service;DSL;0;0;1;Month-to-month;1;Bank transfer (automatic);5455;29783;297;230012;0,09;5;0,32;Bronze;24;Urban;16;0
8317-BVKSO;Male;0;0;1;0;0;No internet service;No internet service;No internet service;Month-to-month;1;Electronic check;2005;2993;69;205019;0;3,7;0,62;Silver;35;Urban;14;0
5702-KVQRD;Male;0;1;1;0;DSL;1;0;1;Two year;1;Electronic check;8255;583265;219;216352;0,07;3,9;0,97;Gold;25;Urban;26;0
0083-PIVIK;Male;0;0;1;1;DSL;1;1;1;One year;0;Electronic check;8125;556755;158;182548;0,13;4,3;0,56;Gold;24;Urban;54;1
9210-IAHGH;Female;0;0;1;0;DSL;0;0;0;Month-to-month;1;Credit card (automatic);7075;4508;21;213236;0,04;4,3;0,53;Platinum;51;Rural;9;0
6169-PGNCD;Female;0;0;1;0;DSL;1;1;1;Two year;1;Credit card (automatic);743;416635;323;201289;0,03;4,9;0,04;Silver;53;Urban;42;0
0023-XUOPT;Female;0;1;1;1;Fiber optic;0;1;1;Month-to-month;0;Electronic check;941;12156;56;209068;0,27;4,7;0,84;Bronze;27;Urban;45;1
4592-IWTJI;Female;0;1;0;No phone service;DSL;1;0;0;Month-to-month;0;Credit card (automatic);297;917;12;159624;0,18;4,6;0,04;Bronze;46;Suburban;8;0
4909-JOUPP;Male;1;1;1;1;Fiber optic;0;1;1;Two year;0;Credit card (automatic);1097;789845;315;229477;0,28;4,9;0,91;Bronze;33;Urban;2;1
4657-FWVFY;Female;0;1;1;1;Fiber optic;0;1;1;Month-to-month;1;Credit card (automatic);9635;39154;138;82821;0,01;3,5;0,54;Silver;42;Urban;23;0
2257-BOVXD;Male;0;1;1;1;DSL;0;0;0;Month-to-month;1;Credit card (automatic);666;9795;73;135090;0,02;4,2;0,17;Platinum;46;Rural;0;0
7729-JTEEC;Male;0;1;1;0;DSL;0;0;0;Month-to-month;1;Electronic check;445;9005;8;233588;0,06;4,8;0,45;Bronze;25;Urban;37;0
7632-MNYOY;Male;1;0;1;1;Fiber optic;0;1;1;One year;0;Credit card (automatic);1109;743205;162;221545;0,19;4,2;0,99;Gold;37;Rural;5;0
6518-LGAOV;Female;0;1;1;1;Fiber optic;0;0;1;Month-to-month;1;Electronic check;1050;40264;95;126454;0,04;5;0,31;Bronze;53;Urban;4;0
7242-QZLXF;Male;0;0;0;No phone service;DSL;0;0;0;Month-to-month;1;Electronic check;253;253;4;184273;0;3,2;0,27;Bronze;44;Urban;3;1
4576-CSAJH;Male;0;0;1;0;DSL;0;1;0;One year;1;Credit card (automatic);5515;119305;126;184472;0,28;3,9;0,12;Silver;30;Rural;2;1
1000-AJSLD;Male;0;0;1;0;0;No internet service;No internet service;No internet service;Month-to-month;1;Mailed check;201;201;3;235870;0,17;5;0,06;Silver;43;Urban;44;1
9696-RMYBA;Male;0;0;1;0;Fiber optic;0;0;0;Month-to-month;1;Mailed check;801;39855;27;211935;0,28;3,8;0,09;Platinum;42;Suburban;29;1
8690-UPCZI;Male;0;1;1;1;DSL;1;0;0;One year;0;Bank transfer (automatic);6905;195845;146;96148;0,01;4,5;0,77;Silver;45;Urban;35;0
1062-LHZOD;Male;0;1;1;0;Fiber optic;0;0;0;Month-to-month;1;Mailed check;699;699;2;166545;0,01;3,1;0,92;Bronze;26;Urban;22;1
9770-LXDBK;Female;0;0;1;0;0;No internet service;No internet service;No internet service;Month-to-month;0;Mailed check;204;6315;6;134459;0,12;4,4;0,93;Gold;43;Suburban;6;0
4086-WITJG;Male;0;1;1;0;0;No internet service;No internet service;No internet service;Two year;0;Credit card (automatic);197;13011;170;164224;0,21;4,9;0,11;Platinum;29;Suburban;50;1
8344-WFMFH;Male;0;0;1;0;DSL;0;1;0;Month-to-month;1;Electronic check;501;48405;44;146189;0,17;3,8;0,56;Silver;43;Rural;31;0
9600-NAXZN;Male;0;0;1;1;Fiber optic;0;1;0;Month-to-month;1;Electronic check;1014;45280;120;219201;0,28;3;0,01;Bronze;39;Urban;42;1
8822-KNBHV;Female;0;0;1;1;DSL;1;1;1;One year;1;Credit card (automatic);8345;388785;167;171954;0,01;3,1;0,57;Bronze;18;Suburban;9;1
8404-FYDIB;Male;0;0;1;1;Fiber optic;1;1;0;Month-to-month;1;Credit card (automatic);8665;220875;104;103118;0,21;4,8;0,81;Bronze;29;Urban;50;1
2791-SFVEW;Female;0;0;1;0;0;No internet service;No internet service;No internet service;Month-to-month;0;Bank transfer (automatic);2015;23815;44;211515;0,01;4,4;0,54;Bronze;41;Suburban;50;1
6457-USBER;Male;0;0;1;0;Fiber optic;0;0;0;Month-to-month;1;Electronic check;808;808;2;238113;0,05;3,2;0,87;Platinum;47;Urban;36;1
6762-NSODU;Female;0;1;1;0;0;No internet service;No internet service;No internet service;Two year;0;Credit card (automatic);194;95815;166;169379;0,15;3,1;0,08;Bronze;31;Urban;32;1
4662-EKDPQ;Male;0;0;1;1;DSL;0;0;0;Month-to-month;0;Bank transfer (automatic);6205;1183;7;101053;0,15;4,6;0,28;Silver;40;Urban;25;0
9248-OJYKK;Male;1;0;1;1;Fiber optic;0;0;0;Month-to-month;1;Electronic check;7645;7645;4;176384;0,04;4,6;0,63;Silver;19;Urban;42;1
9888-ZCUMM;Male;0;1;0;No phone service;DSL;1;0;1;Two year;1;Bank transfer (automatic);6005;384545;337;248276;0,06;3,2;0,01;Gold;20;Suburban;44;1
3398-FSHON;Female;1;0;1;1;Fiber optic;0;1;0;Month-to-month;1;Electronic check;913;10945;32;197545;0,12;3,6;0,04;Bronze;23;Urban;30;0
3319-DWOEP;Male;1;1;1;0;Fiber optic;0;0;1;Month-to-month;1;Electronic check;9575;57375;31;206675;0,12;4,6;0,24;Silver;36;Suburban;29;0
1074-WVEVG;Female;0;1;1;0;0;No internet service;No internet service;No internet service;One year;0;Mailed check;2035;12670;281;173749;0,01;4,1;0,94;Bronze;38;Urban;22;0
9979-RGMZT;Female;0;0;1;0;Fiber optic;0;1;0;One year;1;Mailed check;9405;63345;29;219363;0,04;4,9;0,41;Bronze;37;Urban;28;0
6437-UDQJM;Female;1;1;1;1;DSL;1;1;1;Two year;1;Credit card (automatic);841;612965;345;96285;0;4;0,65;Bronze;38;Urban;7;0
1226-IENZN;Male;1;0;1;0;Fiber optic;0;0;0;Month-to-month;1;Electronic check;7875;121825;58;141589;0,29;4,4;0,73;Silver;21;Suburban;54;1
2108-GLPQB;Male;0;1;1;1;DSL;0;0;1;Month-to-month;0;Credit card (automatic);5555;14053;63;93944;0,28;4;0,77;Bronze;42;Rural;15;1
9259-PACGQ;Female;0;1;1;1;DSL;1;1;0;Month-to-month;0;Electronic check;6265;22749;158;181041;0,15;4,9;0,74;Silver;24;Urban;55;1
4415-IJZTP;Female;0;0;1;1;Fiber optic;0;0;0;Month-to-month;1;Electronic check;745;745;4;168876;0,03;3,8;0,29;Bronze;24;Urban;8;1
1465-VINDH;Female;0;1;1;1;Fiber optic;0;1;1;Month-to-month;1;Credit card (automatic);1021;106885;45;175561;0,02;3,5;0,69;Platinum;50;Urban;3;0
5474-LAMUQ;Male;0;1;1;0;0;No internet service;No internet service;No internet service;One year;0;Mailed check;201;5339;80;134391;0,02;3,7;0,55;Silver;43;Suburban;18;0
3468-DRVQJ;Female;0;1;1;1;DSL;1;1;0;One year;0;Electronic check;703;67615;56;81607;0,04;4,7;0,06;Gold;34;Suburban;38;0
1122-YJBCS;Male;0;1;1;0;DSL;1;1;0;One year;1;Credit card (automatic);5365;38044;300;82953;0,27;4;0;Bronze;25;Urban;43;1
4990-ALDGW;Male;0;0;1;0;0;No internet service;No internet service;No internet service;Two year;0;Mailed check;2075;11188;133;124941;0,19;3,7;0,26;Gold;43;Urban;40;0
4816-OKWNX;Male;0;1;1;0;Fiber optic;0;1;1;One year;1;Bank transfer (automatic);1034;52364;189;141683;0,25;4,1;0,93;Silver;32;Suburban;12;1
3315-IKYZQ;Male;0;1;0;No phone service;DSL;1;0;1;One year;0;Mailed check;508;13868;140;189588;0,27;3,3;0,29;Bronze;37;Urban;11;1
2810-FTLEM;Female;0;0;1;0;DSL;1;0;0;Month-to-month;1;Electronic check;5015;76225;82;202080;0,13;3;0,44;Gold;36;Suburban;8;1
4747-LCAQL;Male;0;0;1;0;DSL;1;1;0;Month-to-month;1;Mailed check;790;19020;99;91154;0,01;3,6;0,19;Gold;24;Urban;11;0
3411-WLRSQ;Female;1;1;1;0;Fiber optic;0;1;0;Month-to-month;1;Bank transfer (automatic);746;23905;16;205542;0,06;4,2;0,14;Platinum;18;Suburban;23;0
0898-XCGTF;Male;0;1;1;1;Fiber optic;0;0;0;One year;1;Bank transfer (automatic);965;56737;187;220119;0,02;4,4;0,21;Gold;54;Urban;47;1
8006-PYCSW;Female;0;0;1;0;0;No internet service;No internet service;No internet service;Month-to-month;0;Mailed check;201;398;7;168529;0,06;4,7;0,55;Bronze;35;Urban;12;0
8249-THVEC;Male;0;1;1;0;0;No internet service;No internet service;No internet service;One year;0;Mailed check;194;99775;285;94323;0,12;4,9;0,92;Bronze;25;Urban;34;0
8722-PRFDV;Female;0;1;1;0;DSL;1;0;1;Two year;0;Credit card (automatic);7755;557435;396;117693;0,04;3,8;0,33;Silver;32;Urban;31;0
2164-SOQXL;Female;0;1;1;0;0;No internet service;No internet service;No internet service;Month-to-month;0;Mailed check;2005;40605;94;169170;0,05;4,5;0,32;Bronze;23;Urban;37;0
4020-KIUDI;Male;0;1;1;0;0;No internet service;No internet service;No internet service;Month-to-month;0;Credit card (automatic);1985;13885;32;237364;0,13;3,1;0,56;Gold;54;Urban;13;1
5850-BDWCY;Female;0;0;1;0;0;No internet service;No internet service;No internet service;Month-to-month;0;Mailed check;202;12365;14;125111;0,01;3,1;0,36;Silver;39;Rural;1;1
2038-YSEZE;Female;0;0;1;1;DSL;1;1;0;Month-to-month;0;Mailed check;6745;18011;158;119491;0,14;3,2;0,91;Platinum;28;Rural;53;1
0827-ITJPH;Male;0;0;1;0;0;No internet service;No internet service;No internet service;Two year;1;Credit card (automatic);1855;6890;118;129336;0,13;3,9;0,38;Silver;43;Urban;20;0
8799-OXZMD;Female;0;0;0;No phone service;DSL;0;0;1;Month-to-month;1;Mailed check;2975;7907;75;96905;0,19;3,4;0,49;Silver;25;Urban;30;1
1925-TIBLE;Female;0;1;1;1;Fiber optic;0;0;0;Month-to-month;1;Electronic check;865;5825;20;110273;0,28;3,6;0,53;Bronze;26;Urban;51;1
1705-GUHPV;Female;0;0;1;1;0;No internet service;No internet service;No internet service;Two year;0;Mailed check;242;16182;231;205191;0,03;4,3;0,78;Bronze;30;Suburban;34;0
4779-ZGICK;Male;0;1;1;1;0;No internet service;No internet service;No internet service;Two year;0;Mailed check;2355;117335;144;195936;0,03;3,7;0,56;Gold;20;Rural;15;0
0048-PIHNL;Female;0;1;1;0;0;No internet service;No internet service;No internet service;One year;0;Bank transfer (automatic);2045;9009;160;237306;0,26;4,1;0,24;Platinum;20;Urban;39;1
0818-OCPZO;Male;1;0;1;1;Fiber optic;0;1;0;Month-to-month;1;Electronic check;8145;212205;68;146538;0,15;3,8;0,12;Silver;24;Suburban;25;0
3967-KXAPS;Male;0;1;1;1;DSL;1;1;1;Two year;0;Credit card (automatic);923;67199;229;184570;0,23;3,3;0,94;Gold;20;Suburban;37;1
1447-GIQMR;Male;0;1;1;0;Fiber optic;0;0;0;Month-to-month;1;Electronic check;6915;6915;4;243645;0,06;3,1;0,08;Silver;28;Urban;56;1
3704-IEAXF;Female;0;1;0;No phone service;DSL;0;1;0;Two year;0;Credit card (automatic);5365;37840;271;173339;0,25;3,5;0,02;Platinum;45;Urban;2;1
6810-VCAEX;Female;0;0;0;No phone service;DSL;1;1;0;One year;0;Credit card (automatic);3965;179865;159;201132;0,28;3,1;0,82;Bronze;48;Suburban;36;1
0674-EYYZV;Female;0;0;1;0;DSL;0;0;0;Month-to-month;1;Electronic check;5465;5465;4;208993;0,19;4,2;0,59;Silver;26;Urban;35;1
4480-MBMLB;Female;0;0;1;1;Fiber optic;0;1;1;One year;1;Bank transfer (automatic);1048;388645;200;91330;0,03;4,6;0,52;Silver;44;Urban;37;0
1395-OFUWC;Male;0;1;0;No phone service;DSL;0;1;0;Month-to-month;0;Credit card (automatic);293;122405;216;152553;0,27;3,7;0,01;Silver;29;Urban;1;1
0822-QGCXA;Female;1;1;1;1;DSL;0;1;1;Month-to-month;0;Electronic check;8385;23102;89;227083;0,24;3,8;0,78;Bronze;25;Rural;21;1
0872-NXJYS;Female;0;0;1;0;Fiber optic;0;0;0;Month-to-month;1;Electronic check;7955;7234;44;163537;0,23;4,6;0,02;Silver;39;Urban;2;1
2832-KJCRD;Female;0;0;1;1;Fiber optic;0;0;1;Month-to-month;1;Electronic check;10365;39885;99;140985;0,01;3,4;0,73;Silver;35;Urban;39;1
3588-WSTTJ;Female;1;0;1;1;Fiber optic;1;0;0;Month-to-month;1;Electronic check;9905;35546;88;97044;0,24;3,2;0,02;Bronze;47;Suburban;46;1
4075-WKNIU;Female;0;1;1;1;DSL;0;1;1;Two year;0;Mailed check;7335;1397475;0;249364;0,04;4;0,08;Gold;28;Rural;41;1
5090-EMGTC;Female;0;1;1;0;Fiber optic;0;1;0;Two year;1;Mailed check;10005;603485;308;202304;0,07;4,3;0,02;Gold;19;Urban;46;1
2346-CZYIL;Male;0;0;1;0;0;No internet service;No internet service;No internet service;Two year;0;Credit card (automatic);2035;5316;80;216322;0,17;4,2;0,24;Gold;46;Urban;25;0
3798-EPWRR;Female;1;0;1;0;DSL;0;0;0;Month-to-month;0;Electronic check;4395;851;4;103289;0,08;4,4;0,27;Silver;43;Urban;26;1
6258-NGCNG;Male;0;0;1;1;0;No internet service;No internet service;No internet service;Month-to-month;0;Mailed check;235;1730;17;113087;0,02;3,1;0,16;Bronze;31;Rural;37;1
4186-ZBUEW;Female;0;0;1;1;DSL;0;1;0;One year;1;Mailed check;707;251195;195;155952;0,18;3,9;0,48;Silver;45;Urban;43;0
5274-XHAKY;Female;0;1;1;1;Fiber optic;1;1;0;Month-to-month;1;Bank transfer (automatic);943;38936;185;116368;0,03;3,5;0,28;Bronze;52;Suburban;7;0
1442-BQPVU;Female;0;0;0;No phone service;DSL;0;1;0;Month-to-month;0;Electronic check;2915;35715;39;200648;0,02;4,5;0,99;Silver;23;Urban;22;0
3978-YNKDD;Male;0;0;1;0;0;No internet service;No internet service;No internet service;Two year;0;Credit card (automatic);2085;4675;80;150815;0,28;4,7;0,58;Bronze;53;Urban;5;1
4940-KHCWD;Female;0;1;0;No phone service;DSL;1;1;0;Two year;0;Bank transfer (automatic);377;22887;246;170693;0,05;3,6;0,57;Bronze;29;Urban;24;0
9412-ARGBX;Female;0;0;1;0;Fiber optic;0;1;1;Two year;1;Mailed check;955;462785;221;138900;0,18;3,2;0,22;Bronze;51;Urban;58;1
1389-CXMLU;Male;1;0;1;1;Fiber optic;0;0;1;Month-to-month;0;Electronic check;9105;2891;8;95494;0,01;3,5;0,41;Bronze;23;Urban;56;1
9589-ABEPT;Male;0;1;1;1;Fiber optic;0;1;0;Two year;1;Mailed check;9245;646055;376;196486;0,14;3,2;0,12;Platinum;54;Urban;57;1
9388-ZEYVT;Male;0;0;0;No phone service;DSL;0;0;1;One year;0;Electronic check;4415;19313;139;236405;0,09;3,6;0,76;Platinum;54;Suburban;15;0
0305-SQECB;Female;0;0;0;No phone service;DSL;1;0;0;One year;1;Mailed check;3605;4026;52;113050;0,11;4,1;0,33;Silver;25;Rural;25;0
7605-SNLQG;Female;0;1;1;0;DSL;0;0;1;Month-to-month;1;Credit card (automatic);5025;222155;92;177799;0,01;4,9;0,75;Bronze;54;Urban;14;0
4670-TABXH;Male;0;1;1;1;Fiber optic;0;1;1;Two year;1;Credit card (automatic);10975;77589;251;211016;0,29;3,8;0,37;Platinum;50;Suburban;51;1
5561-NWEVX;Female;1;1;1;1;Fiber optic;0;0;1;Month-to-month;0;Electronic check;792;17285;6;168257;0,19;3,4;0,99;Platinum;48;Suburban;46;1
0064-SUDOG;Female;0;1;1;0;0;No internet service;No internet service;No internet service;Two year;0;Bank transfer (automatic);203;2245;50;128070;0,15;3,3;0,17;Gold;51;Urban;31;1
8561-NMTBD;Female;0;1;1;1;Fiber optic;0;1;1;One year;1;Credit card (automatic);11235;738845;153;85166;0,12;3,3;0;Silver;28;Urban;39;1
5161-XEUVX;Male;0;1;1;1;Fiber optic;0;0;1;Two year;0;Mailed check;943;346095;190;218193;0,16;3,4;0,59;Bronze;53;Suburban;18;1
8292-FRFZQ;Female;0;0;0;No phone service;DSL;1;1;0;One year;0;Bank transfer (automatic);4115;17009;111;225749;0,11;4,5;0,95;Bronze;21;Urban;13;0
8591-NXRCV;Female;0;0;1;1;DSL;1;0;1;Month-to-month;1;Bank transfer (automatic);7465;309065;193;167409;0,11;3,1;0,65;Gold;34;Urban;58;1
7895-VONWT;Female;0;0;0;No phone service;DSL;0;0;1;Month-to-month;1;Electronic check;4825;12938;130;117664;0,14;5;0,09;Gold;33;Urban;52;1
4526-RMTLL;Male;0;1;1;1;DSL;1;1;0;Two year;1;Credit card (automatic);7615;6458;33;209926;0,08;4;0,54;Silver;47;Urban;47;1
6253-GNHWH;Female;0;1;1;1;DSL;1;1;1;Two year;0;Mailed check;711;522495;352;81293;0,05;4,1;0,91;Bronze;22;Urban;43;0
4566-NECEV;Male;0;0;1;1;Fiber optic;0;1;1;Month-to-month;0;Electronic check;9655;5001;23;233515;0,17;3,7;0,01;Silver;54;Urban;34;0
8080-POTJR;Female;0;0;1;1;DSL;1;0;1;One year;1;Credit card (automatic);793;24271;102;129212;0,25;4,4;0,17;Gold;43;Suburban;25;1
6906-MPARY;Male;0;0;1;0;Fiber optic;0;1;0;One year;1;Credit card (automatic);896;348815;209;155276;0,05;3,9;0,81;Gold;45;Urban;51;1
3662-FXJFO;Female;0;0;1;0;0;No internet service;No internet service;No internet service;Two year;1;Mailed check;205;10357;171;92559;0,01;3,7;0,89;Silver;36;Urban;36;0
8107-RZLNV;Male;0;1;1;1;Fiber optic;0;1;1;Two year;1;Bank transfer (automatic);1063;756535;308;145231;0,07;3,5;0,71;Bronze;38;Urban;12;0
0516-OOHAR;Male;0;1;1;0;Fiber optic;0;1;1;One year;0;Bank transfer (automatic);10035;27990;139;188277;0,29;4,9;0,99;Bronze;45;Rural;46;1
2027-CWDNU;Male;0;1;1;0;Fiber optic;0;0;0;Month-to-month;1;Electronic check;856;16015;63;101747;0,25;3,6;0,09;Gold;36;Urban;7;1
2737-WFVYW;Female;0;0;0;No phone service;DSL;0;0;0;Month-to-month;1;Electronic check;4525;855;6;241201;0,18;3,9;0,55;Gold;53;Urban;13;0
9912-OMZDS;Female;0;1;1;1;Fiber optic;0;1;1;One year;1;Electronic check;10615;62562;226;80037;0,28;3,7;0,68;Bronze;28;Urban;25;1
3733-ZEECP;Male;0;1;1;0;DSL;0;0;0;Month-to-month;1;Electronic check;511;12329;115;184294;0,13;3,2;0,07;Bronze;36;Urban;46;1
7878-RTCZG;Female;0;0;1;0;0;No internet service;No internet service;No internet service;Month-to-month;0;Mailed check;199;199;5;177847;0,29;3,4;0,79;Silver;22;Urban;55;1
2452-MRMZF;Female;1;1;1;1;0;No internet service;No internet service;No internet service;Two year;1;Credit card (automatic);257;19374;300;183742;0,09;3,4;0,92;Bronze;19;Rural;29;1
2272-QAGFO;Female;1;0;1;1;Fiber optic;0;0;0;Month-to-month;1;Electronic check;743;109625;65;128503;0,07;4,4;0,36;Silver;42;Suburban;50;1
7103-IPXPJ;Male;0;1;1;1;Fiber optic;0;0;0;One year;0;Electronic check;994;505975;280;108207;0,19;3,8;0,04;Silver;43;Urban;39;0
4342-HFXWS;Female;0;1;1;0;DSL;1;0;1;One year;0;Bank transfer (automatic);697;302365;114;113241;0,11;4,6;0,36;Gold;47;Urban;41;0
3545-CNWRG;Female;0;1;1;1;Fiber optic;0;1;0;Month-to-month;1;Electronic check;9835;48892;143;211130;0,19;4,4;0,67;Gold;34;Urban;12;0
1785-BPHTP;Male;0;1;1;0;Fiber optic;0;0;1;Month-to-month;0;Electronic check;8545;22899;135;176171;0,09;3,4;0,21;Bronze;38;Urban;35;1
4989-LIXVT;Male;1;0;1;1;Fiber optic;0;1;1;Month-to-month;1;Electronic check;959;65032;360;225906;0,19;4,1;0,81;Silver;37;Suburban;10;0
7315-WYOAW;Male;0;0;1;1;Fiber optic;0;0;0;Month-to-month;0;Electronic check;10075;131325;70;197302;0,08;4,5;0,22;Bronze;35;Urban;1;0
1173-XZPYF;Female;0;0;1;1;Fiber optic;0;0;1;Month-to-month;1;Electronic check;892;9903;40;238262;0,02;4,3;0,01;Gold;33;Urban;29;0
9850-OWRHQ;Female;0;1;1;1;Fiber optic;0;0;0;Month-to-month;1;Credit card (automatic);741;2280;7;152832;0,27;4,2;0,51;Gold;45;Urban;50;1
3768-NLUBH;Male;1;1;1;1;Fiber optic;0;0;1;Month-to-month;0;Electronic check;1006;574615;213;101383;0,26;4,5;0,73;Bronze;29;Urban;23;1
8676-TRMJS;Male;0;0;1;1;Fiber optic;0;0;0;Month-to-month;0;Mailed check;750;2091;8;204291;0,29;3,1;0,35;Bronze;23;Suburban;59;1
2509-TFPJU;Male;0;1;1;1;0;No internet service;No internet service;No internet service;Two year;0;Credit card (automatic);2575;18642;227;235732;0,21;4,5;0,75;Bronze;41;Urban;52;1
9530-GRMJG;Male;0;1;1;1;DSL;0;1;1;Two year;1;Electronic check;841;59797;356;82674;0,02;3,5;0,44;Silver;23;Suburban;17;0
6898-RBTLU;Female;0;1;1;1;DSL;0;1;0;Two year;0;Bank transfer (automatic);793;390245;112;194100;0,17;4,1;0,17;Bronze;34;Suburban;22;0
5481-NTDOH;Female;1;1;1;1;Fiber optic;1;0;1;One year;1;Credit card (automatic);10705;71425;355;189369;0,04;3,5;0,09;Silver;36;Urban;52;1
2068-WWXQZ;Male;0;0;1;0;0;No internet service;No internet service;No internet service;Two year;0;Bank transfer (automatic);2005;9020;170;102820;0,06;4,7;0,71;Silver;45;Rural;5;0
7359-SSBJK;Female;1;0;1;0;DSL;1;1;0;Two year;1;Credit card (automatic);702;44810;280;236738;0,09;4;0,39;Silver;46;Urban;45;0
2061-VVFST;Female;0;1;1;0;0;No internet service;No internet service;No internet service;Month-to-month;0;Bank transfer (automatic);195;8052;87;123794;0,27;4,3;0,91;Gold;24;Urban;49;1
0685-MLYYM;Female;1;0;1;0;Fiber optic;0;0;0;Month-to-month;0;Electronic check;7075;15485;6;213148;0,05;4,6;0,54;Bronze;36;Suburban;10;0
0749-IRGQE;Female;1;1;0;No phone service;DSL;0;0;0;Month-to-month;0;Electronic check;453;52845;30;208544;0,28;4,8;0,35;Platinum;25;Urban;6;1
2380-DAMQP;Female;0;1;1;1;Fiber optic;1;1;1;Two year;0;Electronic check;11515;83497;420;117555;0,16;4,5;0,35;Bronze;25;Urban;46;1
2256-YLYLP;Male;0;1;1;0;DSL;0;0;1;Two year;1;Bank transfer (automatic);7295;495325;355;112406;0,21;3,3;0,13;Bronze;22;Suburban;32;1
1272-ILHFG;Male;0;1;1;0;0;No internet service;No internet service;No internet service;One year;0;Mailed check;1965;33265;57;120262;0,03;4,7;0,59;Silver;51;Suburban;57;1
0164-XAIRP;Female;0;0;1;0;0;No internet service;No internet service;No internet service;Two year;1;Bank transfer (automatic);1955;4702;69;171320;0,08;4,2;0,58;Silver;38;Urban;9;0
5666-CYCYZ;Female;0;0;1;1;Fiber optic;0;0;0;Month-to-month;1;Electronic check;8955;225935;137;234288;0,29;4,2;0,08;Bronze;21;Suburban;20;1
4011-ARPHK;Male;0;0;1;0;DSL;1;0;0;Month-to-month;0;Mailed check;5035;141135;91;110284;0,08;4,8;0,02;Silver;53;Suburban;8;0
8182-PNAGI;Male;0;0;1;0;DSL;0;0;0;Month-to-month;0;Bank transfer (automatic);5025;59375;31;231243;0,09;3,5;0,29;Bronze;22;Urban;54;1
6365-HITVU;Female;0;1;1;0;DSL;1;1;1;Two year;0;Credit card (automatic);8725;63287;301;170627;0,06;3,5;0,01;Gold;40;Urban;29;0
7558-IMLMT;Male;0;1;1;0;0;No internet service;No internet service;No internet service;Two year;1;Mailed check;208;14119;386;225405;0,04;4;0,03;Silver;36;Rural;47;1
9488-FYQAU;Female;0;1;1;1;Fiber optic;0;1;1;Two year;1;Bank transfer (automatic);10925;68414;126;241607;0,07;4,5;0,43;Silver;32;Rural;47;1
3590-TCXTB;Male;0;0;1;0;0;No internet service;No internet service;No internet service;Month-to-month;0;Mailed check;2035;2035;2;169023;0,19;3,9;0,96;Platinum;31;Urban;24;1
6994-KERXL;Male;0;0;1;0;DSL;0;0;0;Month-to-month;1;Electronic check;559;2385;23;244772;0,14;4,3;0,65;Gold;25;Urban;24;0
7957-RYHQD;Female;1;0;1;0;Fiber optic;1;1;0;Month-to-month;1;Credit card (automatic);792;323385;107;121516;0,17;3,9;0,78;Silver;26;Suburban;48;1
2180-DXNEG;Female;0;0;1;0;Fiber optic;0;0;1;Month-to-month;1;Electronic check;960;10621;29;95577;0,04;4,2;0,33;Silver;28;Urban;23;0
1960-UOTYM;Male;0;1;1;0;DSL;1;1;1;Two year;0;Electronic check;792;40163;222;95015;0,24;4,6;0,14;Silver;35;Suburban;11;1
2740-JFBOK;Male;0;0;1;1;0;No internet service;No internet service;No internet service;Month-to-month;1;Electronic check;240;22655;54;171104;0,24;3,4;0,26;Bronze;49;Urban;6;1
6500-JVEGC;Male;0;0;1;1;Fiber optic;1;1;1;One year;0;Bank transfer (automatic);10135;711075;265;194412;0,01;4,4;0,26;Bronze;53;Suburban;58;1
5515-AKOAJ;Female;0;0;1;1;Fiber optic;0;0;0;Month-to-month;1;Electronic check;1001;54409;322;171740;0,12;4,6;0,58;Bronze;38;Urban;33;0
8976-OQHGT;Female;0;1;1;0;DSL;0;1;0;Month-to-month;0;Mailed check;565;2351;18;232308;0,02;3,9;0,34;Gold;44;Rural;2;0
5245-VDBUR;Female;0;1;0;No phone service;DSL;1;0;1;One year;0;Mailed check;3545;195895;119;146640;0,24;3,6;0,86;Bronze;38;Urban;5;1
6230-BSUXY;Female;1;0;1;0;Fiber optic;0;0;1;Month-to-month;1;Electronic check;850;850;5;163190;0,22;3;0,99;Bronze;28;Urban;58;1
8469-SNFFH;Male;0;1;1;1;DSL;1;1;1;One year;0;Bank transfer (automatic);794;55289;254;209516;0,27;4,6;0,34;Bronze;51;Suburban;26;1
2144-ESWKO;Male;0;0;0;No phone service;DSL;1;0;1;One year;1;Credit card (automatic);352;14637;135;214718;0,07;3,7;0,71;Silver;22;Urban;18;0
1241-FPMOF;Male;0;0;1;0;0;No internet service;No internet service;No internet service;Two year;0;Mailed check;1965;102505;220;167007;0,14;3,7;0,66;Silver;45;Urban;7;0
9928-BZVLZ;Female;0;0;0;No phone service;DSL;1;0;1;Two year;0;Mailed check;4985;5521;38;236978;0,06;3,7;0,19;Silver;27;Rural;35;0
4114-QMKVN;Female;0;1;1;1;DSL;1;1;0;One year;0;Bank transfer (automatic);6875;38154;131;127728;0,11;4;0,92;Bronze;29;Urban;38;0
2775-SEFEE;Male;0;0;1;1;DSL;1;1;0;Two year;1;Bank transfer (automatic);619;1397475;0;94878;0,16;4,4;0,02;Platinum;20;Suburban;35;1
9003-CPATH;Male;0;0;1;1;Fiber optic;0;0;1;Month-to-month;0;Electronic check;799;33134;159;208925;0,02;4,5;0,74;Silver;18;Urban;17;0
1754-GKYPY;Male;1;1;1;0;Fiber optic;0;0;0;Month-to-month;1;Bank transfer (automatic);8975;19389;117;89145;0,21;3,8;0,35;Silver;54;Suburban;6;1
5294-CDGWY;Male;0;1;0;No phone service;DSL;1;1;1;One year;0;Electronic check;593;301465;218;168578;0,16;4,3;0,37;Platinum;18;Urban;55;1
7956-XQWGU;Male;0;0;1;0;0;No internet service;No internet service;No internet service;Month-to-month;1;Credit card (automatic);194;46025;161;98226;0,25;4,4;0,46;Platinum;30;Urban;0;1
1591-MQJTP;Male;1;1;1;1;Fiber optic;1;0;1;One year;1;Bank transfer (automatic);9365;483915;160;82802;0,08;3,6;0,86;Silver;32;Suburban;4;0
5295-PCJOO;Male;0;0;1;0;DSL;1;0;0;Month-to-month;1;Electronic check;494;1844;12;104119;0,27;3,2;0,14;Platinum;24;Urban;41;1
2369-FEVNO;Male;0;0;1;0;0;No internet service;No internet service;No internet service;Month-to-month;1;Mailed check;199;199;2;143560;0,03;4,8;0,05;Silver;47;Rural;13;1
9863-JZAIC;Male;0;0;1;0;DSL;0;0;0;Month-to-month;0;Mailed check;550;201055;92;137353;0,28;4,4;0,04;Bronze;41;Suburban;55;1
7471-MQPOS;Male;1;1;1;1;DSL;0;1;1;One year;1;Bank transfer (automatic);729;513965;222;203001;0,23;4,3;0,06;Bronze;25;Suburban;0;1
7660-HDPJV;Female;0;0;1;0;Fiber optic;0;0;0;Month-to-month;1;Electronic check;692;692;5;151641;0,24;3,1;0,69;Silver;20;Urban;11;1
5115-SQAAU;Female;0;1;1;1;0;No internet service;No internet service;No internet service;Two year;1;Bank transfer (automatic);256;16734;387;131712;0,17;4,6;0,76;Silver;32;Urban;18;0
9845-QOMAD;Male;0;1;1;0;0;No internet service;No internet service;No internet service;One year;0;Mailed check;1975;30935;82;210085;0,06;4,1;0,85;Silver;53;Urban;1;0
7672-VFMXZ;Male;0;1;1;0;DSL;1;0;0;Month-to-month;0;Electronic check;557;31716;166;148285;0,02;4,7;0,74;Gold;31;Urban;13;0
9739-JLPQJ;Female;0;1;1;1;Fiber optic;1;1;1;Two year;0;Credit card (automatic);1175;86701;397;195278;0,21;4,9;0,92;Silver;44;Urban;2;1
9916-AYHTC;Male;0;0;1;0;0;No internet service;No internet service;No internet service;Two year;0;Credit card (automatic);1985;9160;159;245201;0,03;4,9;0,75;Bronze;47;Rural;50;1
3855-ONCAR;Female;0;1;1;0;Fiber optic;0;0;0;Month-to-month;1;Mailed check;789;29975;9;104512;0,16;4,7;0,94;Bronze;54;Urban;34;0
1488-SYSFC;Male;0;1;1;0;0;No internet service;No internet service;No internet service;Month-to-month;1;Electronic check;2065;70205;169;182077;0,08;3;0,19;Platinum;23;Suburban;12;1
7931-PXHFC;Male;0;0;1;0;DSL;0;0;1;One year;1;Mailed check;623;23548;172;82064;0,21;4,8;0,05;Gold;36;Urban;48;1
3990-QYKBE;Male;1;1;1;1;Fiber optic;0;0;0;Month-to-month;1;Electronic check;925;34734;98;175614;0,29;3,2;0,99;Silver;54;Urban;2;1
0970-QXPXW;Female;0;0;1;0;0;No internet service;No internet service;No internet service;Month-to-month;0;Mailed check;1965;1965;3;197639;0,05;4,7;0,68;Gold;18;Urban;13;1
3259-KNMRR;Male;1;0;1;1;DSL;0;1;1;Two year;1;Bank transfer (automatic);7975;44382;179;110011;0,01;3,6;0,88;Gold;42;Urban;33;0
6120-RJKLU;Female;1;1;1;0;DSL;1;0;1;Two year;1;Credit card (automatic);7995;481975;306;151152;0,16;4,2;0,03;Platinum;27;Suburban;44;0
9572-WUKSB;Male;0;1;0;No phone service;DSL;0;0;0;Month-to-month;1;Electronic check;299;9225;11;90960;0,05;3,1;0,87;Bronze;43;Rural;8;1
5893-KCLGT;Female;0;0;1;0;0;No internet service;No internet service;No internet service;Two year;1;Mailed check;1975;15670;428;201789;0,01;4,5;0,07;Silver;40;Suburban;9;0
0076-LVEPS;Male;0;0;0;No phone service;DSL;1;1;1;Month-to-month;1;Mailed check;450;124245;64;138920;0,01;3,2;0,17;Bronze;34;Suburban;7;1
3640-JQGJG;Male;0;1;1;0;DSL;0;0;0;Month-to-month;0;Bank transfer (automatic);448;5592;44;101387;0,26;3,8;0,03;Platinum;47;Urban;28;1
4919-MOAVT;Male;0;0;1;0;Fiber optic;0;0;0;Month-to-month;0;Electronic check;6965;2201;11;226396;0,01;4,6;0,26;Platinum;44;Urban;53;1
1596-OQSPS;Female;0;0;1;0;DSL;0;1;0;Month-to-month;0;Electronic check;511;53115;44;143960;0,13;4,4;0,92;Gold;28;Urban;38;0
9867-XOBQA;Female;0;0;0;No phone service;DSL;1;1;1;Two year;0;Mailed check;5315;11832;68;202994;0,23;3;0,67;Silver;21;Suburban;32;1
9546-KDTRB;Female;0;0;1;1;0;No internet service;No internet service;No internet service;Month-to-month;0;Bank transfer (automatic);247;46585;93;112628;0,29;3,8;0,92;Silver;35;Urban;22;1
3090-HAWSU;Male;0;0;1;1;Fiber optic;1;0;1;Two year;1;Credit card (automatic);1116;687605;335;201269;0,03;3,1;0,45;Silver;36;Urban;7;1
9820-RMCQV;Female;0;0;1;0;DSL;1;0;0;Month-to-month;0;Credit card (automatic);4855;5010;63;127452;0,13;4,3;0,94;Bronze;53;Urban;39;0
3174-RKMOW;Male;0;1;1;1;Fiber optic;0;1;1;Month-to-month;1;Electronic check;10995;37824;182;121098;0,29;4,9;0,46;Silver;43;Rural;37;1
1760-CAZHT;Male;0;0;1;0;0;No internet service;No internet service;No internet service;Month-to-month;0;Mailed check;208;4602;135;166861;0,01;4,3;0,02;Bronze;18;Suburban;22;0
7839-QRKXN;Female;0;0;1;0;0;No internet service;No internet service;No internet service;Month-to-month;1;Mailed check;202;202;4;107949;0,22;3,4;0,15;Platinum;37;Urban;58;1
8441-SHIPE;Female;0;0;1;1;0;No internet service;No internet service;No internet service;Two year;1;Bank transfer (automatic);256;179035;355;233893;0,19;3,7;0,99;Silver;28;Rural;49;1
5204-QZXPU;Male;0;0;0;No phone service;DSL;0;0;1;Month-to-month;1;Electronic check;3965;73335;61;233104;0,07;5;0,33;Platinum;42;Urban;35;0
4597-ELFTS;Male;0;0;1;1;0;No internet service;No internet service;No internet service;One year;0;Electronic check;249;13340;201;153537;0,15;3,4;0,16;Gold;36;Urban;55;1
1320-GVNHT;Male;0;1;1;1;Fiber optic;1;1;1;Two year;1;Credit card (automatic);1084;776725;235;226375;0,04;4,1;0,01;Bronze;49;Urban;42;0
1047-RNXZV;Male;0;0;1;0;0;No internet service;No internet service;No internet service;Two year;0;Mailed check;1955;87615;166;196003;0,26;3,8;0,29;Bronze;18;Urban;19;1
3541-ZNUHK;Female;0;1;1;1;Fiber optic;1;1;0;Month-to-month;1;Electronic check;851;460095;172;223375;0,11;4,5;0,89;Platinum;18;Urban;55;1
8450-JOVAH;Male;0;1;1;1;DSL;1;0;0;Month-to-month;0;Mailed check;567;11355;11;130701;0,19;4,7;0,53;Gold;20;Urban;57;1
8725-JEDFD;Male;0;0;1;0;Fiber optic;0;0;0;Month-to-month;1;Mailed check;6905;179325;87;130511;0,05;3,7;0,63;Bronze;49;Rural;47;1
7562-UXTPG;Female;0;0;1;0;Fiber optic;0;0;0;Month-to-month;1;Mailed check;7015;8867;31;160664;0,06;4,3;0,92;Bronze;53;Urban;11;0
8071-SBTRN;Female;0;0;1;1;Fiber optic;1;1;1;Two year;1;Mailed check;11115;773755;287;229352;0,03;4,1;0,51;Silver;25;Urban;35;1
1113-IUJYX;Female;0;1;1;0;Fiber optic;1;1;0;One year;0;Mailed check;10595;13489;31;119427;0,23;3,6;0,84;Bronze;47;Suburban;8;1
6668-CNMFP;Female;0;1;1;1;Fiber optic;0;0;0;One year;1;Bank transfer (automatic);8935;168685;46;177180;0,29;3,5;0,32;Bronze;51;Suburban;32;1
5626-MGTUK;Female;0;0;1;1;Fiber optic;1;0;0;Month-to-month;1;Bank transfer (automatic);891;187925;57;183550;0,09;4,1;0,98;Gold;25;Rural;5;0
5681-LLOEI;Male;0;1;1;1;Fiber optic;1;0;1;One year;1;Credit card (automatic);9125;40138;165;218039;0,05;3,3;0,08;Silver;42;Urban;31;1
8212-DJRCH;Male;0;1;1;0;Fiber optic;1;0;1;Month-to-month;1;Mailed check;9035;4345;18;217733;0,15;4,6;0,72;Silver;43;Suburban;0;0
4323-OHFOW;Female;1;1;1;1;Fiber optic;0;1;0;One year;1;Bank transfer (automatic);10555;719535;363;157952;0,15;3,1;0,66;Platinum;44;Urban;59;1
4933-BSAIP;Female;0;1;1;0;0;No internet service;No internet service;No internet service;Two year;0;Mailed check;191;7801;198;146046;0,05;3,2;0,19;Silver;36;Urban;53;1
2030-BTZRO;Male;0;1;1;0;0;No internet service;No internet service;No internet service;Two year;1;Credit card (automatic);204;1076;22;186918;0,22;3,7;0,39;Gold;40;Urban;51;1
1116-DXXDF;Male;0;0;1;0;Fiber optic;1;0;1;Two year;1;Electronic check;10045;38017;130;115200;0,11;3,2;0,31;Bronze;33;Urban;23;1
9274-CNFMO;Male;1;1;1;1;Fiber optic;0;0;0;Month-to-month;0;Electronic check;7495;3087;13;147442;0,06;4;0,09;Bronze;25;Urban;28;0
7758-XKCBS;Male;0;0;0;No phone service;DSL;0;0;0;Month-to-month;1;Electronic check;297;43825;76;171070;0,01;3,8;0,58;Bronze;47;Suburban;7;0
8992-JQYUN;Male;0;1;0;No phone service;DSL;0;0;1;Month-to-month;1;Electronic check;5035;5035;2;138168;0,17;4,4;0,99;Bronze;25;Urban;12;1
6563-VNPMN;Female;1;0;1;0;Fiber optic;1;1;0;Month-to-month;1;Bank transfer (automatic);857;37781;92;128322;0,22;4,9;0,56;Platinum;28;Rural;24;1
0617-AQNWT;Female;0;1;0;No phone service;DSL;1;0;1;Two year;0;Electronic check;4785;31475;331;248768;0,14;4,5;0,55;Platinum;24;Rural;54;1
2267-WTPYD;Female;1;1;1;1;Fiber optic;0;1;1;Month-to-month;0;Credit card (automatic);940;543895;222;150246;0,16;3,4;0,04;Gold;38;Urban;28;1
0270-THENM;Male;0;1;1;1;DSL;1;1;1;Two year;0;Bank transfer (automatic);6985;510235;181;249964;0,04;4,9;0,14;Silver;51;Urban;58;1
2446-PLQVO;Male;0;0;1;0;Fiber optic;0;0;0;Month-to-month;1;Electronic check;703;703;2;95583;0,27;3,8;0,51;Gold;38;Urban;23;1
4707-MAXGU;Male;0;1;1;1;0;No internet service;No internet service;No internet service;Two year;0;Credit card (automatic);2585;18722;412;162720;0,28;3,9;0,99;Silver;22;Urban;26;1
2710-WYVXG;Female;0;0;1;0;DSL;1;1;0;Two year;0;Mailed check;711;21335;16;235925;0,21;3,8;0,88;Bronze;34;Rural;50;1
3005-NFMTA;Male;1;0;1;1;Fiber optic;1;0;0;Month-to-month;1;Electronic check;988;561775;266;217181;0,01;3,6;0,34;Silver;38;Urban;25;0
6300-BWMJX;Female;0;1;1;1;Fiber optic;0;0;1;Month-to-month;0;Electronic check;9335;53865;231;139757;0,16;4,8;0,54;Silver;23;Urban;19;0
8784-CGILN;Female;0;0;1;1;Fiber optic;0;0;0;Month-to-month;1;Bank transfer (automatic);9985;177695;73;86659;0,19;3,7;0,55;Bronze;24;Urban;3;0
5389-FFVKB;Male;1;1;1;0;Fiber optic;0;0;0;Month-to-month;1;Credit card (automatic);803;248305;188;81238;0,03;4,2;0,69;Bronze;28;Suburban;21;1
7009-LGECI;Female;0;0;1;0;DSL;1;0;0;Month-to-month;1;Bank transfer (automatic);5055;23565;23;201270;0,03;3,5;0,69;Bronze;35;Urban;6;1
8444-WRIDW;Female;1;0;1;1;Fiber optic;0;1;0;Month-to-month;1;Credit card (automatic);8045;522435;188;199211;0,26;4,6;0,79;Silver;29;Suburban;56;1
5022-KVDQT;Male;0;0;1;1;Fiber optic;0;0;1;Month-to-month;1;Electronic check;813;22728;141;95064;0,02;4,5;0,02;Bronze;39;Urban;57;1
7976-CICYS;Male;0;0;1;0;0;No internet service;No internet service;No internet service;Month-to-month;1;Credit card (automatic);207;8375;11;242187;0,29;3,6;0,94;Gold;20;Rural;53;1
1036-GUDCL;Male;0;1;1;0;DSL;1;1;0;Month-to-month;1;Credit card (automatic);7905;46634;171;243024;0,18;4,4;0,07;Silver;36;Rural;17;0
2005-DWQZJ;Female;0;1;1;0;0;No internet service;No internet service;No internet service;Two year;0;Mailed check;1905;2017;37;216692;0,24;4,4;0,48;Bronze;40;Suburban;9;1
8148-WOCMK;Male;0;1;1;0;0;No internet service;No internet service;No internet service;Two year;0;Credit card (automatic);196;1250;28;179790;0,12;4,1;0,92;Gold;51;Suburban;30;0
7815-PDTHL;Male;0;0;1;0;0;No internet service;No internet service;No internet service;Two year;1;Mailed check;202;6844;200;182985;0,01;4,2;0,49;Silver;20;Urban;25;0
9451-LPGOO;Male;0;0;1;1;Fiber optic;0;0;0;Month-to-month;1;Electronic check;868;62035;16;124258;0,14;4,1;0,06;Bronze;40;Rural;54;1
9173-IVZVP;Female;0;1;1;0;0;No internet service;No internet service;No internet service;Two year;0;Mailed check;209;114605;214;215542;0,04;3,2;0,23;Gold;22;Suburban;46;1
9129-UXERG;Female;1;0;1;1;Fiber optic;0;1;0;Month-to-month;1;Credit card (automatic);1036;180635;102;233075;0,11;4,3;0,58;Bronze;46;Urban;44;0
3635-JBPSG;Female;0;0;0;No phone service;DSL;0;1;0;Two year;1;Mailed check;388;6030;84;238643;0,26;3,9;0,09;Gold;51;Urban;25;1
7964-ZRKKG;Male;0;1;1;1;Fiber optic;0;1;0;One year;1;Bank transfer (automatic);884;57983;175;104668;0,01;3,9;0,42;Silver;22;Urban;24;0
5868-YWPDW;Male;1;1;1;0;Fiber optic;0;1;0;Month-to-month;1;Electronic check;842;51915;20;157259;0,05;4,7;0,33;Bronze;46;Suburban;55;1
6229-LSCKB;Male;1;0;1;0;Fiber optic;0;0;0;Month-to-month;1;Electronic check;797;4976;26;192192;0,04;3;0,82;Silver;41;Urban;51;1
2025-JKFWI;Male;0;0;1;1;Fiber optic;0;0;0;Month-to-month;1;Mailed check;990;13017;34;176576;0,12;3,5;0,11;Bronze;38;Suburban;17;0
4078-SAYYN;Female;0;0;1;1;Fiber optic;0;0;1;Month-to-month;1;Electronic check;10075;112975;64;185481;0,03;3,2;0,68;Bronze;49;Suburban;23;1
1724-IQWNM;Male;0;0;1;0;0;No internet service;No internet service;No internet service;Month-to-month;1;Mailed check;193;193;5;191505;0,05;3,1;0,41;Bronze;22;Urban;53;1
8217-QYOHV;Male;0;0;1;0;DSL;1;0;0;Month-to-month;1;Mailed check;5575;26695;13;243118;0,04;3,6;0,59;Bronze;35;Rural;43;0
5546-QUERU;Male;0;0;1;0;0;No internet service;No internet service;No internet service;One year;1;Mailed check;1995;2570;32;85397;0,27;5;0,21;Gold;52;Suburban;14;1
9940-HPQPG;Female;0;1;1;1;Fiber optic;1;1;1;Month-to-month;0;Bank transfer (automatic);9175;8658;21;179925;0,26;3,5;0,61;Gold;33;Urban;7;1
6897-UUBNU;Male;0;0;1;0;Fiber optic;0;1;0;Month-to-month;0;Mailed check;8965;262365;163;163481;0,01;4,3;0,67;Gold;52;Rural;42;0
6127-IYJOZ;Male;1;0;1;0;DSL;0;0;0;Month-to-month;1;Mailed check;4585;4585;2;233305;0,23;3,2;0,07;Bronze;41;Suburban;24;1
6618-RYATB;Female;0;0;1;1;Fiber optic;0;0;1;Month-to-month;1;Mailed check;7955;7955;3;140308;0,02;4,2;0,82;Silver;53;Suburban;34;1
8930-XOTDP;Female;0;1;1;0;DSL;0;0;0;Month-to-month;0;Mailed check;5595;10828;68;81130;0,23;5;0,86;Bronze;22;Urban;23;1
5916-QEWPT;Female;0;1;1;0;DSL;0;0;1;Month-to-month;0;Credit card (automatic);690;1478;8;204293;0,15;3,6;0,06;Silver;26;Urban;45;0
5060-TQUQN;Male;0;1;1;1;Fiber optic;0;1;0;Month-to-month;1;Bank transfer (automatic);8355;25702;68;94071;0,03;4,7;0,06;Gold;21;Suburban;57;1
0531-XBKMM;Male;0;0;1;1;DSL;1;1;0;Two year;0;Bank transfer (automatic);657;43789;191;165517;0,01;5;0,59;Bronze;50;Suburban;39;0
8465-SBRXP;Male;0;1;1;1;Fiber optic;0;0;1;Two year;1;Bank transfer (automatic);949;361625;217;190240;0,07;4,2;0,01;Platinum;44;Urban;52;1
2408-PSJVE;Male;0;1;1;0;DSL;0;1;1;Month-to-month;1;Mailed check;619;292405;247;82118;0,12;3,6;0,34;Gold;39;Rural;37;0
9079-YEXQJ;Female;0;0;1;1;Fiber optic;0;1;1;Month-to-month;0;Electronic check;1111;601485;276;211735;0,13;4,3;0,97;Gold;28;Urban;20;0
9700-ZCLOT;Male;0;0;1;0;0;No internet service;No internet service;No internet service;Month-to-month;0;Mailed check;200;327;4;142408;0,28;4,7;0,56;Silver;22;Urban;53;1
8738-JOKAR;Female;0;0;1;0;DSL;1;1;0;One year;1;Mailed check;677;288225;138;131786;0,17;3,3;0,93;Gold;27;Suburban;0;1
4534-WGCIR;Female;0;1;1;1;0;No internet service;No internet service;No internet service;Two year;0;Credit card (automatic);2515;15099;261;161271;0,01;3,9;0,68;Platinum;20;Urban;25;0
1930-WNXSB;Male;0;1;1;0;Fiber optic;0;1;0;Month-to-month;1;Electronic check;9285;530505;179;99158;0,12;3,6;0,03;Gold;32;Urban;9;0
2685-SREOM;Female;0;1;1;1;Fiber optic;0;0;1;Month-to-month;1;Electronic check;891;23684;140;111087;0,12;3,6;0,08;Bronze;54;Rural;25;0
3508-CFVZL;Female;0;0;1;1;Fiber optic;1;1;1;Two year;0;Mailed check;1113;79859;322;168114;0,29;4,7;0,72;Silver;34;Suburban;1;1
0402-CQAJN;Female;0;0;1;1;Fiber optic;0;1;1;Month-to-month;1;Bank transfer (automatic);1019;354535;84;99874;0,18;3,8;0,55;Bronze;37;Suburban;39;0
6692-UDPJC;Female;0;1;1;1;Fiber optic;0;0;0;Month-to-month;1;Electronic check;9165;13010;78;163443;0,19;3,7;0,13;Platinum;21;Suburban;13;0
1273-MTETI;Female;1;0;1;1;Fiber optic;0;0;1;Month-to-month;1;Electronic check;8885;37245;23;120821;0,21;4,2;0,61;Platinum;51;Urban;32;1
0657-DOGUM;Female;0;1;1;1;DSL;1;0;0;One year;1;Bank transfer (automatic);606;298525;110;195675;0,23;3,4;0,81;Silver;51;Urban;56;1
5480-HPRRX;Female;1;0;0;No phone service;DSL;0;0;0;Month-to-month;0;Electronic check;253;7775;12;140582;0,19;3,5;0,75;Gold;48;Suburban;38;0
8792-AOROI;Female;0;1;1;0;DSL;1;0;0;Two year;0;Mailed check;655;56435;25;202603;0,07;4;0,25;Platinum;51;Urban;0;0
0295-PPHDO;Male;0;0;1;1;Fiber optic;0;0;0;Month-to-month;1;Electronic check;9545;9545;3;233859;0,26;3,8;0,26;Bronze;20;Suburban;29;1
5146-YYFRZ;Male;0;0;1;0;0;No internet service;No internet service;No internet service;Two year;0;Bank transfer (automatic);1995;131175;182;232777;0,22;3,6;0,97;Silver;45;Urban;36;1
1195-OIYEJ;Male;0;0;1;0;Fiber optic;0;0;0;Month-to-month;1;Electronic check;911;11357;56;149381;0,22;3,1;0,89;Silver;54;Urban;17;1
5906-CVLHP;Female;0;1;1;0;DSL;0;1;0;One year;1;Credit card (automatic);5415;23198;262;191800;0,03;4;0,32;Gold;46;Urban;29;1
3452-SRFEG;Male;0;0;1;1;Fiber optic;0;0;0;Month-to-month;1;Bank transfer (automatic);746;372035;196;210805;0,24;4,6;0,82;Bronze;32;Urban;26;1
4070-OKWVH;Female;0;1;1;1;Fiber optic;0;1;1;Month-to-month;0;Bank transfer (automatic);946;50258;121;162018;0,25;4,7;0,16;Gold;53;Rural;59;1
5297-MDOIR;Female;0;1;1;0;Fiber optic;1;0;1;One year;1;Credit card (automatic);8115;52245;282;180592;0,29;3,5;0,02;Silver;52;Urban;48;1
6369-MCAKO;Female;0;1;1;1;DSL;1;1;1;Two year;1;Bank transfer (automatic);8905;61858;228;171626;0,05;4,2;0,18;Bronze;27;Urban;48;1
4926-UMJZD;Female;0;1;1;0;DSL;0;0;0;Month-to-month;1;Mailed check;492;149855;168;166217;0,15;4,7;0,09;Bronze;34;Urban;29;0
6848-HJTXY;Female;0;1;1;0;0;No internet service;No internet service;No internet service;Two year;0;Credit card (automatic);1945;12086;239;243324;0,17;3,8;0,85;Bronze;47;Urban;44;0
6341-AEVKX;Female;0;1;1;0;Fiber optic;1;0;1;One year;1;Electronic check;1043;661365;171;152799;0,01;4,9;0,58;Bronze;25;Urban;52;1
4501-EQDRN;Female;0;0;1;0;Fiber optic;0;0;0;Month-to-month;0;Bank transfer (automatic);697;697;2;142185;0,25;4,8;0,26;Silver;40;Urban;35;1
2990-HWIML;Female;0;0;1;0;Fiber optic;0;0;0;Month-to-month;1;Electronic check;895;5733;30;121538;0,23;3,4;0,85;Silver;36;Suburban;20;1
0682-USIXD;Female;0;1;1;0;Fiber optic;0;0;0;Month-to-month;1;Electronic check;8605;18189;64;100343;0,22;3,5;0,08;Bronze;54;Suburban;53;1
6976-BWGLQ;Female;0;1;1;1;0;No internet service;No internet service;No internet service;Two year;0;Bank transfer (automatic);252;178735;364;200026;0,03;3,4;0,01;Silver;53;Suburban;15;1
7078-NVFAM;Female;0;1;0;No phone service;DSL;1;1;0;Month-to-month;1;Electronic check;3515;105105;90;133106;0,08;3,4;0,64;Silver;21;Suburban;16;1
8065-QBYTO;Female;1;0;1;1;Fiber optic;1;1;0;One year;1;Credit card (automatic);9965;718125;233;194322;0,22;4,8;0,72;Bronze;43;Urban;17;1
2133-TSRRM;Female;0;0;1;0;Fiber optic;1;1;1;Month-to-month;1;Bank transfer (automatic);10535;36886;131;161227;0,17;4,9;0,72;Silver;44;Suburban;33;0
7384-GHBPI;Male;0;1;0;No phone service;DSL;0;0;0;Month-to-month;1;Electronic check;3515;9975;17;236100;0,09;3,1;0,72;Gold;30;Urban;20;1
7603-USHJS;Male;0;0;1;1;Fiber optic;0;0;0;Month-to-month;1;Credit card (automatic);7375;8714;68;122135;0,05;4,2;0,17;Bronze;51;Urban;11;0
7234-FECYN;Female;1;0;1;1;Fiber optic;0;0;1;Month-to-month;0;Electronic check;10135;7805;22;242138;0,27;4,1;0,32;Bronze;50;Urban;30;1
2511-ALLCS;Female;0;1;1;1;0;No internet service;No internet service;No internet service;Two year;0;Bank transfer (automatic);243;8216;120;199599;0,18;3,8;0,84;Platinum;43;Urban;9;0
3191-CSNMG;Female;0;1;1;0;Fiber optic;0;0;0;Month-to-month;1;Electronic check;807;23945;7;163470;0,25;4,3;0,09;Gold;37;Urban;40;1
7952-OBOYL;Male;0;0;1;0;Fiber optic;0;0;1;Month-to-month;1;Mailed check;8985;24445;12;100910;0,16;4,9;0,28;Silver;25;Urban;54;1
7470-DYNOE;Male;0;0;1;0;DSL;0;0;1;One year;1;Electronic check;611;33579;203;218213;0,07;3,3;0,02;Silver;33;Rural;57;1
7853-OETYL;Female;0;1;0;No phone service;DSL;1;0;0;Month-to-month;1;Electronic check;2905;1296;22;125950;0,01;3,2;0,86;Gold;22;Suburban;3;1
1545-ACTAS;Female;0;1;1;0;Fiber optic;1;0;1;One year;1;Bank transfer (automatic);997;49772;274;96225;0,11;3,1;0,38;Gold;51;Urban;14;1
5876-HZVZM;Female;0;1;1;0;DSL;1;1;0;Month-to-month;0;Credit card (automatic);559;36535;21;112959;0,29;3,7;0,33;Bronze;44;Urban;52;1
1400-MMYXY;Male;1;1;1;1;Fiber optic;0;1;1;Month-to-month;1;Electronic check;1059;33465;11;129192;0;3,7;0,35;Silver;53;Urban;58;1
5126-RCXYW;Male;0;1;0;No phone service;DSL;0;0;1;Two year;0;Credit card (automatic);460;242405;301;159711;0,03;3,9;0,42;Silver;21;Urban;54;1
3085-QUOZK;Female;0;0;1;0;DSL;0;0;0;Month-to-month;0;Mailed check;4395;4395;5;221123;0,29;4;0,38;Bronze;24;Suburban;41;1
2363-BJLSL;Male;0;0;1;0;DSL;0;1;1;Month-to-month;1;Bank transfer (automatic);804;498115;124;83449;0,03;4,5;0,57;Platinum;54;Suburban;40;1
1956-YIFGE;Male;0;1;1;0;Fiber optic;0;1;1;One year;1;Mailed check;10005;209025;72;184213;0,14;3,8;0,08;Silver;53;Urban;27;0
3926-CUQZX;Male;0;0;1;0;DSL;0;0;0;Month-to-month;1;Bank transfer (automatic);451;451;3;240262;0,29;3,7;0,97;Bronze;41;Urban;57;1
7921-LMDFQ;Male;1;0;1;0;Fiber optic;0;0;1;One year;1;Bank transfer (automatic);940;490575;148;180245;0,12;4,7;0,94;Platinum;32;Rural;6;0
2925-MXLSX;Female;0;0;1;1;DSL;0;1;1;One year;1;Credit card (automatic);6895;20387;83;177069;0,01;4,7;0,93;Bronze;23;Urban;10;0
5820-PTRYM;Female;1;1;1;1;DSL;1;1;1;One year;1;Credit card (automatic);6845;40140;120;237213;0,07;3,5;0,88;Bronze;43;Urban;28;0
9609-BENEA;Male;0;1;1;1;DSL;0;1;0;One year;1;Electronic check;690;24417;160;103908;0,28;3,6;0,66;Silver;43;Urban;33;1
6211-WHMYA;Female;1;0;0;No phone service;DSL;0;1;0;Month-to-month;1;Electronic check;4385;27510;195;184847;0;4,7;0,22;Bronze;42;Urban;51;1
4459-BBGHE;Male;0;0;0;No phone service;DSL;0;0;0;Month-to-month;1;Electronic check;445;13078;66;200910;0,16;3,2;0,05;Gold;50;Suburban;57;1
9945-PSVIP;Female;0;1;1;0;0;No internet service;No internet service;No internet service;Two year;1;Mailed check;187;38365;73;243394;0,02;3,7;0,01;Bronze;20;Suburban;51;1
1041-RXHRA;Female;0;0;1;0;Fiber optic;0;0;0;Month-to-month;0;Bank transfer (automatic);7025;286805;213;94012;0,09;3,9;0,32;Bronze;26;Urban;29;0
1750-CSKKM;Male;0;0;1;0;DSL;0;0;0;Month-to-month;0;Electronic check;5535;44975;48;245961;0,03;3,4;0,05;Bronze;54;Urban;26;1
9108-EJFJP;Female;0;1;1;0;DSL;1;1;0;Month-to-month;1;Mailed check;5355;5355;3;97412;0,26;3,4;0,99;Gold;47;Suburban;24;1
0530-IJVDB;Male;0;0;1;1;Fiber optic;1;1;1;Two year;1;Electronic check;1146;78825;256;190030;0,18;3,8;0,44;Bronze;44;Urban;55;1
0508-SQWPL;Female;0;1;1;0;0;No internet service;No internet service;No internet service;Two year;1;Bank transfer (automatic);201;10877;336;104657;0,27;4,5;0,52;Silver;30;Urban;47;1
2215-ZAFGX;Male;0;0;1;1;Fiber optic;0;0;0;Month-to-month;1;Electronic check;855;7917;25;85656;0,21;4,7;0,07;Gold;40;Rural;37;1
8213-TAZPM;Female;0;1;1;1;Fiber optic;0;1;1;One year;1;Bank transfer (automatic);10875;749305;197;220039;0,29;5;0,18;Platinum;20;Suburban;39;1
7142-HVGBG;Male;1;1;1;1;Fiber optic;0;1;1;Month-to-month;1;Electronic check;1030;44143;136;226836;0,15;3,1;0,93;Gold;40;Suburban;22;1
1304-SEGFY;Female;0;1;1;1;Fiber optic;0;0;1;Two year;1;Electronic check;9785;68413;193;95873;0,19;3,4;0,53;Silver;52;Suburban;55;1
7242-EDTYC;Male;0;0;1;0;0;No internet service;No internet service;No internet service;Two year;0;Bank transfer (automatic);1955;81995;154;174485;0,17;4,5;0,28;Silver;41;Urban;28;0
2904-GGUAZ;Female;0;1;1;1;Fiber optic;1;1;0;Two year;1;Bank transfer (automatic);8405;605225;406;189383;0,15;4,1;0,94;Silver;54;Rural;54;1
8267-ZNYVZ;Female;0;1;1;0;Fiber optic;1;0;1;One year;1;Electronic check;10375;336105;147;81607;0,25;3,7;0,63;Gold;29;Urban;49;1
5136-GFPMB;Male;0;0;1;1;Fiber optic;0;0;1;Month-to-month;0;Credit card (automatic);894;48695;196;230595;0,19;3,4;0,48;Gold;37;Urban;10;1
2595-KIWPV;Male;0;0;1;0;0;No internet service;No internet service;No internet service;Two year;0;Credit card (automatic);197;5093;154;128447;0,24;3,6;0,58;Platinum;35;Urban;59;1
5243-SAOTC;Male;0;0;1;1;Fiber optic;0;1;0;Month-to-month;1;Bank transfer (automatic);7985;430825;118;129757;0,24;3,9;0,75;Gold;24;Urban;53;1
9398-MMQTO;Male;0;0;1;0;Fiber optic;0;1;0;Month-to-month;0;Credit card (automatic);7445;2211;8;149201;0,06;3,4;0,15;Bronze;43;Urban;3;1
7619-PLRLP;Female;0;1;1;1;DSL;1;1;1;One year;0;Bank transfer (automatic);741;383395;225;208765;0,02;4,9;0,86;Gold;29;Urban;35;0
6457-GIRWB;Male;0;0;1;0;Fiber optic;0;0;0;Month-to-month;1;Electronic check;6935;6935;4;85462;0,06;3,2;0,96;Gold;51;Urban;30;1
6508-NJYRO;Male;0;1;1;0;0;No internet service;No internet service;No internet service;One year;0;Mailed check;188;29495;32;196832;0,17;5;0,57;Gold;49;Urban;9;0
1450-SKCVI;Female;0;0;1;0;Fiber optic;0;1;0;Month-to-month;1;Electronic check;7385;409285;202;242867;0,02;4,7;0,68;Platinum;47;Urban;53;1
4710-NKCAW;Male;0;1;1;1;DSL;1;1;0;Month-to-month;0;Credit card (automatic);644;3169;22;128465;0,03;3,8;0,86;Silver;19;Urban;15;1
5306-BVTKJ;Male;0;1;1;0;DSL;0;1;1;One year;1;Credit card (automatic);558;26512;230;170027;0,01;4,5;0,37;Silver;25;Urban;55;1
0357-NVCRI;Female;0;0;1;0;0;No internet service;No internet service;No internet service;Month-to-month;0;Credit card (automatic);2005;4717;113;130528;0,03;4,3;0,99;Bronze;50;Urban;52;1
5570-PTWEH;Female;0;1;1;1;Fiber optic;0;0;0;Month-to-month;1;Credit card (automatic);7515;21675;9;116230;0,02;3,4;0,68;Silver;47;Urban;29;1
2371-KFUOG;Male;0;0;1;0;Fiber optic;1;1;0;One year;0;Bank transfer (automatic);9915;572095;137;128242;0,12;3,7;0,42;Silver;45;Urban;34;0
0463-ZSDNT;Male;0;0;1;0;DSL;0;0;0;Month-to-month;1;Bank transfer (automatic);5675;50325;37;194688;0,25;4;0,68;Platinum;30;Urban;43;1
6502-MJQAE;Male;0;0;1;0;Fiber optic;0;0;0;Month-to-month;1;Electronic check;696;696;2;81783;0,25;4,3;0,52;Platinum;41;Urban;16;1
6257-DTAYD;Male;0;1;1;1;Fiber optic;0;1;0;Two year;1;Credit card (automatic);10415;73653;411;108390;0,22;4,1;0,11;Gold;50;Urban;4;1
4616-ULAOA;Female;0;1;1;1;Fiber optic;0;1;1;Two year;1;Credit card (automatic);1108;72459;253;219489;0,27;3,9;0,08;Bronze;22;Rural;2;1
7693-LCKZL;Male;0;1;1;1;Fiber optic;0;1;0;Month-to-month;1;Electronic check;8015;3850;16;152102;0,01;3,9;0,56;Silver;23;Urban;15;0
7746-AWNQW;Female;0;0;0;No phone service;DSL;0;0;1;Month-to-month;1;Mailed check;3575;9614;141;97426;0,03;4;0,08;Silver;21;Suburban;50;1
5996-EBTKM;Female;0;1;1;1;DSL;0;0;1;Two year;1;Bank transfer (automatic);699;46159;267;110750;0,02;3,9;0,15;Bronze;51;Suburban;3;0
2758-RNWXS;Male;0;0;1;0;Fiber optic;1;0;0;One year;1;Electronic check;892;32513;113;138188;0,26;4,1;0,54;Bronze;46;Urban;8;1
2314-TNDJQ;Female;0;1;0;No phone service;DSL;1;1;1;Two year;0;Credit card (automatic);5565;388005;377;90872;0,22;4,8;0,77;Gold;38;Urban;3;1
2405-LBMUW;Female;0;1;0;No phone service;DSL;1;1;0;One year;1;Bank transfer (automatic);507;308875;333;174231;0,21;4,3;0,99;Bronze;43;Suburban;20;1
3454-JFUBC;Male;1;0;1;0;0;No internet service;No internet service;No internet service;Two year;1;Credit card (automatic);200;13960;319;209860;0,01;4,4;0,88;Bronze;49;Urban;9;0
0032-PGELS;Female;0;1;0;No phone service;DSL;1;0;0;Month-to-month;0;Bank transfer (automatic);305;305;2;146770;0,11;4,2;0,86;Silver;39;Suburban;52;1
9039-ZVJDC;Male;0;0;1;0;0;No internet service;No internet service;No internet service;Month-to-month;1;Mailed check;191;5305;12;204158;0,29;4,3;0,25;Platinum;31;Suburban;30;1
6797-LNAQX;Male;0;1;1;1;Fiber optic;0;1;0;Two year;0;Bank transfer (automatic);983;68595;353;163514;0,02;4,2;0,84;Gold;51;Urban;16;0
9013-AQORL;Female;0;0;0;No phone service;DSL;0;1;1;Month-to-month;0;Credit card (automatic);4555;210835;122;172663;0,23;3,1;0,17;Platinum;54;Urban;15;1
2898-MRKPI;Male;0;1;1;1;Fiber optic;0;1;0;One year;1;Credit card (automatic);10105;67705;198;245792;0,09;5;0,02;Gold;18;Urban;38;0
2750-BJLSB;Female;0;0;1;0;Fiber optic;1;0;1;One year;1;Electronic check;1037;47306;259;229151;0,01;3,1;0,11;Silver;49;Urban;46;1
3648-GZPHF;Male;0;1;0;No phone service;DSL;0;0;1;One year;1;Mailed check;3625;115105;66;228410;0,22;3,8;0,86;Platinum;49;Urban;49;1
2075-RMJIK;Female;0;1;1;0;DSL;1;0;0;Month-to-month;1;Mailed check;494;23255;25;214363;0,01;3,2;0,11;Silver;41;Urban;5;1
9588-YRFHY;Male;0;0;1;0;0;No internet service;No internet service;No internet service;Two year;1;Credit card (automatic);199;10226;190;192808;0,22;3,2;0,14;Bronze;38;Urban;29;1
6394-MFYNG;Female;0;0;1;1;Fiber optic;0;1;1;Month-to-month;1;Bank transfer (automatic);1074;51213;181;190091;0,21;4,6;0,25;Silver;29;Rural;14;1
1564-NTYXF;Female;1;0;1;1;Fiber optic;0;0;0;Month-to-month;1;Electronic check;820;11272;26;179272;0,16;3,9;0,57;Gold;37;Suburban;42;0
9364-YKUVW;Male;0;0;1;0;0;No internet service;No internet service;No internet service;Month-to-month;1;Mailed check;198;3094;79;129393;0,23;4,6;0,88;Platinum;54;Urban;51;1
5392-AKEMH;Female;0;0;1;0;DSL;0;0;0;Month-to-month;1;Electronic check;4505;5231;41;173558;0,17;3,5;0,42;Bronze;37;Urban;30;0
2451-YMUXS;Male;1;0;1;1;DSL;1;1;0;Two year;1;Bank transfer (automatic);6455;42501;278;149770;0,09;3,5;0,55;Silver;19;Urban;29;0
3914-FDRHP;Male;0;0;1;0;Fiber optic;0;0;0;Month-to-month;0;Electronic check;8625;7705;42;106720;0,22;3,5;0,17;Gold;31;Suburban;36;1
3078-ZKNTS;Female;0;1;1;0;0;No internet service;No internet service;No internet service;Two year;1;Bank transfer (automatic);1975;2467;62;93368;0,18;4,2;0,27;Bronze;34;Urban;15;0
1024-KPRBB;Female;0;0;1;0;Fiber optic;0;0;0;One year;1;Mailed check;891;33420;221;127969;0;4,6;0,13;Gold;41;Urban;43;0
4690-PKDQG;Female;1;1;1;1;Fiber optic;0;1;1;Month-to-month;1;Electronic check;9555;39306;173;128838;0,27;3,9;0,41;Silver;47;Suburban;52;1
8155-IBNHG;Female;0;1;1;1;Fiber optic;0;0;0;Month-to-month;1;Credit card (automatic);754;174785;86;88734;0,16;3,8;0,59;Bronze;32;Urban;35;0
0886-QGENL;Female;1;1;1;0;Fiber optic;1;0;1;Month-to-month;1;Electronic check;10125;275445;156;187187;0,26;4,9;0,28;Silver;51;Urban;1;1
9547-ITEFG;Male;0;1;1;1;Fiber optic;0;1;1;Month-to-month;1;Credit card (automatic);1026;89775;41;179329;0,26;3,2;0,85;Silver;25;Rural;27;1
1264-FUHCX;Female;0;1;0;No phone service;DSL;0;1;0;One year;1;Credit card (automatic);563;27806;156;223269;0,13;4;0,98;Gold;20;Urban;47;1
7789-CRUVC;Female;1;1;1;1;Fiber optic;1;1;1;Month-to-month;1;Credit card (automatic);942;589545;152;148895;0,15;3,8;0,12;Platinum;28;Suburban;39;0
6598-KELSS;Male;0;0;0;No phone service;DSL;1;1;0;One year;1;Bank transfer (automatic);4305;220805;268;200424;0,12;3,2;0,02;Silver;44;Rural;16;1
8739-WWKDU;Male;1;0;1;1;Fiber optic;0;1;0;Month-to-month;1;Electronic check;895;219615;86;181255;0,13;3,5;0,79;Gold;26;Urban;40;0
8685-WHQPW;Female;1;0;1;1;Fiber optic;0;0;0;Month-to-month;1;Bank transfer (automatic);744;16926;102;138073;0,27;3,1;0,19;Gold;32;Suburban;37;1
4745-LSPLO;Male;0;0;1;0;0;No internet service;No internet service;No internet service;Month-to-month;0;Mailed check;205;205;3;95624;0,24;4,8;0,35;Bronze;49;Urban;35;1
8083-YTZES;Male;0;0;1;1;Fiber optic;0;0;0;Month-to-month;1;Electronic check;7435;26535;11;104315;0,04;4,2;0,39;Silver;28;Suburban;31;0
7240-FQLHE;Female;1;1;1;1;Fiber optic;0;0;0;Month-to-month;0;Bank transfer (automatic);9975;183625;79;97422;0,18;4,6;0,92;Silver;20;Urban;53;1
6664-FPDAC;Female;1;0;1;1;Fiber optic;0;1;1;One year;1;Electronic check;11195;64189;125;152663;0,03;4;0,66;Bronze;43;Rural;58;1
9972-VAFJJ;Female;1;1;1;0;Fiber optic;0;1;1;One year;1;Electronic check;940;487145;193;181216;0,18;4,2;0,04;Bronze;24;Suburban;24;0
0422-UXFAP;Female;0;1;1;1;Fiber optic;0;0;1;One year;1;Electronic check;9885;494755;213;112743;0,24;4,4;0,01;Platinum;45;Suburban;12;1
1904-WAJAA;Female;0;1;1;1;DSL;1;1;1;Two year;0;Electronic check;6435;155865;89;226708;0,23;4,8;0,02;Silver;21;Suburban;13;1
5130-YPIRV;Female;0;1;1;0;DSL;1;1;1;Two year;1;Credit card (automatic);720;42842;309;90108;0,11;3,2;0,32;Bronze;47;Urban;43;1
2843-CQMEG;Male;0;0;1;0;DSL;0;1;0;Month-to-month;1;Mailed check;497;121825;127;116180;0,11;3,7;0,48;Bronze;31;Urban;59;1
6439-PKTRR;Female;0;1;1;1;DSL;1;1;1;Two year;0;Electronic check;807;561795;355;98883;0,22;4,4;0,84;Bronze;53;Urban;24;1
5351-QESIO;Male;0;0;0;No phone service;DSL;0;0;0;Month-to-month;0;Mailed check;242;242;2;124400;0,15;4,9;0,31;Silver;48;Urban;34;1
0786-VSSUD;Male;1;0;0;No phone service;DSL;0;1;0;Month-to-month;1;Mailed check;390;67985;44;127951;0,17;5;0,38;Bronze;36;Suburban;28;0
5568-DMXZS;Female;0;0;1;0;DSL;0;1;0;Month-to-month;1;Electronic check;6545;55445;33;218232;0,21;4,3;0,33;Bronze;29;Suburban;14;1
8468-FZTOE;Female;0;1;1;0;DSL;1;1;1;Two year;1;Electronic check;7435;52374;413;135262;0,23;3,4;0,01;Bronze;32;Urban;14;1
6633-SYEUS;Female;0;0;1;0;Fiber optic;0;1;1;Month-to-month;0;Bank transfer (automatic);832;20323;122;231001;0,08;3,2;0,96;Silver;26;Urban;46;1
6447-GORXK;Male;0;0;0;No phone service;DSL;0;0;0;Month-to-month;0;Credit card (automatic);250;7892;166;163133;0,04;4,9;0,14;Bronze;44;Suburban;46;1
6967-PEJLL;Male;0;1;0;No phone service;DSL;1;0;1;One year;1;Electronic check;402;152535;118;222195;0,09;3,9;0,29;Bronze;37;Urban;39;0
3976-BWUCK;Female;0;1;1;1;Fiber optic;0;1;0;Month-to-month;1;Credit card (automatic);941;280445;111;195106;0,15;3,4;0,13;Bronze;45;Suburban;16;1
5981-ZVXOT;Female;1;0;1;1;Fiber optic;1;1;1;One year;1;Electronic check;10835;372615;135;239429;0,01;4,9;0,49;Bronze;42;Urban;24;0
1684-FLBGS;Female;0;1;1;1;DSL;0;1;0;Month-to-month;1;Credit card (automatic);695;16521;60;150496;0,17;3,2;0,93;Bronze;33;Urban;22;1
1389-WNUIB;Female;0;1;1;1;DSL;1;0;0;One year;0;Bank transfer (automatic);760;158875;42;244628;0,02;4,5;0,01;Silver;35;Suburban;45;0
0376-OIWME;Male;0;1;1;0;Fiber optic;1;0;0;Month-to-month;1;Electronic check;936;336605;208;141934;0,15;4,3;0,44;Silver;53;Urban;31;0
3585-ISXZP;Female;0;0;1;1;Fiber optic;0;0;0;Month-to-month;0;Bank transfer (automatic);9565;7781;23;158886;0,11;3,2;0,02;Bronze;21;Urban;57;1
0218-QNVAS;Male;0;1;1;1;Fiber optic;0;1;0;One year;0;Bank transfer (automatic);10055;711375;210;110881;0,16;3,7;0,77;Gold;38;Suburban;30;0
6583-QGCSI;Female;1;1;1;1;Fiber optic;0;1;0;Month-to-month;1;Electronic check;8805;436735;116;98409;0,13;3,3;0,64;Silver;44;Urban;22;1
0804-YGEQV;Female;0;1;1;1;0;No internet service;No internet service;No internet service;One year;1;Bank transfer (automatic);2445;99315;245;178171;0,09;4,2;0,07;Bronze;18;Urban;37;0
7164-BPTUT;Male;0;0;1;1;DSL;1;1;1;Two year;0;Mailed check;8955;501235;246;241729;0,27;4;0,47;Bronze;22;Rural;16;1
4174-LPGTI;Female;0;1;1;0;DSL;0;1;0;One year;1;Bank transfer (automatic);665;27286;191;128951;0,06;3;0,91;Platinum;27;Suburban;28;1
2523-EWWZL;Female;0;1;1;0;Fiber optic;0;1;0;Month-to-month;1;Electronic check;761;20934;152;88752;0,02;5;0,41;Platinum;38;Urban;1;0
0928-XUTSN;Female;0;0;1;0;Fiber optic;0;0;0;Month-to-month;1;Electronic check;805;10118;43;197339;0,28;3,7;0,51;Bronze;27;Urban;10;1
2108-XWMPY;Male;0;0;0;No phone service;DSL;1;1;0;Month-to-month;1;Mailed check;3545;10685;13;224512;0,16;3,5;0,07;Bronze;43;Suburban;15;0
0052-YNYOT;Female;0;0;1;0;0;No internet service;No internet service;No internet service;One year;0;Electronic check;2055;13434;144;124864;0,26;3,4;0,52;Silver;33;Urban;50;1
6304-IJFSQ;Male;0;0;1;0;DSL;0;1;0;Month-to-month;1;Mailed check;499;1301;8;152035;0,04;3,3;0,19;Silver;20;Urban;16;1
9586-JGQKH;Female;0;1;1;1;Fiber optic;0;1;0;Two year;1;Bank transfer (automatic);1054;679475;340;166675;0,15;5;0,32;Silver;37;Urban;20;0
4501-VCPFK;Male;0;0;0;No phone service;DSL;0;0;1;Month-to-month;0;Electronic check;3575;10225;131;102343;0,14;3,6;0,09;Silver;22;Urban;58;1
6075-SLNIL;Male;0;0;1;1;Fiber optic;0;1;1;Month-to-month;1;Credit card (automatic);951;36912;129;99673;0;3,8;0,43;Bronze;23;Urban;20;0
9347-AERRL;Male;0;1;1;0;0;No internet service;No internet service;No internet service;One year;0;Credit card (automatic);193;4862;80;175024;0,13;4,7;0,61;Bronze;42;Suburban;5;0
0093-XWZFY;Male;0;0;1;1;Fiber optic;0;1;1;Month-to-month;1;Credit card (automatic);1045;403685;165;106520;0,11;4,3;0,12;Silver;42;Urban;45;0
2274-XUATA;Male;1;1;0;No phone service;DSL;1;1;1;Two year;1;Bank transfer (automatic);631;468555;144;95784;0,02;3,7;0,63;Platinum;29;Urban;44;0
1980-KXVPM;Female;1;0;1;1;Fiber optic;0;0;0;Month-to-month;1;Credit card (automatic);7505;25625;8;197446;0,28;4,8;0,89;Bronze;18;Urban;22;1
7703-ZEKEF;Male;0;0;1;1;Fiber optic;0;0;1;Month-to-month;1;Electronic check;810;19171;65;118079;0,03;4,5;0,34;Gold;20;Suburban;57;1
0723-DRCLG;Female;1;1;1;1;Fiber optic;0;0;0;Month-to-month;1;Electronic check;7445;7445;3;124220;0,01;3,5;0,22;Silver;38;Urban;56;1
5482-NUPNA;Female;0;0;1;0;DSL;1;1;0;Month-to-month;1;Mailed check;604;27215;20;231563;0,13;4,3;0,89;Bronze;22;Urban;31;0
6691-CCIHA;Female;0;1;1;1;DSL;1;1;0;Two year;1;Electronic check;8495;515055;193;192878;0,14;4,8;0,69;Gold;32;Urban;38;0
1685-BQULA;Female;0;0;1;1;Fiber optic;0;1;1;Month-to-month;1;Bank transfer (automatic);934;37564;110;196583;0,23;4;0,11;Silver;21;Urban;44;1
9053-EJUNL;Male;0;0;1;1;Fiber optic;0;1;0;Month-to-month;1;Electronic check;892;364575;164;128720;0,13;4,5;0,41;Silver;36;Urban;37;0
0666-UXTJO;Male;1;1;1;0;Fiber optic;0;0;1;Month-to-month;1;Credit card (automatic);852;287445;185;94718;0,01;4,9;0,67;Silver;34;Urban;28;0
1471-GIQKQ;Female;0;0;1;0;DSL;0;1;0;Month-to-month;0;Electronic check;4995;4995;2;246669;0,21;4,4;0,57;Bronze;25;Urban;30;1
4807-IZYOZ;Female;0;0;1;0;0;No internet service;No internet service;No internet service;Two year;0;Bank transfer (automatic);2065;102075;118;141217;0,27;3,2;0,62;Silver;54;Rural;24;1
1122-JWTJW;Male;0;1;1;0;Fiber optic;0;0;0;Month-to-month;1;Mailed check;7065;7065;3;180668;0,15;3,5;0,57;Silver;41;Suburban;1;1
9710-NJERN;Female;0;0;1;0;0;No internet service;No internet service;No internet service;Two year;0;Mailed check;2015;8260;194;237904;0,17;4,2;0,08;Bronze;21;Suburban;21;0
9837-FWLCH;Male;0;1;1;0;0;No internet service;No internet service;No internet service;Month-to-month;1;Electronic check;192;2390;50;223936;0,05;3,6;0,32;Silver;41;Urban;36;0
1699-HPSBG;Male;0;0;1;0;DSL;0;0;0;One year;1;Electronic check;598;7278;63;168378;0,07;4,9;0,71;Bronze;36;Suburban;43;0
7203-OYKCT;Male;0;0;1;1;Fiber optic;0;1;1;One year;1;Electronic check;10495;75443;420;88177;0,07;3,8;0,99;Bronze;41;Urban;14;0
1035-IPQPU;Female;1;1;1;1;Fiber optic;0;1;1;Month-to-month;1;Electronic check;1035;64794;325;202318;0,13;3,9;0,39;Gold;38;Urban;5;0
7398-LXGYX;Male;0;1;1;1;Fiber optic;1;0;1;Month-to-month;1;Credit card (automatic);848;362635;194;191145;0,28;4,4;0,79;Bronze;34;Urban;57;1
2823-LKABH;Female;0;0;1;1;Fiber optic;0;0;1;Month-to-month;1;Bank transfer (automatic);9505;16794;71;222916;0,16;4;0,25;Silver;25;Suburban;32;0
8775-CEBBJ;Female;0;0;1;0;DSL;0;0;0;Month-to-month;1;Bank transfer (automatic);442;40335;19;93418;0,06;3,8;0,28;Platinum;48;Urban;10;0
0550-DCXLH;Male;0;0;1;0;DSL;0;1;0;Month-to-month;0;Mailed check;7335;93155;77;245926;0,08;3,2;0,93;Bronze;36;Urban;52;1
9281-CEDRU;Female;0;1;1;0;DSL;0;1;0;Two year;0;Bank transfer (automatic);641;432625;240;168075;0,12;4,2;0,03;Silver;28;Rural;11;0
2235-DWLJU;Female;1;0;0;No phone service;DSL;0;0;0;Month-to-month;1;Electronic check;444;26305;15;145227;0,19;4,7;0,22;Silver;40;Urban;23;0
0871-OPBXW;Female;0;0;1;0;0;No internet service;No internet service;No internet service;Month-to-month;1;Mailed check;2005;3925;9;223907;0,13;4,4;0,48;Silver;54;Urban;2;0
3605-JISKB;Male;1;1;1;1;DSL;1;1;0;One year;0;Credit card (automatic);600;33161;172;97533;0,12;3,8;0,04;Silver;45;Urban;29;0
6894-LFHLY;Male;1;0;1;1;Fiber optic;0;0;0;Month-to-month;1;Electronic check;7575;7575;4;181457;0,17;3,3;0,63;Silver;40;Urban;18;1
9767-FFLEM;Male;0;0;1;0;Fiber optic;0;0;0;Month-to-month;1;Credit card (automatic);695;262525;165;187504;0,07;4,6;0,19;Bronze;29;Suburban;44;0
0639-TSIQW;Female;0;0;1;1;Fiber optic;1;1;1;Month-to-month;1;Credit card (automatic);10295;688625;253;221295;0,02;4,9;0,07;Bronze;33;Urban;42;0
8456-QDAVC;Male;0;0;1;0;Fiber optic;0;0;0;Month-to-month;1;Bank transfer (automatic);787;14951;101;204202;0,01;3,8;0,37;Gold;33;Urban;54;1
7750-EYXWZ;Female;0;0;0;No phone service;DSL;0;1;1;One year;0;Electronic check;6065;7433;36;90273;0,08;4,5;0,52;Bronze;31;Urban;6;0
2569-WGERO;Female;0;0;1;0;0;No internet service;No internet service;No internet service;Two year;1;Bank transfer (automatic);2115;14194;273;113519;0,03;3,8;0,56;Gold;24;Urban;11;0
6840-RESVB;Male;0;1;1;1;DSL;1;0;1;One year;1;Mailed check;848;19905;99;235232;0,01;4;0,06;Gold;38;Urban;49;1
2234-XADUH;Female;0;1;1;1;Fiber optic;0;1;1;One year;1;Credit card (automatic);1032;73629;335;207024;0,23;4,7;0,55;Bronze;38;Urban;28;1
4801-JZAZL;Female;0;1;0;No phone service;DSL;1;0;0;Month-to-month;1;Electronic check;296;34645;56;204540;0,21;3,2;0,25;Bronze;52;Rural;47;1
8361-LTMKD;Male;1;1;1;1;Fiber optic;0;0;0;Month-to-month;1;Mailed check;744;3066;14;221420;0,18;4,1;0,76;Bronze;41;Urban;7;0
3186-AJIEK;Male;0;0;1;0;Fiber optic;1;0;1;Two year;1;Bank transfer (automatic);10565;68445;302;163460;0,26;3,4;0,09;Silver;18;Suburban;20;1
